,user,year,books_read,pages_read,average
0,0,2023,4,1339,3.67
1,0,2024,1,253,0.69
2,0,2025,104,35223,96.5
3,1,2025,3,1254,3.44
4,2,2017,16,4717,12.92
5,2,2018,18,6328,17.34
6,2,2019,20,7518,20.6
7,2,2020,33,10910,29.89
8,2,2021,36,12616,34.56
9,2,2022,41,13268,36.35
10,2,2023,36,10021,27.45
11,2,2024,41,11297,30.95
12,2,2025,34,10778,29.53
13,3,2019,1,384,1.05
14,3,2020,0,0,0.0
15,3,2021,0,0,0.0
16,3,2022,63,25589,70.11
17,3,2023,51,22161,60.72
18,3,2024,67,20374,55.82
19,3,2025,93,28649,78.49
20,4,2023,6,2353,6.45
21,4,2024,13,4209,11.53
22,4,2025,55,18515,50.73
23,5,2022,27,10257,28.1
24,5,2023,26,11397,31.22
25,5,2024,31,12969,35.53
26,5,2025,32,13425,36.78
27,6,2013,7,2521,6.91
28,6,2014,0,0,0.0
29,6,2015,2,761,2.08
30,6,2016,3,1117,3.06
31,6,2017,1,225,0.62
32,6,2018,0,0,0.0
33,6,2019,0,0,0.0
34,6,2020,29,10098,27.67
35,6,2021,47,17481,47.89
36,6,2022,5,1497,4.1
37,6,2023,99,32233,88.31
38,6,2024,104,34083,93.38
39,6,2025,101,34199,93.7
40,7,2022,55,19742,54.09
41,7,2023,74,23629,64.74
42,7,2024,72,24460,67.01
43,7,2025,92,25030,68.58
44,8,2024,36,13000,35.62
45,8,2025,329,120356,329.74
46,9,2010,5,1886,5.17
47,9,2011,0,0,0.0
48,9,2012,0,0,0.0
49,9,2013,0,0,0.0
50,9,2014,0,0,0.0
51,9,2015,0,0,0.0
52,9,2016,0,0,0.0
53,9,2017,0,0,0.0
54,9,2018,0,0,0.0
55,9,2019,7,2759,7.56
56,9,2020,56,22625,61.99
57,9,2021,69,27638,75.72
58,9,2022,79,30130,82.55
59,9,2023,113,39981,109.54
60,9,2024,69,27437,75.17
61,9,2025,52,19817,54.29
62,10,2023,45,16169,44.3
63,10,2024,23,7992,21.9
64,10,2025,32,11227,30.76
65,11,2024,1,565,1.55
66,11,2025,50,22222,60.88
67,12,2022,50,13683,37.49
68,12,2023,130,33596,92.04
69,12,2024,132,34413,94.28
70,12,2025,168,43148,118.21
71,13,2020,171,52181,142.96
72,13,2021,134,47428,129.94
73,13,2022,131,39453,108.09
74,13,2023,253,76046,208.35
75,13,2024,400,134432,368.31
76,13,2025,326,133543,365.87
77,14,2023,89,34814,95.38
78,14,2024,82,37298,102.19
79,14,2025,101,41969,114.98
80,15,2010,1,320,0.88
81,15,2011,0,0,0.0
82,15,2012,0,0,0.0
83,15,2013,0,0,0.0
84,15,2014,0,0,0.0
85,15,2015,0,0,0.0
86,15,2016,0,0,0.0
87,15,2017,0,0,0.0
88,15,2018,0,0,0.0
89,15,2019,0,0,0.0
90,15,2020,1,416,1.14
91,15,2021,2,891,2.44
92,15,2022,1,417,1.14
93,15,2023,1,384,1.05
94,15,2024,1,389,1.07
95,15,2025,40,13791,37.78
96,16,2022,38,15191,41.62
97,16,2023,70,25078,68.71
98,16,2024,75,25741,70.52
99,16,2025,87,28964,79.35
100,17,2025,416,158307,433.72
101,18,2006,1,300,0.82
102,18,2007,1,128,0.35
103,18,2008,3,815,2.23
104,18,2009,2,567,1.55
105,18,2010,3,621,1.7
106,18,2011,1,249,0.68
107,18,2012,0,0,0.0
108,18,2013,0,0,0.0
109,18,2014,0,0,0.0
110,18,2015,0,0,0.0
111,18,2016,0,0,0.0
112,18,2017,0,0,0.0
113,18,2018,6,2088,5.72
114,18,2019,13,5110,14.0
115,18,2020,0,0,0.0
116,18,2021,13,4761,13.04
117,18,2022,32,12246,33.55
118,18,2023,52,17447,47.8
119,18,2024,34,10858,29.75
120,18,2025,68,24010,65.78
121,19,2025,9,4018,11.01
122,20,2022,12,4306,11.8
123,20,2023,60,18524,50.75
124,20,2024,51,17135,46.95
125,20,2025,65,19607,53.72
126,21,2021,36,11146,30.54
127,21,2022,67,24042,65.87
128,21,2023,63,21385,58.59
129,21,2024,76,24035,65.85
130,21,2025,73,22671,62.11
131,22,2023,31,7387,20.24
132,22,2024,10,3600,9.86
133,22,2025,25,5203,14.25
134,23,2023,5,1317,3.61
135,23,2024,15,3293,9.02
136,23,2025,12,3115,8.53
137,24,2025,2,785,2.15
138,25,2024,47,19183,52.56
139,25,2025,55,22162,60.72
140,26,2020,52,17308,47.42
141,26,2021,79,29385,80.51
142,26,2022,98,36617,100.32
143,26,2023,101,35757,97.96
144,26,2024,77,25949,71.09
145,26,2025,79,27168,74.43
146,27,2024,1,517,1.42
147,27,2025,5,2420,6.63
148,28,2025,157,64853,177.68
149,29,2018,2,656,1.8
150,29,2019,0,0,0.0
151,29,2020,5,1508,4.13
152,29,2021,39,11786,32.29
153,29,2022,44,12961,35.51
154,29,2023,101,29637,81.2
155,29,2024,69,20818,57.04
156,29,2025,88,24539,67.23
157,30,2016,2,448,1.23
158,30,2017,11,2812,7.7
159,30,2018,0,0,0.0
160,30,2019,0,0,0.0
161,30,2020,0,0,0.0
162,30,2021,2,1026,2.81
163,30,2022,9,4794,13.13
164,30,2023,208,61393,168.2
165,30,2024,535,147802,404.94
166,30,2025,573,178727,489.66
167,31,2025,7,2748,7.53
168,32,2025,53,20862,57.16
169,33,2015,1,335,0.92
170,33,2016,0,0,0.0
171,33,2017,0,0,0.0
172,33,2018,2,700,1.92
173,33,2019,13,4536,12.43
174,33,2020,29,11897,32.59
175,33,2021,45,14218,38.95
176,33,2022,33,12030,32.96
177,33,2023,156,57458,157.42
178,33,2024,80,31127,85.28
179,33,2025,135,53117,145.53
180,34,2016,3,865,2.37
181,34,2017,13,4246,11.63
182,34,2018,5,1748,4.79
183,34,2019,4,1239,3.39
184,34,2020,3,1042,2.85
185,34,2021,0,0,0.0
186,34,2022,26,9371,25.67
187,34,2023,92,39295,107.66
188,34,2024,81,32815,89.9
189,34,2025,128,52203,143.02
190,35,2025,15,4730,12.96
191,36,2020,1,559,1.53
192,36,2021,0,0,0.0
193,36,2022,15,4404,12.07
194,36,2023,71,27995,76.7
195,36,2024,33,11163,30.58
196,36,2025,53,16495,45.19
197,37,2025,8,3585,9.82
198,38,2012,1,276,0.76
199,38,2013,1,215,0.59
200,38,2014,34,12485,34.21
201,38,2015,24,8724,23.9
202,38,2016,0,0,0.0
203,38,2017,0,0,0.0
204,38,2018,0,0,0.0
205,38,2019,0,0,0.0
206,38,2020,0,0,0.0
207,38,2021,0,0,0.0
208,38,2022,1,371,1.02
209,38,2023,28,10340,28.33
210,38,2024,73,28580,78.3
211,38,2025,146,57874,158.56
212,39,2015,44,16261,44.55
213,39,2016,7,2809,7.7
214,39,2017,16,6647,18.21
215,39,2018,24,10178,27.88
216,39,2019,26,11449,31.37
217,39,2020,46,16409,44.96
218,39,2021,98,34751,95.21
219,39,2022,49,18900,51.78
220,39,2023,53,26974,73.9
221,39,2024,59,23146,63.41
222,39,2025,92,48474,132.81
223,40,2022,21,9176,25.14
224,40,2023,48,18730,51.32
225,40,2024,65,28490,78.05
226,40,2025,39,16810,46.05
227,41,2021,55,20774,56.92
228,41,2022,87,34547,94.65
229,41,2023,126,52473,143.76
230,41,2024,81,32917,90.18
231,41,2025,105,38524,105.55
232,42,2025,13,5222,14.31
233,43,2022,5,2228,6.1
234,43,2023,1,323,0.88
235,43,2024,16,6991,19.15
236,43,2025,46,21492,58.88
237,44,2020,24,7247,19.85
238,44,2021,25,5680,15.56
239,44,2022,20,3110,8.52
240,44,2023,20,1847,5.06
241,44,2024,14,2528,6.93
242,44,2025,19,3112,8.53
243,45,2018,1,492,1.35
244,45,2019,0,0,0.0
245,45,2020,1,464,1.27
246,45,2021,0,0,0.0
247,45,2022,3,1151,3.15
248,45,2023,44,16062,44.01
249,45,2024,109,45596,124.92
250,45,2025,91,32456,88.92
251,46,2024,21,11778,32.27
252,46,2025,24,8881,24.33
253,47,2025,13,4595,12.59
254,48,2000,5,998,2.73
255,48,2001,9,2663,7.3
256,48,2002,2,408,1.12
257,48,2003,8,2446,6.7
258,48,2004,12,2764,7.57
259,48,2005,20,4748,13.01
260,48,2006,9,2915,7.99
261,48,2007,23,7000,19.18
262,48,2008,31,9144,25.05
263,48,2009,22,7409,20.3
264,48,2010,34,10571,28.96
265,48,2011,29,10583,28.99
266,48,2012,18,5628,15.42
267,48,2013,13,4748,13.01
268,48,2014,16,5943,16.28
269,48,2015,43,16924,46.37
270,48,2016,81,29621,81.15
271,48,2017,33,11496,31.5
272,48,2018,229,79957,219.06
273,48,2019,107,35455,97.14
274,48,2020,91,30966,84.84
275,48,2021,47,16760,45.92
276,48,2022,14,4293,11.76
277,48,2023,19,7723,21.16
278,48,2024,65,25508,69.88
279,48,2025,120,43070,118.0
280,49,2025,80,29095,79.71
281,50,2019,1,579,1.59
282,50,2020,0,0,0.0
283,50,2021,0,0,0.0
284,50,2022,1,408,1.12
285,50,2023,0,0,0.0
286,50,2024,66,28963,79.35
287,50,2025,168,63505,173.99
288,51,2020,1,352,0.96
289,51,2021,4,1657,4.54
290,51,2022,13,6568,17.99
291,51,2023,34,16984,46.53
292,51,2024,107,44661,122.36
293,51,2025,142,55961,153.32
294,52,2025,9,3403,9.32
295,53,2012,5,2184,5.98
296,53,2013,11,3341,9.15
297,53,2014,4,2105,5.77
298,53,2015,22,7679,21.04
299,53,2016,16,5540,15.18
300,53,2017,5,1486,4.07
301,53,2018,4,2265,6.21
302,53,2019,19,6073,16.64
303,53,2020,32,9858,27.01
304,53,2021,47,13757,37.69
305,53,2022,65,22582,61.87
306,53,2023,72,24841,68.06
307,53,2024,47,15722,43.07
308,53,2025,85,28045,76.84
309,54,2017,1,378,1.04
310,54,2018,0,0,0.0
311,54,2019,1,376,1.03
312,54,2020,0,0,0.0
313,54,2021,54,19035,52.15
314,54,2022,57,17691,48.47
315,54,2023,60,21020,57.59
316,54,2024,40,12861,35.24
317,54,2025,53,19095,52.32
318,55,1983,1,208,0.57
319,55,1984,0,0,0.0
320,55,1985,0,0,0.0
321,55,1986,1,166,0.45
322,55,1987,0,0,0.0
323,55,1988,1,1216,3.33
324,55,1989,0,0,0.0
325,55,1990,0,0,0.0
326,55,1991,0,0,0.0
327,55,1992,0,0,0.0
328,55,1993,0,0,0.0
329,55,1994,0,0,0.0
330,55,1995,0,0,0.0
331,55,1996,0,0,0.0
332,55,1997,0,0,0.0
333,55,1998,0,0,0.0
334,55,1999,0,0,0.0
335,55,2000,1,489,1.34
336,55,2001,0,0,0.0
337,55,2002,0,0,0.0
338,55,2003,2,447,1.22
339,55,2004,0,0,0.0
340,55,2005,0,0,0.0
341,55,2006,0,0,0.0
342,55,2007,0,0,0.0
343,55,2008,0,0,0.0
344,55,2009,0,0,0.0
345,55,2010,0,0,0.0
346,55,2011,0,0,0.0
347,55,2012,0,0,0.0
348,55,2013,16,5415,14.84
349,55,2014,14,4989,13.67
350,55,2015,13,3821,10.47
351,55,2016,26,9144,25.05
352,55,2017,30,8893,24.36
353,55,2018,47,15744,43.13
354,55,2019,12,4749,13.01
355,55,2020,23,8045,22.04
356,55,2021,59,15993,43.82
357,55,2022,63,19124,52.39
358,55,2023,52,15080,41.32
359,55,2024,54,18858,51.67
360,55,2025,64,27385,75.03
361,56,2023,54,22295,61.08
362,56,2024,100,49422,135.4
363,56,2025,101,45921,125.81
364,57,2024,14,4229,11.59
365,57,2025,58,23159,63.45
366,58,2005,3,1032,2.83
367,58,2006,18,6851,18.77
368,58,2007,0,0,0.0
369,58,2008,0,0,0.0
370,58,2009,0,0,0.0
371,58,2010,37,11414,31.27
372,58,2011,107,39000,106.85
373,58,2012,121,43572,119.38
374,58,2013,143,51339,140.65
375,58,2014,145,50640,138.74
376,58,2015,207,69477,190.35
377,58,2016,286,93737,256.81
378,58,2017,332,105521,289.1
379,58,2018,376,122754,336.31
380,58,2019,403,138409,379.2
381,58,2020,327,99496,272.59
382,58,2021,590,187452,513.57
383,58,2022,689,220188,603.25
384,58,2023,672,212033,580.91
385,58,2024,622,199517,546.62
386,58,2025,496,160404,439.46
387,59,2024,53,19152,52.47
388,59,2025,66,23644,64.78
389,60,2012,2,877,2.4
390,60,2013,0,0,0.0
391,60,2014,5,1867,5.12
392,60,2015,21,7960,21.81
393,60,2016,14,5590,15.32
394,60,2017,4,1618,4.43
395,60,2018,4,1731,4.74
396,60,2019,0,0,0.0
397,60,2020,21,7306,20.02
398,60,2021,15,6710,18.38
399,60,2022,14,5299,14.52
400,60,2023,8,3185,8.73
401,60,2024,21,7500,20.55
402,60,2025,16,5635,15.44
403,61,2025,35,14057,38.51
404,62,2015,14,5989,16.41
405,62,2016,4,2175,5.96
406,62,2017,0,0,0.0
407,62,2018,0,0,0.0
408,62,2019,0,0,0.0
409,62,2020,0,0,0.0
410,62,2021,0,0,0.0
411,62,2022,53,19716,54.02
412,62,2023,65,24008,65.78
413,62,2024,75,28924,79.24
414,62,2025,81,28237,77.36
415,63,2025,97,24461,67.02
416,64,2013,19,7871,21.56
417,64,2014,37,16216,44.43
418,64,2015,71,27299,74.79
419,64,2016,66,25689,70.38
420,64,2017,63,24762,67.84
421,64,2018,60,23197,63.55
422,64,2019,56,21150,57.95
423,64,2020,64,22920,62.79
424,64,2021,97,33173,90.88
425,64,2022,128,40270,110.33
426,64,2023,120,41731,114.33
427,64,2024,10,2878,7.88
428,64,2025,136,40773,111.71
429,65,2022,52,19681,53.92
430,65,2023,63,23804,65.22
431,65,2024,83,25300,69.32
432,65,2025,77,29642,81.21
433,66,2024,62,27216,74.56
434,66,2025,28,9099,24.93
435,67,2015,14,3104,8.5
436,67,2016,1,383,1.05
437,67,2017,9,2264,6.2
438,67,2018,74,19854,54.39
439,67,2019,103,32168,88.13
440,67,2020,140,43704,119.74
441,67,2021,112,35132,96.25
442,67,2022,166,60997,167.12
443,67,2023,211,71801,196.72
444,67,2024,135,48255,132.21
445,67,2025,154,53209,145.78
446,68,1995,1,288,0.79
447,68,1996,0,0,0.0
448,68,1997,0,0,0.0
449,68,1998,0,0,0.0
450,68,1999,0,0,0.0
451,68,2000,0,0,0.0
452,68,2001,0,0,0.0
453,68,2002,0,0,0.0
454,68,2003,0,0,0.0
455,68,2004,0,0,0.0
456,68,2005,0,0,0.0
457,68,2006,0,0,0.0
458,68,2007,3,935,2.56
459,68,2008,17,6353,17.41
460,68,2009,21,7642,20.94
461,68,2010,20,7059,19.34
462,68,2011,7,2750,7.53
463,68,2012,16,5607,15.36
464,68,2013,19,7179,19.67
465,68,2014,16,5539,15.18
466,68,2015,26,8073,22.12
467,68,2016,24,7130,19.53
468,68,2017,31,9635,26.4
469,68,2018,30,10936,29.96
470,68,2019,29,8840,24.22
471,68,2020,32,12269,33.61
472,68,2021,36,12255,33.58
473,68,2022,33,10429,28.57
474,68,2023,33,10831,29.67
475,68,2024,33,10573,28.97
476,68,2025,32,9564,26.2
477,69,2024,47,12362,33.87
478,69,2025,58,14779,40.49
479,70,2020,8,3652,10.01
480,70,2021,41,16457,45.09
481,70,2022,36,14486,39.69
482,70,2023,25,10326,28.29
483,70,2024,37,12130,33.23
484,70,2025,55,20058,54.95
485,71,2025,6,1144,3.13
486,72,2020,6,2110,5.78
487,72,2021,3,912,2.5
488,72,2022,16,5833,15.98
489,72,2023,37,18680,51.18
490,72,2024,2,755,2.07
491,72,2025,29,14963,40.99
492,73,2017,1,230,0.63
493,73,2018,2,808,2.21
494,73,2019,5,1814,4.97
495,73,2020,12,3583,9.82
496,73,2021,5,1731,4.74
497,73,2022,13,4340,11.89
498,73,2023,16,5885,16.12
499,73,2024,10,2546,6.98
500,73,2025,8,2404,6.59
501,74,2019,48,15901,43.56
502,74,2020,36,11212,30.72
503,74,2021,34,11974,32.81
504,74,2022,70,22632,62.01
505,74,2023,51,17575,48.15
506,74,2024,30,11050,30.27
507,74,2025,41,15143,41.49
508,75,2021,1,326,0.89
509,75,2022,14,5023,13.76
510,75,2023,51,17519,48.0
511,75,2024,42,14950,40.96
512,75,2025,100,35215,96.48
513,76,2000,2,843,2.31
514,76,2001,1,186,0.51
515,76,2002,2,411,1.13
516,76,2003,2,412,1.13
517,76,2004,1,192,0.53
518,76,2005,1,241,0.66
519,76,2006,0,0,0.0
520,76,2007,1,552,1.51
521,76,2008,0,0,0.0
522,76,2009,0,0,0.0
523,76,2010,8,3459,9.48
524,76,2011,4,1642,4.5
525,76,2012,4,1874,5.13
526,76,2013,1,393,1.08
527,76,2014,0,0,0.0
528,76,2015,1,277,0.76
529,76,2016,0,0,0.0
530,76,2017,1,343,0.94
531,76,2018,1,432,1.18
532,76,2019,6,2322,6.36
533,76,2020,3,1813,4.97
534,76,2021,3,1097,3.01
535,76,2022,17,5844,16.01
536,76,2023,22,7260,19.89
537,76,2024,25,9822,26.91
538,76,2025,45,18319,50.19
539,77,2019,8,3574,9.79
540,77,2020,4,1570,4.3
541,77,2021,5,1215,3.33
542,77,2022,15,6521,17.87
543,77,2023,51,16726,45.82
544,77,2024,116,24997,68.48
545,77,2025,112,23691,64.91
546,78,2004,1,388,1.06
547,78,2005,0,0,0.0
548,78,2006,0,0,0.0
549,78,2007,0,0,0.0
550,78,2008,0,0,0.0
551,78,2009,0,0,0.0
552,78,2010,0,0,0.0
553,78,2011,0,0,0.0
554,78,2012,0,0,0.0
555,78,2013,1,333,0.91
556,78,2014,0,0,0.0
557,78,2015,0,0,0.0
558,78,2016,0,0,0.0
559,78,2017,1,306,0.84
560,78,2018,0,0,0.0
561,78,2019,0,0,0.0
562,78,2020,2,467,1.28
563,78,2021,2,766,2.1
564,78,2022,1,529,1.45
565,78,2023,1,384,1.05
566,78,2024,3,1209,3.31
567,78,2025,11,3622,9.92
568,79,2014,2,1840,5.04
569,79,2015,0,0,0.0
570,79,2016,0,0,0.0
571,79,2017,0,0,0.0
572,79,2018,0,0,0.0
573,79,2019,24,12465,34.15
574,79,2020,22,9677,26.51
575,79,2021,30,14048,38.49
576,79,2022,29,11338,31.06
577,79,2023,23,9507,26.05
578,79,2024,43,15025,41.16
579,79,2025,99,33400,91.51
580,80,2001,1,37,0.1
581,80,2002,0,0,0.0
582,80,2003,1,870,2.38
583,80,2004,0,0,0.0
584,80,2005,0,0,0.0
585,80,2006,1,503,1.38
586,80,2007,0,0,0.0
587,80,2008,2,645,1.77
588,80,2009,1,304,0.83
589,80,2010,1,112,0.31
590,80,2011,1,422,1.16
591,80,2012,0,0,0.0
592,80,2013,0,0,0.0
593,80,2014,0,0,0.0
594,80,2015,0,0,0.0
595,80,2016,0,0,0.0
596,80,2017,0,0,0.0
597,80,2018,26,7002,19.18
598,80,2019,20,5946,16.29
599,80,2020,36,11393,31.21
600,80,2021,56,19109,52.35
601,80,2022,55,19541,53.54
602,80,2023,35,12517,34.29
603,80,2024,74,27425,75.14
604,80,2025,60,21811,59.76
605,81,2013,2,716,1.96
606,81,2014,5,2912,7.98
607,81,2015,13,5013,13.73
608,81,2016,14,4214,11.55
609,81,2017,12,4713,12.91
610,81,2018,19,8293,22.72
611,81,2019,11,4656,12.76
612,81,2020,98,36950,101.23
613,81,2021,185,73871,202.39
614,81,2022,211,74765,204.84
615,81,2023,137,52165,142.92
616,81,2024,124,50350,137.95
617,81,2025,66,26030,71.32
618,82,2025,70,26266,71.96
619,83,2016,1,384,1.05
620,83,2017,5,1492,4.09
621,83,2018,15,4134,11.33
622,83,2019,16,5315,14.56
623,83,2020,9,2880,7.89
624,83,2021,17,6124,16.78
625,83,2022,31,10057,27.55
626,83,2023,15,5157,14.13
627,83,2024,37,12537,34.35
628,83,2025,16,4727,12.95
629,84,2023,31,15508,42.49
630,84,2024,85,39547,108.35
631,84,2025,75,35773,98.01
632,85,2025,82,31059,85.09
633,86,2011,2,902,2.47
634,86,2012,1,318,0.87
635,86,2013,0,0,0.0
636,86,2014,0,0,0.0
637,86,2015,1,304,0.83
638,86,2016,3,956,2.62
639,86,2017,8,2646,7.25
640,86,2018,23,7272,19.92
641,86,2019,17,5308,14.54
642,86,2020,12,4051,11.1
643,86,2021,17,5724,15.68
644,86,2022,30,8833,24.2
645,86,2023,22,6934,19.0
646,86,2024,31,11080,30.36
647,86,2025,26,9010,24.68
648,87,2024,2,600,1.64
649,87,2025,69,23386,64.07
650,88,2024,3,1042,2.85
651,88,2025,22,7686,21.06
652,89,2016,1,404,1.11
653,89,2017,1,159,0.44
654,89,2018,4,1181,3.24
655,89,2019,1,271,0.74
656,89,2020,2,755,2.07
657,89,2021,10,3896,10.67
658,89,2022,104,33697,92.32
659,89,2023,79,25705,70.42
660,89,2024,33,11130,30.49
661,89,2025,59,18436,50.51
662,90,2022,1,448,1.23
663,90,2023,78,29911,81.95
664,90,2024,77,28445,77.93
665,90,2025,63,24500,67.12
666,91,2022,36,15673,42.94
667,91,2023,11,3770,10.33
668,91,2024,27,12173,33.35
669,91,2025,16,4722,12.94
670,92,2025,39,14521,39.78
671,93,2023,2,618,1.69
672,93,2024,280,57700,158.08
673,93,2025,48,9424,25.82
674,94,2019,1,288,0.79
675,94,2020,53,15805,43.3
676,94,2021,68,16183,44.34
677,94,2022,79,24143,66.15
678,94,2023,118,37746,103.41
679,94,2024,204,69206,189.61
680,94,2025,159,49234,134.89
681,95,2021,2,560,1.53
682,95,2022,0,0,0.0
683,95,2023,0,239,0.65
684,95,2024,6,2951,8.08
685,95,2025,19,8319,22.79
686,96,2024,204,72934,199.82
687,96,2025,180,72050,197.4
688,97,2025,89,32306,88.51
689,98,2023,18,6362,17.43
690,98,2024,25,7966,21.82
691,98,2025,25,8162,22.36
692,99,2023,28,6592,18.06
693,99,2024,51,17198,47.12
694,99,2025,48,15150,41.51
695,100,2017,1,195,0.53
696,100,2018,0,0,0.0
697,100,2019,0,0,0.0
698,100,2020,38,13841,37.92
699,100,2021,50,19369,53.07
700,100,2022,23,8302,22.75
701,100,2023,40,16594,45.46
702,100,2024,37,15678,42.95
703,100,2025,40,18073,49.52
704,101,2011,6,3567,9.77
705,101,2012,11,4562,12.5
706,101,2013,0,0,0.0
707,101,2014,1,1216,3.33
708,101,2015,0,0,0.0
709,101,2016,2,476,1.3
710,101,2017,4,1341,3.67
711,101,2018,3,1177,3.22
712,101,2019,4,1421,3.89
713,101,2020,25,8795,24.1
714,101,2021,34,12891,35.32
715,101,2022,25,10725,29.38
716,101,2023,33,13495,36.97
717,101,2024,15,7755,21.25
718,101,2025,27,10453,28.64
719,102,2020,4,892,2.44
720,102,2021,25,6059,16.6
721,102,2022,24,6813,18.67
722,102,2023,26,7045,19.3
723,102,2024,28,6889,18.87
724,102,2025,18,3917,10.73
725,103,2012,6,2319,6.35
726,103,2013,1,306,0.84
727,103,2014,28,9293,25.46
728,103,2015,19,6010,16.47
729,103,2016,4,2264,6.2
730,103,2017,0,0,0.0
731,103,2018,0,0,0.0
732,103,2019,1,274,0.75
733,103,2020,0,0,0.0
734,103,2021,2,767,2.1
735,103,2022,86,30196,82.73
736,103,2023,163,56662,155.24
737,103,2024,205,67825,185.82
738,103,2025,197,73632,201.73
739,104,2008,1,832,2.28
740,104,2009,0,0,0.0
741,104,2010,0,0,0.0
742,104,2011,0,0,0.0
743,104,2012,0,0,0.0
744,104,2013,0,0,0.0
745,104,2014,0,0,0.0
746,104,2015,1,322,0.88
747,104,2016,10,2646,7.25
748,104,2017,22,6394,17.52
749,104,2018,38,12268,33.61
750,104,2019,34,7834,21.46
751,104,2020,61,18734,51.33
752,104,2021,67,19694,53.96
753,104,2022,69,21127,57.88
754,104,2023,54,19511,53.45
755,104,2024,60,19210,52.63
756,104,2025,54,16570,45.4
757,105,2023,1,324,0.89
758,105,2024,39,14580,39.95
759,105,2025,39,18269,50.05
760,106,2022,34,11674,31.98
761,106,2023,34,11153,30.56
762,106,2024,21,7834,21.46
763,106,2025,19,6727,18.43
764,107,2023,1,389,1.07
765,107,2024,42,14998,41.09
766,107,2025,66,20073,54.99
767,108,2017,2,1094,3.0
768,108,2018,0,0,0.0
769,108,2019,0,0,0.0
770,108,2020,0,0,0.0
771,108,2021,0,0,0.0
772,108,2022,0,0,0.0
773,108,2023,0,0,0.0
774,108,2024,0,0,0.0
775,108,2025,19,6815,18.67
776,109,2023,19,6503,17.82
777,109,2024,35,13565,37.16
778,109,2025,57,22395,61.36
779,110,2022,140,60349,165.34
780,110,2023,135,59001,161.65
781,110,2024,320,137457,376.59
782,110,2025,381,148920,408.0
783,111,2012,1,0,0.0
784,111,2013,0,0,0.0
785,111,2014,0,0,0.0
786,111,2015,0,0,0.0
787,111,2016,107,36215,99.22
788,111,2017,66,21376,58.56
789,111,2018,7,2110,5.78
790,111,2019,6,1918,5.25
791,111,2020,126,41251,113.02
792,111,2021,132,40082,109.81
793,111,2022,175,56276,154.18
794,111,2023,329,104915,287.44
795,111,2024,303,99489,272.57
796,111,2025,289,102326,280.35
797,112,2014,5,1967,5.39
798,112,2015,36,10792,29.57
799,112,2016,24,6341,17.37
800,112,2017,17,5830,15.97
801,112,2018,11,3291,9.02
802,112,2019,15,5454,14.94
803,112,2020,19,5309,14.55
804,112,2021,27,8490,23.26
805,112,2022,31,9225,25.27
806,112,2023,24,7893,21.62
807,112,2024,32,10534,28.86
808,112,2025,34,9225,25.27
809,113,2024,35,15243,41.76
810,113,2025,102,40128,109.94
811,114,2023,2,672,1.84
812,114,2024,9,3311,9.07
813,114,2025,14,5299,14.52
814,115,2025,19,9193,25.19
815,116,2025,7,2042,5.59
816,117,2023,12,3935,10.78
817,117,2024,24,9122,24.99
818,117,2025,22,8746,23.96
819,118,2018,11,4212,11.54
820,118,2019,61,19325,52.95
821,118,2020,13,5145,14.1
822,118,2021,79,21995,60.26
823,118,2022,107,27357,74.95
824,118,2023,73,34962,95.79
825,118,2024,74,23401,64.11
826,118,2025,82,28201,77.26
827,119,2017,39,11233,30.78
828,119,2018,68,19494,53.41
829,119,2019,68,20455,56.04
830,119,2020,41,10134,27.76
831,119,2021,41,13565,37.16
832,119,2022,76,28686,78.59
833,119,2023,83,33607,92.07
834,119,2024,116,41477,113.64
835,119,2025,78,25556,70.02
836,120,2017,1,480,1.32
837,120,2018,1,637,1.75
838,120,2019,0,0,0.0
839,120,2020,0,0,0.0
840,120,2021,0,0,0.0
841,120,2022,0,0,0.0
842,120,2023,401,128143,351.08
843,120,2024,625,194410,532.63
844,120,2025,699,212573,582.39
845,121,2025,18,7592,20.8
846,122,2024,113,41814,114.56
847,122,2025,78,19337,52.98
848,123,2021,19,7090,19.42
849,123,2022,34,11658,31.94
850,123,2023,55,20052,54.94
851,123,2024,40,15891,43.54
852,123,2025,29,11959,32.76
853,124,2007,2,1110,3.04
854,124,2008,0,0,0.0
855,124,2009,0,0,0.0
856,124,2010,0,0,0.0
857,124,2011,0,0,0.0
858,124,2012,1,374,1.02
859,124,2013,1,554,1.52
860,124,2014,0,0,0.0
861,124,2015,0,0,0.0
862,124,2016,0,0,0.0
863,124,2017,0,0,0.0
864,124,2018,2,1021,2.8
865,124,2019,1,368,1.01
866,124,2020,0,0,0.0
867,124,2021,1,284,0.78
868,124,2022,1,393,1.08
869,124,2023,7,2463,6.75
870,124,2024,21,6254,17.13
871,124,2025,7,2613,7.16
872,125,2020,9,2763,7.57
873,125,2021,28,10587,29.01
874,125,2022,36,11371,31.15
875,125,2023,30,12243,33.54
876,125,2024,17,6530,17.89
877,125,2025,13,4843,13.27
878,126,2024,8,3909,10.71
879,126,2025,8,4793,13.13
880,127,2022,28,10319,28.27
881,127,2023,36,12476,34.18
882,127,2024,52,19535,53.52
883,127,2025,108,30519,83.61
884,128,2023,4,2128,5.83
885,128,2024,45,20336,55.72
886,128,2025,31,11422,31.29
887,129,2022,5,2731,7.48
888,129,2023,15,8262,22.64
889,129,2024,15,7638,20.93
890,129,2025,44,24026,65.82
891,130,2023,60,20609,56.46
892,130,2024,49,16482,45.16
893,130,2025,58,19291,52.85
894,131,2015,1,356,0.98
895,131,2016,63,20288,55.58
896,131,2017,48,14000,38.36
897,131,2018,9,2706,7.41
898,131,2019,1,292,0.8
899,131,2020,2,743,2.04
900,131,2021,7,2549,6.98
901,131,2022,35,9049,24.79
902,131,2023,274,87918,240.87
903,131,2024,285,98301,269.32
904,131,2025,350,122339,335.18
905,132,2025,18,7215,19.77
906,133,2020,72,25505,69.88
907,133,2021,107,42011,115.1
908,133,2022,169,62751,171.92
909,133,2023,189,71387,195.58
910,133,2024,217,87633,240.09
911,133,2025,141,54139,148.33
912,134,2014,2,880,2.41
913,134,2015,0,0,0.0
914,134,2016,1,149,0.41
915,134,2017,2,913,2.5
916,134,2018,0,0,0.0
917,134,2019,0,0,0.0
918,134,2020,0,0,0.0
919,134,2021,0,0,0.0
920,134,2022,2,280,0.77
921,134,2023,10,4147,11.36
922,134,2024,60,21683,59.41
923,134,2025,54,18735,51.33
924,135,2011,1,344,0.94
925,135,2012,66,23924,65.55
926,135,2013,87,34173,93.62
927,135,2014,127,39825,109.11
928,135,2015,81,31479,86.24
929,135,2016,84,30317,83.06
930,135,2017,64,25345,69.44
931,135,2018,68,23888,65.45
932,135,2019,57,21858,59.88
933,135,2020,92,35933,98.45
934,135,2021,130,51848,142.05
935,135,2022,153,69878,191.45
936,135,2023,223,95008,260.3
937,135,2024,228,89368,244.84
938,135,2025,210,87040,238.47
939,136,2012,74,25201,69.04
940,136,2013,23,9082,24.88
941,136,2014,7,2964,8.12
942,136,2015,39,14686,40.24
943,136,2016,36,12969,35.53
944,136,2017,19,5981,16.39
945,136,2018,7,3258,8.93
946,136,2019,7,2426,6.65
947,136,2020,8,2988,8.19
948,136,2021,5,1863,5.1
949,136,2022,100,35145,96.29
950,136,2023,120,40141,109.98
951,136,2024,136,46998,128.76
952,136,2025,100,33242,91.07
953,137,2016,37,16950,46.44
954,137,2017,2,1088,2.98
955,137,2018,3,874,2.39
956,137,2019,11,4124,11.3
957,137,2020,29,12228,33.5
958,137,2021,28,10044,27.52
959,137,2022,61,21607,59.2
960,137,2023,61,21290,58.33
961,137,2024,105,39199,107.39
962,137,2025,80,31816,87.17
963,138,2021,1,188,0.52
964,138,2022,0,0,0.0
965,138,2023,8,2037,5.58
966,138,2024,7,1680,4.6
967,138,2025,12,2973,8.15
968,139,2023,372,75003,205.49
969,139,2024,238,57647,157.94
970,139,2025,251,64184,175.85
971,140,1998,28,6509,17.83
972,140,1999,38,8468,23.2
973,140,2000,33,8082,22.14
974,140,2001,16,2996,8.21
975,140,2002,54,10465,28.67
976,140,2003,84,19528,53.5
977,140,2004,60,16700,45.75
978,140,2005,79,16319,44.71
979,140,2006,97,19578,53.64
980,140,2007,92,22200,60.82
981,140,2008,68,14671,40.19
982,140,2009,17,5836,15.99
983,140,2010,19,5707,15.64
984,140,2011,19,5193,14.23
985,140,2012,14,4282,11.73
986,140,2013,3,768,2.1
987,140,2014,5,1434,3.93
988,140,2015,6,1612,4.42
989,140,2016,2,466,1.28
990,140,2017,23,7329,20.08
991,140,2018,15,4747,13.01
992,140,2019,17,4567,12.51
993,140,2020,113,25190,69.01
994,140,2021,20,4481,12.28
995,140,2022,67,15942,43.68
996,140,2023,152,40865,111.96
997,140,2024,112,32978,90.35
998,140,2025,109,28284,77.49
999,141,2013,16,4318,11.83
1000,141,2014,5,2240,6.14
1001,141,2015,8,2388,6.54
1002,141,2016,0,0,0.0
1003,141,2017,35,16103,44.12
1004,141,2018,16,7123,19.52
1005,141,2019,44,15510,42.49
1006,141,2020,27,10389,28.46
1007,141,2021,34,14762,40.44
1008,141,2022,42,17980,49.26
1009,141,2023,30,10352,28.36
1010,141,2024,162,43131,118.17
1011,141,2025,150,36648,100.41
1012,142,2007,1,398,1.09
1013,142,2008,3,833,2.28
1014,142,2009,3,1043,2.86
1015,142,2010,2,655,1.79
1016,142,2011,2,560,1.53
1017,142,2012,1,209,0.57
1018,142,2013,4,1142,3.13
1019,142,2014,4,1466,4.02
1020,142,2015,0,0,0.0
1021,142,2016,0,0,0.0
1022,142,2017,0,0,0.0
1023,142,2018,10,3291,9.02
1024,142,2019,7,1465,4.01
1025,142,2020,10,3015,8.26
1026,142,2021,7,3627,9.94
1027,142,2022,15,6016,16.48
1028,142,2023,18,7051,19.32
1029,142,2024,39,15480,42.41
1030,142,2025,40,16716,45.8
1031,143,2021,2,827,2.27
1032,143,2022,3,1270,3.48
1033,143,2023,4,1742,4.77
1034,143,2024,57,18430,50.49
1035,143,2025,45,11032,30.22
1036,144,2010,13,4084,11.19
1037,144,2011,11,4194,11.49
1038,144,2012,12,3281,8.99
1039,144,2013,11,3442,9.43
1040,144,2014,12,4301,11.78
1041,144,2015,15,5786,15.85
1042,144,2016,12,7871,21.56
1043,144,2017,28,10907,29.88
1044,144,2018,38,18458,50.57
1045,144,2019,56,21102,57.81
1046,144,2020,60,21678,59.39
1047,144,2021,33,14249,39.04
1048,144,2022,35,15218,41.69
1049,144,2023,37,13739,37.64
1050,144,2024,30,10873,29.79
1051,144,2025,31,11750,32.19
1052,145,2022,1,768,2.1
1053,145,2023,3,1258,3.45
1054,145,2024,5,2069,5.67
1055,145,2025,103,35549,97.39
1056,146,2025,1,575,1.58
1057,147,2013,1,456,1.25
1058,147,2014,1,455,1.25
1059,147,2015,1,497,1.36
1060,147,2016,0,0,0.0
1061,147,2017,0,0,0.0
1062,147,2018,9,4362,11.95
1063,147,2019,0,0,0.0
1064,147,2020,6,2724,7.46
1065,147,2021,13,4860,13.32
1066,147,2022,5,2515,6.89
1067,147,2023,9,3997,10.95
1068,147,2024,74,28958,79.34
1069,147,2025,235,86496,236.98
1070,148,2024,1,409,1.12
1071,148,2025,45,18633,51.05
1072,149,2025,97,33111,90.72
1073,150,2024,8,2042,5.59
1074,150,2025,162,45702,125.21
1075,151,2023,4,1244,3.41
1076,151,2024,4,2875,7.88
1077,151,2025,200,35047,96.02
1078,152,2020,1,338,0.93
1079,152,2021,5,2086,5.72
1080,152,2022,3,1081,2.96
1081,152,2023,187,51291,140.52
1082,152,2024,263,76709,210.16
1083,152,2025,208,51887,142.16
1084,153,2025,70,27574,75.55
1085,154,2018,2,724,1.98
1086,154,2019,0,0,0.0
1087,154,2020,0,0,0.0
1088,154,2021,0,0,0.0
1089,154,2022,0,0,0.0
1090,154,2023,0,0,0.0
1091,154,2024,24,7262,19.9
1092,154,2025,62,19441,53.26
1093,155,2022,2,785,2.15
1094,155,2023,20,8133,22.28
1095,155,2024,50,18145,49.71
1096,155,2025,20,7882,21.59
1097,156,2022,353,98426,269.66
1098,156,2023,252,80790,221.34
1099,156,2024,252,75013,205.52
1100,156,2025,199,60775,166.51
1101,157,2019,3,1159,3.18
1102,157,2020,6,1966,5.39
1103,157,2021,38,13289,36.41
1104,157,2022,55,19745,54.1
1105,157,2023,84,26978,73.91
1106,157,2024,46,14176,38.84
1107,157,2025,51,17055,46.73
1108,158,2024,11,4978,13.64
1109,158,2025,18,5621,15.4
1110,159,2022,38,11028,30.21
1111,159,2023,10,3472,9.51
1112,159,2024,6,2056,5.63
1113,159,2025,82,34922,95.68
1114,160,2019,41,12024,32.94
1115,160,2020,108,30026,82.26
1116,160,2021,123,32037,87.77
1117,160,2022,122,29580,81.04
1118,160,2023,137,36087,98.87
1119,160,2024,135,42125,115.41
1120,160,2025,113,35559,97.42
1121,161,2023,1,464,1.27
1122,161,2024,1,835,2.29
1123,161,2025,5,2270,6.22
1124,162,2023,51,20264,55.52
1125,162,2024,66,26379,72.27
1126,162,2025,114,44940,123.12
1127,163,2020,8,3071,8.41
1128,163,2021,52,17754,48.64
1129,163,2022,28,10229,28.02
1130,163,2023,31,11546,31.63
1131,163,2024,75,27198,74.52
1132,163,2025,74,26763,73.32
1133,164,2008,2,773,2.12
1134,164,2009,3,861,2.36
1135,164,2010,5,1498,4.1
1136,164,2011,1,136,0.37
1137,164,2012,0,0,0.0
1138,164,2013,0,0,0.0
1139,164,2014,5,1736,4.76
1140,164,2015,2,450,1.23
1141,164,2016,3,956,2.62
1142,164,2017,3,948,2.6
1143,164,2018,5,1596,4.37
1144,164,2019,5,1604,4.39
1145,164,2020,6,2051,5.62
1146,164,2021,4,1654,4.53
1147,164,2022,21,6906,18.92
1148,164,2023,87,30865,84.56
1149,164,2024,100,35962,98.53
1150,164,2025,203,65842,180.39
1151,165,2025,63,23661,64.82
1152,166,2025,1,406,1.11
1153,167,2012,8,3891,10.66
1154,167,2013,13,4444,12.18
1155,167,2014,15,6016,16.48
1156,167,2015,8,3124,8.56
1157,167,2016,7,2232,6.12
1158,167,2017,8,3752,10.28
1159,167,2018,7,2305,6.32
1160,167,2019,6,1917,5.25
1161,167,2020,2,688,1.88
1162,167,2021,37,11386,31.19
1163,167,2022,154,45547,124.79
1164,167,2023,106,26354,72.2
1165,167,2024,128,33746,92.45
1166,167,2025,126,33229,91.04
1167,168,2020,48,14833,40.64
1168,168,2021,35,9910,27.15
1169,168,2022,37,10690,29.29
1170,168,2023,75,23325,63.9
1171,168,2024,109,34098,93.42
1172,168,2025,68,20991,57.51
1173,169,2024,5,1777,4.87
1174,169,2025,79,28863,79.08
1175,170,2017,1,308,0.84
1176,170,2018,10,4881,13.37
1177,170,2019,8,3359,9.2
1178,170,2020,11,4512,12.36
1179,170,2021,33,13410,36.74
1180,170,2022,10,3906,10.7
1181,170,2023,20,8621,23.62
1182,170,2024,117,45453,124.53
1183,170,2025,113,43456,119.06
1184,171,2016,17,5312,14.55
1185,171,2017,0,0,0.0
1186,171,2018,0,0,0.0
1187,171,2019,1,464,1.27
1188,171,2020,9,4232,11.59
1189,171,2021,182,71437,195.72
1190,171,2022,145,60081,164.61
1191,171,2023,87,31658,86.73
1192,171,2024,192,60464,165.65
1193,171,2025,158,56950,156.03
1194,172,2025,37,15270,41.84
1195,173,2015,2,819,2.24
1196,173,2016,1,120,0.33
1197,173,2017,6,2119,5.81
1198,173,2018,8,3284,9.0
1199,173,2019,12,4181,11.45
1200,173,2020,13,4464,12.23
1201,173,2021,17,6696,18.35
1202,173,2022,22,9733,26.67
1203,173,2023,27,11656,31.93
1204,173,2024,38,16877,46.24
1205,173,2025,54,23187,63.53
1206,174,2021,1,368,1.01
1207,174,2022,0,0,0.0
1208,174,2023,6,1822,4.99
1209,174,2024,4,1403,3.84
1210,174,2025,49,16663,45.65
1211,175,1999,1,208,0.57
1212,175,2000,0,0,0.0
1213,175,2001,0,0,0.0
1214,175,2002,0,0,0.0
1215,175,2003,0,0,0.0
1216,175,2004,0,0,0.0
1217,175,2005,0,0,0.0
1218,175,2006,0,0,0.0
1219,175,2007,0,0,0.0
1220,175,2008,11,2108,5.78
1221,175,2009,0,0,0.0
1222,175,2010,0,0,0.0
1223,175,2011,0,0,0.0
1224,175,2012,0,0,0.0
1225,175,2013,0,0,0.0
1226,175,2014,1,455,1.25
1227,175,2015,0,0,0.0
1228,175,2016,29,11162,30.58
1229,175,2017,36,12342,33.81
1230,175,2018,88,33361,91.4
1231,175,2019,127,51671,141.56
1232,175,2020,181,67052,183.7
1233,175,2021,200,76607,209.88
1234,175,2022,199,69598,190.68
1235,175,2023,188,69720,191.01
1236,175,2024,275,99745,273.27
1237,175,2025,216,79086,216.67
1238,176,2018,2,694,1.9
1239,176,2019,4,1277,3.5
1240,176,2020,1,113,0.31
1241,176,2021,0,0,0.0
1242,176,2022,18,5692,15.59
1243,176,2023,87,30524,83.63
1244,176,2024,75,33055,90.56
1245,176,2025,68,32168,88.13
1246,177,2018,2,818,2.24
1247,177,2019,0,0,0.0
1248,177,2020,2,628,1.72
1249,177,2021,1,364,1.0
1250,177,2022,5,1938,5.31
1251,177,2023,8,3084,8.45
1252,177,2024,39,13169,36.08
1253,177,2025,47,15465,42.37
1254,178,2013,1,432,1.18
1255,178,2014,2,560,1.53
1256,178,2015,0,0,0.0
1257,178,2016,0,0,0.0
1258,178,2017,0,0,0.0
1259,178,2018,0,0,0.0
1260,178,2019,0,0,0.0
1261,178,2020,1,400,1.1
1262,178,2021,2,640,1.75
1263,178,2022,3,1195,3.27
1264,178,2023,1,391,1.07
1265,178,2024,1,384,1.05
1266,179,2023,2,794,2.18
1267,179,2024,5,2157,5.91
1268,179,2025,9,3775,10.34
1269,180,2024,24,12959,35.5
1270,180,2025,19,9554,26.18
1271,181,2015,1,320,0.88
1272,181,2016,0,0,0.0
1273,181,2017,0,0,0.0
1274,181,2018,5,1452,3.98
1275,181,2019,2,616,1.69
1276,181,2020,24,6043,16.56
1277,181,2021,30,9380,25.7
1278,181,2022,29,8877,24.32
1279,181,2023,30,8740,23.95
1280,181,2024,23,6605,18.1
1281,181,2025,45,12381,33.92
1282,182,2014,10,4560,12.49
1283,182,2015,0,0,0.0
1284,182,2016,17,6222,17.05
1285,182,2017,13,4128,11.31
1286,182,2018,2,519,1.42
1287,182,2019,8,3026,8.29
1288,182,2020,10,3035,8.32
1289,182,2021,0,0,0.0
1290,182,2022,11,3554,9.74
1291,182,2023,25,9346,25.61
1292,182,2024,40,14229,38.98
1293,182,2025,94,30478,83.5
1294,183,2024,23,10718,29.36
1295,183,2025,41,21049,57.67
1296,184,2019,1,368,1.01
1297,184,2020,0,0,0.0
1298,184,2021,1,464,1.27
1299,184,2022,1,256,0.7
1300,184,2023,6,2644,7.24
1301,184,2024,21,7972,21.84
1302,184,2025,31,11686,32.02
1303,185,2023,14,5340,14.63
1304,185,2024,35,12968,35.53
1305,185,2025,28,10734,29.41
1306,186,2024,30,14171,38.82
1307,186,2025,39,13709,37.56
1308,187,2022,22,8370,22.93
1309,187,2023,51,21276,58.29
1310,187,2024,11,4690,12.85
1311,187,2025,50,18541,50.8
1312,188,2019,12,5713,15.65
1313,188,2020,8,3766,10.32
1314,188,2021,19,8800,24.11
1315,188,2022,60,26696,73.14
1316,188,2023,97,45553,124.8
1317,188,2024,43,20008,54.82
1318,188,2025,60,26293,72.04
1319,189,2012,1,416,1.14
1320,189,2013,1,454,1.24
1321,189,2014,0,0,0.0
1322,189,2015,0,0,0.0
1323,189,2016,0,0,0.0
1324,189,2017,0,0,0.0
1325,189,2018,0,0,0.0
1326,189,2019,0,0,0.0
1327,189,2020,1,100,0.27
1328,189,2021,23,7165,19.63
1329,189,2022,28,11979,32.82
1330,189,2023,31,13412,36.75
1331,189,2024,45,14947,40.95
1332,189,2025,62,20284,55.57
1333,190,2012,1,391,1.07
1334,190,2013,0,0,0.0
1335,190,2014,0,0,0.0
1336,190,2015,0,0,0.0
1337,190,2016,1,350,0.96
1338,190,2017,0,0,0.0
1339,190,2018,0,0,0.0
1340,190,2019,0,0,0.0
1341,190,2020,1,338,0.93
1342,190,2021,3,1412,3.87
1343,190,2022,6,2177,5.96
1344,190,2023,11,4370,11.97
1345,190,2024,111,44234,121.19
1346,190,2025,94,33837,92.7
1347,191,2023,45,14789,40.52
1348,191,2024,53,19163,52.5
1349,191,2025,52,19471,53.35
1350,192,2012,1,374,1.02
1351,192,2013,3,1423,3.9
1352,192,2014,0,0,0.0
1353,192,2015,0,0,0.0
1354,192,2016,0,0,0.0
1355,192,2017,0,0,0.0
1356,192,2018,0,0,0.0
1357,192,2019,1,336,0.92
1358,192,2020,0,0,0.0
1359,192,2021,1,336,0.92
1360,192,2022,12,6102,16.72
1361,192,2023,88,34554,94.67
1362,192,2024,104,42154,115.49
1363,192,2025,62,24114,66.07
1364,193,2025,108,32084,87.9
1365,194,2020,1,448,1.23
1366,194,2021,6,2246,6.15
1367,194,2022,76,26381,72.28
1368,194,2023,104,38601,105.76
1369,194,2024,45,13941,38.19
1370,194,2025,23,9514,26.07
1371,195,2025,3,1106,3.03
1372,196,2025,67,22483,61.6
1373,197,2023,32,8918,24.43
1374,197,2024,55,12718,34.84
1375,197,2025,132,21921,60.06
1376,198,2022,19,5312,14.55
1377,198,2023,24,7873,21.57
1378,198,2024,32,9418,25.8
1379,198,2025,41,10999,30.13
1380,199,2023,1,403,1.1
1381,199,2024,2,1027,2.81
1382,199,2025,16,7615,20.86
1383,200,2017,11,4589,12.57
1384,200,2018,11,3235,8.86
1385,200,2019,30,10436,28.59
1386,200,2020,65,21015,57.58
1387,200,2021,28,11236,30.78
1388,200,2022,18,5846,16.02
1389,200,2023,69,24392,66.83
1390,200,2024,69,27337,74.9
1391,200,2025,61,19291,52.85
1392,201,2024,1,331,0.91
1393,201,2025,22,9741,26.69
1394,202,2023,3,932,2.55
1395,202,2024,52,15196,41.63
1396,202,2025,41,12884,35.3
1397,203,2025,190,70175,192.26
1398,204,2017,2,1072,2.94
1399,204,2018,0,0,0.0
1400,204,2019,26,8538,23.39
1401,204,2020,37,15033,41.19
1402,204,2021,55,25290,69.29
1403,204,2022,22,9721,26.63
1404,204,2023,51,27088,74.21
1405,204,2024,47,22501,61.65
1406,204,2025,68,35279,96.65
1407,205,2016,2,797,2.18
1408,205,2017,14,5099,13.97
1409,205,2018,42,13806,37.82
1410,205,2019,31,10823,29.65
1411,205,2020,28,9195,25.19
1412,205,2021,42,14780,40.49
1413,205,2022,38,17761,48.66
1414,205,2023,40,16025,43.9
1415,205,2024,61,22781,62.41
1416,205,2025,54,18857,51.66
1417,206,2024,74,30122,82.53
1418,206,2025,103,35826,98.15
1419,207,2025,9,6539,17.92
1420,208,2024,69,26741,73.26
1421,208,2025,64,25314,69.35
1422,209,2018,1,896,2.45
1423,209,2019,1,683,1.87
1424,209,2020,1,219,0.6
1425,209,2021,0,0,0.0
1426,209,2022,8,3146,8.62
1427,209,2023,80,19325,52.95
1428,209,2024,39,10412,28.53
1429,209,2025,26,7523,20.61
1430,210,2014,11,4494,12.31
1431,210,2015,12,3955,10.84
1432,210,2016,15,6601,18.08
1433,210,2017,0,0,0.0
1434,210,2018,0,0,0.0
1435,210,2019,3,866,2.37
1436,210,2020,20,5633,15.43
1437,210,2021,17,4155,11.38
1438,210,2022,35,10546,28.89
1439,210,2023,35,11191,30.66
1440,210,2024,39,11506,31.52
1441,210,2025,30,9863,27.02
1442,211,2024,3,1330,3.64
1443,211,2025,60,25100,68.77
1444,212,2013,1,287,0.79
1445,212,2014,1,306,0.84
1446,212,2015,0,0,0.0
1447,212,2016,0,0,0.0
1448,212,2017,0,0,0.0
1449,212,2018,2,496,1.36
1450,212,2019,4,1132,3.1
1451,212,2020,59,16320,44.71
1452,212,2021,95,26714,73.19
1453,212,2022,92,28224,77.33
1454,212,2023,151,53811,147.43
1455,212,2024,202,64943,177.93
1456,212,2025,167,58185,159.41
1457,213,2022,27,9093,24.91
1458,213,2023,26,9363,25.65
1459,213,2024,28,11060,30.3
1460,213,2025,41,13736,37.63
1461,214,2016,1,276,0.76
1462,214,2017,0,0,0.0
1463,214,2018,0,0,0.0
1464,214,2019,0,0,0.0
1465,214,2020,0,0,0.0
1466,214,2021,0,0,0.0
1467,214,2022,0,0,0.0
1468,214,2023,18,6026,16.51
1469,214,2024,137,47667,130.59
1470,214,2025,129,41541,113.81
1471,215,2016,9,3349,9.18
1472,215,2017,0,0,0.0
1473,215,2018,0,0,0.0
1474,215,2019,8,2139,5.86
1475,215,2020,5,1789,4.9
1476,215,2021,23,6968,19.09
1477,215,2022,110,31209,85.5
1478,215,2023,130,35836,98.18
1479,215,2024,115,32846,89.99
1480,215,2025,100,29968,82.1
1481,216,2014,19,5454,14.94
1482,216,2015,4,1143,3.13
1483,216,2016,22,7500,20.55
1484,216,2017,6,2140,5.86
1485,216,2018,15,3960,10.85
1486,216,2019,13,5109,14.0
1487,216,2020,5,2055,5.63
1488,216,2021,5,1843,5.05
1489,216,2022,37,14781,40.5
1490,216,2023,75,29077,79.66
1491,216,2024,54,20175,55.27
1492,216,2025,47,16281,44.61
1493,217,2025,17,7335,20.1
1494,218,2025,20,7214,19.76
1495,219,2022,117,31030,85.01
1496,219,2023,118,22865,62.64
1497,219,2024,92,20606,56.45
1498,219,2025,98,23089,63.26
1499,220,2016,5,1450,3.97
1500,220,2017,0,0,0.0
1501,220,2018,71,26789,73.39
1502,220,2019,61,22601,61.92
1503,220,2020,37,12778,35.01
1504,220,2021,13,4068,11.15
1505,220,2022,48,14915,40.86
1506,220,2023,62,21125,57.88
1507,220,2024,84,26497,72.59
1508,220,2025,170,60455,165.63
1509,221,2023,55,14251,39.04
1510,221,2024,88,21003,57.54
1511,221,2025,85,20845,57.11
1512,222,2008,1,454,1.24
1513,222,2009,20,5583,15.3
1514,222,2010,29,8035,22.01
1515,222,2011,10,2778,7.61
1516,222,2012,5,2318,6.35
1517,222,2013,23,7047,19.31
1518,222,2014,18,5797,15.88
1519,222,2015,76,20495,56.15
1520,222,2016,75,23178,63.5
1521,222,2017,67,21776,59.66
1522,222,2018,72,21190,58.05
1523,222,2019,88,29090,79.7
1524,222,2020,100,33071,90.61
1525,222,2021,361,109318,299.5
1526,222,2022,517,144577,396.1
1527,222,2023,428,119783,328.17
1528,222,2024,295,79025,216.51
1529,222,2025,312,92729,254.05
1530,223,2018,2,800,2.19
1531,223,2019,0,0,0.0
1532,223,2020,76,27637,75.72
1533,223,2021,42,15259,41.81
1534,223,2022,83,29550,80.96
1535,223,2023,80,27823,76.23
1536,223,2024,41,16367,44.84
1537,223,2025,28,11016,30.18
1538,224,2020,4,1185,3.25
1539,224,2021,21,6404,17.55
1540,224,2022,15,3825,10.48
1541,224,2023,0,0,0.0
1542,224,2024,4,1743,4.78
1543,224,2025,110,38536,105.58
1544,225,2017,11,3509,9.61
1545,225,2018,27,7202,19.73
1546,225,2019,17,4900,13.42
1547,225,2020,8,3021,8.28
1548,225,2021,15,5646,15.47
1549,225,2022,36,7862,21.54
1550,225,2023,29,9362,25.65
1551,225,2024,32,10490,28.74
1552,225,2025,22,7004,19.19
1553,226,2023,30,11472,31.43
1554,226,2024,40,15268,41.83
1555,226,2025,57,20290,55.59
1556,227,2025,42,15817,43.33
1557,228,2013,1,257,0.7
1558,228,2014,0,0,0.0
1559,228,2015,1,289,0.79
1560,228,2016,0,0,0.0
1561,228,2017,0,0,0.0
1562,228,2018,1,0,0.0
1563,228,2019,2,596,1.63
1564,228,2020,12,3099,8.49
1565,228,2021,13,3299,9.04
1566,228,2022,6,3662,10.03
1567,228,2023,9,3376,9.25
1568,228,2024,14,3131,8.58
1569,228,2025,21,6383,17.49
1570,229,2021,19,5960,16.33
1571,229,2022,50,11870,32.52
1572,229,2023,58,18365,50.32
1573,229,2024,101,28037,76.81
1574,229,2025,109,28327,77.61
1575,230,2023,10,5478,15.01
1576,230,2024,1,239,0.65
1577,230,2025,11,3399,9.31
1578,231,2025,12,5613,15.38
1579,232,2013,2,886,2.43
1580,232,2014,0,0,0.0
1581,232,2015,0,0,0.0
1582,232,2016,0,0,0.0
1583,232,2017,0,0,0.0
1584,232,2018,0,0,0.0
1585,232,2019,0,0,0.0
1586,232,2020,0,0,0.0
1587,232,2021,10,4048,11.09
1588,232,2022,13,3972,10.88
1589,232,2023,23,5545,15.19
1590,232,2024,36,8956,24.54
1591,232,2025,30,7842,21.48
1592,233,2024,9,3548,9.72
1593,233,2025,77,29252,80.14
1594,234,2025,342,109012,298.66
1595,235,2025,2,505,1.38
1596,236,2023,8,2744,7.52
1597,236,2024,5,2015,5.52
1598,236,2025,32,15508,42.49
1599,237,2009,1,584,1.6
1600,237,2010,0,0,0.0
1601,237,2011,0,0,0.0
1602,237,2012,1,374,1.02
1603,237,2013,3,1101,3.02
1604,237,2014,6,2245,6.15
1605,237,2015,0,0,0.0
1606,237,2016,1,438,1.2
1607,237,2017,4,2180,5.97
1608,237,2018,12,5241,14.36
1609,237,2019,4,1254,3.44
1610,237,2020,19,7933,21.73
1611,237,2021,3,1829,5.01
1612,237,2022,10,4620,12.66
1613,237,2023,22,11757,32.21
1614,237,2024,55,19860,54.41
1615,237,2025,91,31924,87.46
1616,238,2010,1,302,0.83
1617,238,2011,0,0,0.0
1618,238,2012,2,640,1.75
1619,238,2013,0,0,0.0
1620,238,2014,1,234,0.64
1621,238,2015,0,0,0.0
1622,238,2016,0,0,0.0
1623,238,2017,0,0,0.0
1624,238,2018,0,0,0.0
1625,238,2019,0,0,0.0
1626,238,2020,0,0,0.0
1627,238,2021,0,0,0.0
1628,238,2022,2,739,2.02
1629,238,2023,9,3319,9.09
1630,238,2024,18,6126,16.78
1631,238,2025,19,8890,24.36
1632,239,2013,1,32,0.09
1633,239,2014,5,1552,4.25
1634,239,2015,6,1850,5.07
1635,239,2016,5,1810,4.96
1636,239,2017,5,1671,4.58
1637,239,2018,7,2329,6.38
1638,239,2019,7,2748,7.53
1639,239,2020,18,6001,16.44
1640,239,2021,40,13764,37.71
1641,239,2022,36,13019,35.67
1642,239,2023,53,16687,45.72
1643,239,2024,18,6022,16.5
1644,239,2025,19,6872,18.83
1645,240,2021,1,104,0.28
1646,240,2022,0,0,0.0
1647,240,2023,33,8621,23.62
1648,240,2024,60,16563,45.38
1649,240,2025,23,7155,19.6
1650,241,2017,1,416,1.14
1651,241,2018,8,3160,8.66
1652,241,2019,3,1329,3.64
1653,241,2020,28,10678,29.25
1654,241,2021,31,10869,29.78
1655,241,2022,30,10285,28.18
1656,241,2023,32,8609,23.59
1657,241,2024,19,5928,16.24
1658,241,2025,29,8125,22.26
1659,242,2024,18,7443,20.39
1660,242,2025,16,7231,19.81
1661,243,2020,3,1591,4.36
1662,243,2021,0,0,0.0
1663,243,2022,101,40749,111.64
1664,243,2023,113,42163,115.52
1665,243,2024,57,24213,66.34
1666,243,2025,68,26158,71.67
1667,244,2025,95,35210,96.47
1668,245,2023,9,2686,7.36
1669,245,2024,145,43176,118.29
1670,245,2025,173,47857,131.12
1671,246,2014,9,2635,7.22
1672,246,2015,54,23376,64.04
1673,246,2016,101,40270,110.33
1674,246,2017,102,36028,98.71
1675,246,2018,73,25646,70.26
1676,246,2019,65,21910,60.03
1677,246,2020,58,20339,55.72
1678,246,2021,44,18347,50.27
1679,246,2022,91,33640,92.16
1680,246,2023,101,36259,99.34
1681,246,2024,80,30804,84.39
1682,246,2025,89,34242,93.81
1683,247,2005,1,504,1.38
1684,247,2006,1,432,1.18
1685,247,2007,1,629,1.72
1686,247,2008,1,576,1.58
1687,247,2009,0,0,0.0
1688,247,2010,1,130,0.36
1689,247,2011,0,0,0.0
1690,247,2012,0,0,0.0
1691,247,2013,0,0,0.0
1692,247,2014,0,0,0.0
1693,247,2015,0,0,0.0
1694,247,2016,0,0,0.0
1695,247,2017,0,0,0.0
1696,247,2018,0,0,0.0
1697,247,2019,0,0,0.0
1698,247,2020,1,0,0.0
1699,247,2021,0,0,0.0
1700,247,2022,0,0,0.0
1701,247,2023,0,0,0.0
1702,247,2024,2,819,2.24
1703,247,2025,48,22686,62.15
1704,248,2023,44,15972,43.76
1705,248,2024,77,27875,76.37
1706,248,2025,53,18660,51.12
1707,249,2023,22,8880,24.33
1708,249,2024,100,42503,116.45
1709,249,2025,97,37179,101.86
1710,250,2019,2,695,1.9
1711,250,2020,0,0,0.0
1712,250,2021,5,1922,5.27
1713,250,2022,9,3491,9.56
1714,250,2023,11,5474,15.0
1715,250,2024,7,3054,8.37
1716,250,2025,10,3568,9.78
1717,251,2017,1,500,1.37
1718,251,2018,1,592,1.62
1719,251,2019,4,1743,4.78
1720,251,2020,7,2874,7.87
1721,251,2021,15,5725,15.68
1722,251,2022,22,7435,20.37
1723,251,2023,39,13433,36.8
1724,251,2024,14,4931,13.51
1725,251,2025,21,6659,18.24
1726,252,2012,1,208,0.57
1727,252,2013,0,0,0.0
1728,252,2014,0,0,0.0
1729,252,2015,1,403,1.1
1730,252,2016,30,10070,27.59
1731,252,2017,11,2946,8.07
1732,252,2018,8,3058,8.38
1733,252,2019,22,8567,23.47
1734,252,2020,20,7176,19.66
1735,252,2021,10,3763,10.31
1736,252,2022,11,3687,10.1
1737,252,2023,18,6975,19.11
1738,252,2024,28,10002,27.4
1739,252,2025,31,12313,33.73
1740,253,2025,55,26437,72.43
1741,254,2018,2,1193,3.27
1742,254,2019,11,4571,12.52
1743,254,2020,12,3764,10.31
1744,254,2021,21,10123,27.73
1745,254,2022,33,12243,33.54
1746,254,2023,59,21964,60.18
1747,254,2024,49,18597,50.95
1748,254,2025,30,12885,35.3
1749,255,2019,3,1835,5.03
1750,255,2020,3,1261,3.45
1751,255,2021,7,3534,9.68
1752,255,2022,5,2746,7.52
1753,255,2023,9,2708,7.42
1754,255,2024,38,16651,45.62
1755,255,2025,43,17331,47.48
1756,256,2024,77,29073,79.65
1757,256,2025,85,37420,102.52
1758,257,2009,2,639,1.75
1759,257,2010,0,0,0.0
1760,257,2011,0,0,0.0
1761,257,2012,0,0,0.0
1762,257,2013,0,0,0.0
1763,257,2014,0,0,0.0
1764,257,2015,1,528,1.45
1765,257,2016,10,3823,10.47
1766,257,2017,1,383,1.05
1767,257,2018,18,5068,13.88
1768,257,2019,16,4589,12.57
1769,257,2020,27,7128,19.53
1770,257,2021,22,5238,14.35
1771,257,2022,50,10512,28.8
1772,257,2023,61,11024,30.2
1773,257,2024,70,13470,36.9
1774,257,2025,46,11268,30.87
1775,258,2011,4,1107,3.03
1776,258,2012,44,12790,35.04
1777,258,2013,33,7718,21.15
1778,258,2014,36,8101,22.19
1779,258,2015,53,13355,36.59
1780,258,2016,62,12941,35.45
1781,258,2017,56,10711,29.35
1782,258,2018,44,7560,20.71
1783,258,2019,97,18547,50.81
1784,258,2020,88,14822,40.61
1785,258,2021,38,8925,24.45
1786,258,2022,18,5175,14.18
1787,258,2023,38,11612,31.81
1788,258,2024,45,14132,38.72
1789,258,2025,88,25772,70.61
1790,259,2022,9,3165,8.67
1791,259,2023,3,987,2.7
1792,259,2024,0,0,0.0
1793,259,2025,14,3775,10.34
1794,260,2025,51,21937,60.1
1795,261,2021,14,4920,13.48
1796,261,2022,20,6741,18.47
1797,261,2023,10,5526,15.14
1798,261,2024,33,12034,32.97
1799,261,2025,31,12429,34.05
1800,262,2024,214,76048,208.35
1801,262,2025,172,61870,169.51
1802,263,2016,3,947,2.59
1803,263,2017,9,3145,8.62
1804,263,2018,19,6958,19.06
1805,263,2019,57,19292,52.85
1806,263,2020,55,19352,53.02
1807,263,2021,56,18641,51.07
1808,263,2022,217,63533,174.06
1809,263,2023,319,99445,272.45
1810,263,2024,340,99257,271.94
1811,263,2025,380,111536,305.58
1812,264,2023,2,544,1.49
1813,264,2024,39,11542,31.62
1814,264,2025,13,3917,10.73
1815,265,2014,64,19860,54.41
1816,265,2015,38,12609,34.55
1817,265,2016,16,4914,13.46
1818,265,2017,23,6447,17.66
1819,265,2018,24,8528,23.36
1820,265,2019,23,8180,22.41
1821,265,2020,41,13935,38.18
1822,265,2021,35,10735,29.41
1823,265,2022,9,2851,7.81
1824,265,2023,26,6137,16.81
1825,265,2024,50,14733,40.36
1826,265,2025,89,25180,68.99
1827,266,2024,18,6576,18.02
1828,266,2025,29,9243,25.32
1829,267,2018,1,135,0.37
1830,267,2019,1,384,1.05
1831,267,2020,98,35795,98.07
1832,267,2021,110,39704,108.78
1833,267,2022,64,21054,57.68
1834,267,2023,32,11433,31.32
1835,267,2024,17,4445,12.18
1836,267,2025,46,13919,38.13
1837,268,2020,3,1446,3.96
1838,268,2021,26,9500,26.03
1839,268,2022,3,1104,3.02
1840,268,2023,6,2400,6.58
1841,268,2024,19,7345,20.12
1842,268,2025,18,7255,19.88
1843,269,2014,3,1070,2.93
1844,269,2015,14,3680,10.08
1845,269,2016,13,2642,7.24
1846,269,2017,4,1360,3.73
1847,269,2018,12,2882,7.9
1848,269,2019,10,2100,5.75
1849,269,2020,4,892,2.44
1850,269,2021,2,1326,3.63
1851,269,2022,1,296,0.81
1852,269,2023,21,3855,10.56
1853,269,2024,23,7848,21.5
1854,269,2025,35,8889,24.35
1855,270,2017,30,7553,20.69
1856,270,2018,22,8139,22.3
1857,270,2019,11,3691,10.11
1858,270,2020,46,13076,35.82
1859,270,2021,60,22868,62.65
1860,270,2022,45,16775,45.96
1861,270,2023,58,24063,65.93
1862,270,2024,67,27518,75.39
1863,270,2025,70,28915,79.22
1864,271,2012,1,105,0.29
1865,271,2013,0,0,0.0
1866,271,2014,0,0,0.0
1867,271,2015,0,0,0.0
1868,271,2016,0,0,0.0
1869,271,2017,0,0,0.0
1870,271,2018,1,1325,3.63
1871,271,2019,2,1572,4.31
1872,271,2020,5,2987,8.18
1873,271,2021,12,4678,12.82
1874,271,2022,7,2575,7.05
1875,271,2023,14,5391,14.77
1876,271,2024,21,7508,20.57
1877,271,2025,49,18617,51.01
1878,272,2010,1,0,0.0
1879,272,2011,0,0,0.0
1880,272,2012,1,0,0.0
1881,272,2013,0,0,0.0
1882,272,2014,0,0,0.0
1883,272,2015,0,0,0.0
1884,272,2016,0,0,0.0
1885,272,2017,1,323,0.88
1886,272,2018,0,0,0.0
1887,272,2019,0,0,0.0
1888,272,2020,1,336,0.92
1889,272,2021,2,588,1.61
1890,272,2022,1,272,0.75
1891,272,2023,3,622,1.7
1892,272,2024,13,3618,9.91
1893,272,2025,76,16604,45.49
1894,273,2023,1,1377,3.77
1895,273,2024,57,20870,57.18
1896,273,2025,90,34594,94.78
1897,274,2002,1,509,1.39
1898,274,2003,0,0,0.0
1899,274,2004,0,37,0.1
1900,274,2005,0,108,0.3
1901,274,2006,0,0,0.0
1902,274,2007,1,225,0.62
1903,274,2008,0,0,0.0
1904,274,2009,0,0,0.0
1905,274,2010,0,0,0.0
1906,274,2011,0,0,0.0
1907,274,2012,0,0,0.0
1908,274,2013,1,256,0.7
1909,274,2014,4,837,2.29
1910,274,2015,1,220,0.6
1911,274,2016,1,256,0.7
1912,274,2017,1,336,0.92
1913,274,2018,0,28,0.08
1914,274,2019,4,4567,12.51
1915,274,2020,0,0,0.0
1916,274,2021,0,0,0.0
1917,274,2022,0,0,0.0
1918,274,2023,3,992,2.72
1919,274,2024,6,2154,5.9
1920,274,2025,19,8698,23.83
1921,275,2025,14,6419,17.59
1922,276,2024,106,34891,95.59
1923,276,2025,116,42159,115.5
1924,277,2020,2,800,2.19
1925,277,2021,49,16126,44.18
1926,277,2022,67,20821,57.04
1927,277,2023,95,36378,99.67
1928,277,2024,99,39844,109.16
1929,277,2025,115,44135,120.92
1930,278,2025,147,52703,144.39
1931,279,2025,62,23198,63.56
1932,280,2025,4,1131,3.1
1933,281,2019,24,9251,25.35
1934,281,2020,100,33496,91.77
1935,281,2021,42,14434,39.55
1936,281,2022,62,19051,52.19
1937,281,2023,51,12771,34.99
1938,281,2024,52,12957,35.5
1939,281,2025,46,11904,32.61
1940,282,2023,10,4145,11.36
1941,282,2024,50,16326,44.73
1942,282,2025,37,14152,38.77
1943,283,2011,2,140,0.38
1944,283,2012,3,917,2.51
1945,283,2013,1,118,0.32
1946,283,2014,8,2787,7.64
1947,283,2015,12,4072,11.16
1948,283,2016,19,4628,12.68
1949,283,2017,12,2511,6.88
1950,283,2018,16,3321,9.1
1951,283,2019,9,832,2.28
1952,283,2020,29,5228,14.32
1953,283,2021,100,18917,51.83
1954,283,2022,70,10713,29.35
1955,283,2023,40,6264,17.16
1956,283,2024,41,8320,22.79
1957,283,2025,24,3708,10.16
1958,284,2021,17,6263,17.16
1959,284,2022,55,19414,53.19
1960,284,2023,0,0,0.0
1961,284,2024,0,0,0.0
1962,284,2025,89,32757,89.75
1963,285,2017,2,730,2.0
1964,285,2018,0,0,0.0
1965,285,2019,0,0,0.0
1966,285,2020,0,0,0.0
1967,285,2021,0,0,0.0
1968,285,2022,0,0,0.0
1969,285,2023,12,5763,15.79
1970,285,2024,44,15258,41.8
1971,285,2025,255,94635,259.27
1972,286,2017,2,1597,4.38
1973,286,2018,23,7697,21.09
1974,286,2019,47,17169,47.04
1975,286,2020,62,24036,65.85
1976,286,2021,55,22950,62.88
1977,286,2022,34,14958,40.98
1978,286,2023,9,4703,12.88
1979,286,2024,45,19853,54.39
1980,286,2025,63,23185,63.52
1981,287,2024,7,3435,9.41
1982,287,2025,89,23833,65.3
1983,288,2018,2,384,1.05
1984,288,2019,0,0,0.0
1985,288,2020,0,0,0.0
1986,288,2021,21,7460,20.44
1987,288,2022,10,3471,9.51
1988,288,2023,20,5538,15.17
1989,288,2024,25,8969,24.57
1990,288,2025,17,5155,14.12
1991,289,2013,1,448,1.23
1992,289,2014,1,179,0.49
1993,289,2015,0,0,0.0
1994,289,2016,0,0,0.0
1995,289,2017,0,0,0.0
1996,289,2018,0,0,0.0
1997,289,2019,0,0,0.0
1998,289,2020,0,0,0.0
1999,289,2021,0,0,0.0
2000,289,2022,0,0,0.0
2001,289,2023,5,2296,6.29
2002,289,2024,7,2210,6.05
2003,289,2025,3,1769,4.85
2004,290,2023,1,336,0.92
2005,290,2024,49,18380,50.36
2006,290,2025,117,38579,105.7
2007,291,2022,6,2178,5.97
2008,291,2023,13,4748,13.01
2009,291,2024,17,8978,24.6
2010,291,2025,29,12324,33.76
2011,292,2015,23,6592,18.06
2012,292,2016,40,12883,35.3
2013,292,2017,28,7516,20.59
2014,292,2018,44,16223,44.45
2015,292,2019,39,9666,26.48
2016,292,2020,31,8875,24.32
2017,292,2021,43,13844,37.93
2018,292,2022,42,13775,37.74
2019,292,2023,180,43741,119.84
2020,292,2024,144,33891,92.85
2021,292,2025,119,31688,86.82
2022,293,1997,1,36,0.1
2023,293,1998,0,0,0.0
2024,293,1999,0,0,0.0
2025,293,2000,0,0,0.0
2026,293,2001,2,658,1.8
2027,293,2002,2,1187,3.25
2028,293,2003,3,1255,3.44
2029,293,2004,3,640,1.75
2030,293,2005,2,531,1.45
2031,293,2006,2,558,1.53
2032,293,2007,2,989,2.71
2033,293,2008,2,676,1.85
2034,293,2009,3,1406,3.85
2035,293,2010,2,970,2.66
2036,293,2011,2,499,1.37
2037,293,2012,3,768,2.1
2038,293,2013,2,358,0.98
2039,293,2014,2,544,1.49
2040,293,2015,3,559,1.53
2041,293,2016,1,367,1.01
2042,293,2017,2,774,2.12
2043,293,2018,3,863,2.36
2044,293,2019,2,404,1.11
2045,293,2020,2,517,1.42
2046,293,2021,2,802,2.2
2047,293,2022,2,544,1.49
2048,293,2023,4,1525,4.18
2049,293,2024,12,4682,12.83
2050,293,2025,34,10903,29.87
2051,294,2024,16,5094,13.96
2052,294,2025,103,29102,79.73
2053,295,2025,37,12297,33.69
2054,296,2016,2,835,2.29
2055,296,2017,16,5745,15.74
2056,296,2018,31,13963,38.25
2057,296,2019,8,3708,10.16
2058,296,2020,10,3339,9.15
2059,296,2021,4,1122,3.07
2060,296,2022,93,28210,77.29
2061,296,2023,85,26991,73.95
2062,296,2024,107,35664,97.71
2063,296,2025,94,34992,95.87
2064,297,2014,3,1068,2.93
2065,297,2015,0,0,0.0
2066,297,2016,0,0,0.0
2067,297,2017,0,0,0.0
2068,297,2018,0,0,0.0
2069,297,2019,0,0,0.0
2070,297,2020,0,0,0.0
2071,297,2021,0,0,0.0
2072,297,2022,0,0,0.0
2073,297,2023,34,20058,54.95
2074,297,2024,278,109827,300.9
2075,297,2025,218,94692,259.43
2076,298,2017,101,41560,113.86
2077,298,2018,67,30921,84.72
2078,298,2019,45,20130,55.15
2079,298,2020,59,28207,77.28
2080,298,2021,42,18817,51.55
2081,298,2022,61,26889,73.67
2082,298,2023,75,32040,87.78
2083,298,2024,103,43251,118.5
2084,298,2025,99,43757,119.88
2085,299,2023,80,28592,78.33
2086,299,2024,72,27737,75.99
2087,299,2025,81,28442,77.92
2088,300,2020,5,1969,5.39
2089,300,2021,0,0,0.0
2090,300,2022,0,0,0.0
2091,300,2023,0,0,0.0
2092,300,2024,0,0,0.0
2093,300,2025,13,3917,10.73
2094,301,2025,20,10421,28.55
2095,302,2020,1,206,0.56
2096,302,2021,0,0,0.0
2097,302,2022,0,0,0.0
2098,302,2023,0,0,0.0
2099,302,2024,48,24649,67.53
2100,302,2025,104,51975,142.4
2101,303,1996,3,76,0.21
2102,303,1997,4,303,0.83
2103,303,1998,6,232,0.64
2104,303,1999,13,1186,3.25
2105,303,2000,30,4981,13.65
2106,303,2001,12,1501,4.11
2107,303,2002,26,4516,12.37
2108,303,2003,12,3556,9.74
2109,303,2004,3,492,1.35
2110,303,2005,7,1494,4.09
2111,303,2006,9,2613,7.16
2112,303,2007,16,5392,14.77
2113,303,2008,3,1618,4.43
2114,303,2009,2,381,1.04
2115,303,2010,7,4014,11.0
2116,303,2011,10,4742,12.99
2117,303,2012,4,2598,7.12
2118,303,2013,11,5701,15.62
2119,303,2014,15,10045,27.52
2120,303,2015,21,4941,13.54
2121,303,2016,10,3287,9.01
2122,303,2017,61,15602,42.75
2123,303,2018,86,20545,56.29
2124,303,2019,161,19017,52.1
2125,303,2020,88,17137,46.95
2126,303,2021,59,10604,29.05
2127,303,2022,43,9856,27.0
2128,303,2023,68,17701,48.5
2129,303,2024,84,22484,61.6
2130,303,2025,84,22144,60.67
2131,304,2021,7,2575,7.05
2132,304,2022,23,8341,22.85
2133,304,2023,24,7616,20.87
2134,304,2024,23,7563,20.72
2135,304,2025,31,10483,28.72
2136,305,2025,66,22479,61.59
2137,306,2021,12,3802,10.42
2138,306,2022,28,8047,22.05
2139,306,2023,60,17812,48.8
2140,306,2024,58,16770,45.95
2141,306,2025,52,15359,42.08
2142,307,2007,1,384,1.05
2143,307,2008,0,0,0.0
2144,307,2009,0,0,0.0
2145,307,2010,1,240,0.66
2146,307,2011,16,5264,14.42
2147,307,2012,57,18205,49.88
2148,307,2013,36,13026,35.69
2149,307,2014,30,12765,34.97
2150,307,2015,43,12704,34.81
2151,307,2016,69,17524,48.01
2152,307,2017,44,12721,34.85
2153,307,2018,53,15582,42.69
2154,307,2019,43,10283,28.17
2155,307,2020,82,18580,50.9
2156,307,2021,94,25997,71.22
2157,307,2022,115,28564,78.26
2158,307,2023,134,36782,100.77
2159,307,2024,151,50690,138.88
2160,307,2025,121,37201,101.92
2161,308,2021,2,873,2.39
2162,308,2022,1,395,1.08
2163,308,2023,7,2781,7.62
2164,308,2024,90,32834,89.96
2165,308,2025,66,23030,63.1
2166,309,2024,290,79666,218.26
2167,309,2025,309,94072,257.73
2168,310,2022,3,1456,3.99
2169,311,2010,36,18831,51.59
2170,311,2011,70,20560,56.33
2171,311,2012,75,25520,69.92
2172,311,2013,78,18866,51.69
2173,311,2014,48,15251,41.78
2174,311,2015,80,22471,61.56
2175,311,2016,82,25509,69.89
2176,311,2017,114,39160,107.29
2177,311,2018,46,12534,34.34
2178,311,2019,15,4182,11.46
2179,311,2020,31,10517,28.81
2180,311,2021,48,13781,37.76
2181,311,2022,62,19743,54.09
2182,311,2023,55,19201,52.61
2183,311,2024,126,44763,122.64
2184,311,2025,149,53624,146.92
2185,312,2024,27,9959,27.28
2186,312,2025,42,14785,40.51
2187,313,2018,4,1710,4.68
2188,313,2019,4,458,1.25
2189,313,2020,0,0,0.0
2190,313,2021,2,40,0.11
2191,313,2022,18,5689,15.59
2192,313,2023,109,39088,107.09
2193,313,2024,103,36790,100.79
2194,313,2025,82,28230,77.34
2195,314,2015,1,512,1.4
2196,314,2016,1,410,1.12
2197,314,2017,0,0,0.0
2198,314,2018,1,416,1.14
2199,314,2019,1,800,2.19
2200,314,2020,28,11375,31.16
2201,314,2021,57,26035,71.33
2202,314,2022,31,12232,33.51
2203,314,2023,31,13236,36.26
2204,314,2024,41,16172,44.31
2205,314,2025,87,36941,101.21
2206,315,2025,215,83889,229.83
2207,316,2024,10,3149,8.63
2208,316,2025,25,9138,25.04
2209,317,2017,34,10832,29.68
2210,317,2018,128,43073,118.01
2211,317,2019,149,43676,119.66
2212,317,2020,167,35800,98.08
2213,317,2021,170,38685,105.99
2214,317,2022,160,37726,103.36
2215,317,2023,177,56732,155.43
2216,317,2024,202,67118,183.88
2217,317,2025,150,49790,136.41
2218,318,2025,34,13316,36.48
2219,319,2025,44,19130,52.41
2220,320,2025,79,27605,75.63
2221,321,2022,40,14171,38.82
2222,321,2023,46,18774,51.44
2223,321,2024,72,24972,68.42
2224,321,2025,102,39049,106.98
2225,322,2025,8,3925,10.75
2226,323,2014,10,3623,9.93
2227,323,2015,0,0,0.0
2228,323,2016,0,0,0.0
2229,323,2017,0,0,0.0
2230,323,2018,8,3254,8.92
2231,323,2019,1,266,0.73
2232,323,2020,6,2018,5.53
2233,323,2021,40,12192,33.4
2234,323,2022,16,5324,14.59
2235,323,2023,12,4148,11.36
2236,323,2024,5,1657,4.54
2237,323,2025,9,3485,9.55
2238,324,2021,1,384,1.05
2239,324,2022,3,784,2.15
2240,324,2023,1,410,1.12
2241,324,2024,2,607,1.66
2242,324,2025,3,1092,2.99
2243,325,2024,5,1115,3.05
2244,325,2025,38,12939,35.45
2245,326,2022,53,16764,45.93
2246,326,2023,90,34019,93.2
2247,326,2024,91,35260,96.6
2248,326,2025,41,16295,44.64
2249,327,2024,5,1548,4.24
2250,327,2025,29,12527,34.32
2251,328,2024,22,6832,18.72
2252,328,2025,36,14823,40.61
2253,329,2024,39,16402,44.94
2254,329,2025,110,41042,112.44
2255,330,2024,1,245,0.67
2256,330,2025,16,5888,16.13
2257,331,2017,30,10672,29.24
2258,331,2018,6,2329,6.38
2259,331,2019,8,3040,8.33
2260,331,2020,26,8174,22.39
2261,331,2021,79,29850,81.78
2262,331,2022,136,51857,142.07
2263,331,2023,145,55097,150.95
2264,331,2024,156,58371,159.92
2265,331,2025,220,75348,206.43
2266,332,2023,21,6966,19.08
2267,332,2024,0,0,0.0
2268,332,2025,3,1353,3.71
2269,333,2025,89,26001,71.24
2270,334,2024,73,34500,94.52
2271,334,2025,208,87912,240.85
2272,335,2021,1,658,1.8
2273,335,2022,1,288,0.79
2274,335,2023,2,594,1.63
2275,335,2024,53,21976,60.21
2276,335,2025,65,24758,67.83
2277,336,2018,1,344,0.94
2278,336,2019,0,0,0.0
2279,336,2020,0,0,0.0
2280,336,2021,2,846,2.32
2281,336,2022,0,0,0.0
2282,336,2023,1,256,0.7
2283,336,2024,2,798,2.19
2284,336,2025,7,2546,6.98
2285,337,2021,30,10747,29.44
2286,337,2022,20,8587,23.53
2287,337,2023,34,14163,38.8
2288,337,2024,53,17583,48.17
2289,337,2025,61,17889,49.01
2290,338,2023,6,2271,6.22
2291,338,2024,24,9507,26.05
2292,338,2025,24,8977,24.59
2293,339,2022,1,370,1.01
2294,339,2023,5,1845,5.05
2295,339,2024,28,14027,38.43
2296,339,2025,19,10242,28.06
2297,340,2023,107,34871,95.54
2298,340,2024,79,27142,74.36
2299,340,2025,52,22017,60.32
2300,341,2022,1,5152,14.12
2301,341,2023,0,12398,33.97
2302,341,2024,3,1550,4.25
2303,341,2025,6,2918,7.99
2304,342,2023,1,305,0.84
2305,342,2024,35,11403,31.24
2306,342,2025,26,7536,20.65
2307,343,2024,3,948,2.6
2308,343,2025,25,9424,25.82
2309,344,2025,340,115462,316.33
2310,345,2022,5,1990,5.45
2311,345,2023,45,19971,54.72
2312,345,2024,136,50014,137.02
2313,345,2025,126,38139,104.49
2314,346,2025,6,2150,5.89
2315,347,2015,1,304,0.83
2316,347,2016,0,0,0.0
2317,347,2017,0,0,0.0
2318,347,2018,0,0,0.0
2319,347,2019,0,0,0.0
2320,347,2020,0,0,0.0
2321,347,2021,0,0,0.0
2322,347,2022,0,0,0.0
2323,347,2023,0,0,0.0
2324,347,2024,12,5947,16.29
2325,347,2025,23,12497,34.24
2326,348,2020,1,291,0.8
2327,348,2021,8,2676,7.33
2328,348,2022,4,1132,3.1
2329,348,2023,1,342,0.94
2330,348,2024,12,3820,10.47
2331,348,2025,38,11491,31.48
2332,349,2023,45,16830,46.11
2333,349,2024,154,59109,161.94
2334,349,2025,126,44895,123.0
2335,350,2013,53,19454,53.3
2336,350,2014,103,36385,99.68
2337,350,2015,83,31564,86.48
2338,350,2016,25,9911,27.15
2339,350,2017,27,12787,35.03
2340,350,2018,25,12132,33.24
2341,350,2019,19,10240,28.05
2342,350,2020,25,11248,30.82
2343,350,2021,46,18942,51.9
2344,350,2022,75,28179,77.2
2345,350,2023,73,27607,75.64
2346,350,2024,103,40913,112.09
2347,350,2025,69,23804,65.22
2348,351,2007,1,0,0.0
2349,351,2008,0,0,0.0
2350,351,2009,9,2553,6.99
2351,351,2010,3,838,2.3
2352,351,2011,3,966,2.65
2353,351,2012,3,902,2.47
2354,351,2013,3,1108,3.04
2355,351,2014,0,0,0.0
2356,351,2015,0,0,0.0
2357,351,2016,0,0,0.0
2358,351,2017,0,0,0.0
2359,351,2018,0,0,0.0
2360,351,2019,1,432,1.18
2361,351,2020,5,2984,8.18
2362,351,2021,3,1074,2.94
2363,351,2022,60,21633,59.27
2364,351,2023,157,60196,164.92
2365,351,2024,162,54519,149.37
2366,351,2025,158,53742,147.24
2367,352,2023,90,40512,110.99
2368,352,2024,351,154292,422.72
2369,352,2025,469,193093,529.02
2370,353,2010,32,10352,28.36
2371,353,2011,75,23505,64.4
2372,353,2012,77,22914,62.78
2373,353,2013,95,32646,89.44
2374,353,2014,22,6923,18.97
2375,353,2015,15,5842,16.01
2376,353,2016,64,20266,55.52
2377,353,2017,89,27545,75.47
2378,353,2018,59,22388,61.34
2379,353,2019,84,39275,107.6
2380,353,2020,159,96307,263.85
2381,353,2021,243,90304,247.41
2382,353,2022,338,111761,306.19
2383,353,2023,321,112301,307.67
2384,353,2024,235,80022,219.24
2385,353,2025,231,85405,233.99
2386,354,2013,13,3845,10.53
2387,354,2014,3,848,2.32
2388,354,2015,1,0,0.0
2389,354,2016,0,0,0.0
2390,354,2017,1,315,0.86
2391,354,2018,6,1985,5.44
2392,354,2019,8,2565,7.03
2393,354,2020,13,4399,12.05
2394,354,2021,1,288,0.79
2395,354,2022,0,0,0.0
2396,354,2023,0,0,0.0
2397,354,2024,1,370,1.01
2398,354,2025,106,35174,96.37
2399,355,2014,2,703,1.93
2400,355,2015,0,0,0.0
2401,355,2016,11,6059,16.6
2402,355,2017,1,388,1.06
2403,355,2018,6,2122,5.81
2404,355,2019,28,9631,26.39
2405,355,2020,84,32619,89.37
2406,355,2021,90,28695,78.62
2407,355,2022,58,21642,59.29
2408,355,2023,76,31095,85.19
2409,355,2024,87,30292,82.99
2410,355,2025,92,32015,87.71
2411,356,2014,2,765,2.1
2412,356,2015,1,390,1.07
2413,356,2016,0,0,0.0
2414,356,2017,1,369,1.01
2415,356,2018,0,0,0.0
2416,356,2019,0,0,0.0
2417,356,2020,0,0,0.0
2418,356,2021,0,0,0.0
2419,356,2022,1,389,1.07
2420,356,2023,1,152,0.42
2421,356,2024,20,10009,27.42
2422,356,2025,19,7841,21.48
2423,357,2024,28,9944,27.24
2424,357,2025,40,14909,40.85
2425,358,2021,9,3761,10.3
2426,358,2022,1,471,1.29
2427,358,2023,42,14657,40.16
2428,358,2024,65,25089,68.74
2429,358,2025,48,18081,49.54
2430,359,2015,31,9727,26.65
2431,359,2016,81,22234,60.92
2432,359,2017,157,43271,118.55
2433,359,2018,179,47686,130.65
2434,359,2019,188,54419,149.09
2435,359,2020,148,45494,124.64
2436,359,2021,120,30443,83.41
2437,359,2022,114,34456,94.4
2438,359,2023,107,34472,94.44
2439,359,2024,121,42353,116.04
2440,359,2025,154,48553,133.02
2441,360,2018,29,10076,27.61
2442,360,2019,10,2528,6.93
2443,360,2020,14,2878,7.88
2444,360,2021,5,1256,3.44
2445,360,2022,84,19244,52.72
2446,360,2023,168,45725,125.27
2447,360,2024,300,76353,209.19
2448,360,2025,334,90786,248.73
2449,361,2010,3,1311,3.59
2450,361,2011,5,2233,6.12
2451,361,2012,3,1621,4.44
2452,361,2013,7,3046,8.35
2453,361,2014,18,8582,23.51
2454,361,2015,11,4143,11.35
2455,361,2016,20,9978,27.34
2456,361,2017,1,404,1.11
2457,361,2018,5,2451,6.72
2458,361,2019,1,435,1.19
2459,361,2020,3,1757,4.81
2460,361,2021,1,462,1.27
2461,361,2022,1,1007,2.76
2462,361,2023,34,18211,49.89
2463,361,2024,12,5849,16.02
2464,361,2025,15,8423,23.08
2465,362,2018,1,210,0.58
2466,362,2019,0,0,0.0
2467,362,2020,1,189,0.52
2468,362,2021,1,208,0.57
2469,362,2022,0,0,0.0
2470,362,2023,1,312,0.85
2471,362,2024,5,1257,3.44
2472,362,2025,17,4865,13.33
2473,363,2016,18,5874,16.09
2474,363,2017,1,460,1.26
2475,363,2018,21,7680,21.04
2476,363,2019,35,13235,36.26
2477,363,2020,4,1120,3.07
2478,363,2021,5,2105,5.77
2479,363,2022,1,271,0.74
2480,363,2023,10,3623,9.93
2481,363,2024,6,1804,4.94
2482,363,2025,27,7122,19.51
2483,364,2009,1,440,1.21
2484,364,2010,0,0,0.0
2485,364,2011,0,0,0.0
2486,364,2012,0,0,0.0
2487,364,2013,0,0,0.0
2488,364,2014,0,0,0.0
2489,364,2015,0,0,0.0
2490,364,2016,0,0,0.0
2491,364,2017,0,0,0.0
2492,364,2018,0,0,0.0
2493,364,2019,0,0,0.0
2494,364,2020,0,0,0.0
2495,364,2021,5,1612,4.42
2496,364,2022,26,8313,22.78
2497,364,2023,35,13700,37.53
2498,364,2024,42,14479,39.67
2499,364,2025,38,13042,35.73
2500,365,2012,4,1583,4.34
2501,365,2013,6,1881,5.15
2502,365,2014,8,2413,6.61
2503,365,2015,25,7398,20.27
2504,365,2016,28,10635,29.14
2505,365,2017,36,8627,23.64
2506,365,2018,31,8576,23.5
2507,365,2019,28,8059,22.08
2508,365,2020,29,5886,16.13
2509,365,2021,18,4521,12.39
2510,365,2022,0,0,0.0
2511,365,2023,0,0,0.0
2512,365,2024,0,0,0.0
2513,365,2025,15,4999,13.7
2514,366,2023,17,6142,16.83
2515,366,2024,16,6357,17.42
2516,366,2025,17,5705,15.63
2517,367,2017,3,704,1.93
2518,367,2018,2,594,1.63
2519,367,2019,1,352,0.96
2520,367,2020,4,1443,3.95
2521,367,2021,3,1411,3.87
2522,367,2022,5,1662,4.55
2523,367,2023,9,2803,7.68
2524,367,2024,9,3290,9.01
2525,367,2025,28,9786,26.81
2526,368,2019,15,4864,13.33
2527,368,2020,36,12710,34.82
2528,368,2021,35,12813,35.1
2529,368,2022,40,17140,46.96
2530,368,2023,40,14128,38.71
2531,368,2024,40,16162,44.28
2532,368,2025,38,14320,39.23
2533,369,2024,30,13920,38.14
2534,369,2025,40,17258,47.28
2535,370,2024,100,28292,77.51
2536,370,2025,141,35554,97.41
2537,371,2023,59,22052,60.42
2538,371,2024,243,98095,268.75
2539,371,2025,231,90590,248.19
2540,372,2011,43,15332,42.01
2541,372,2012,66,25664,70.31
2542,372,2013,28,10166,27.85
2543,372,2014,11,3816,10.45
2544,372,2015,8,2886,7.91
2545,372,2016,9,3029,8.3
2546,372,2017,5,1509,4.13
2547,372,2018,18,4717,12.92
2548,372,2019,10,2637,7.22
2549,372,2020,34,9156,25.08
2550,372,2021,75,21682,59.4
2551,372,2022,34,12418,34.02
2552,372,2023,27,11428,31.31
2553,372,2024,51,17560,48.11
2554,372,2025,21,7557,20.7
2555,373,2018,6,2722,7.46
2556,373,2019,10,4694,12.86
2557,373,2020,12,5739,15.72
2558,373,2021,19,7215,19.77
2559,373,2022,10,3857,10.57
2560,373,2023,134,53813,147.43
2561,373,2024,167,66989,183.53
2562,373,2025,149,67611,185.24
2563,374,2025,48,15442,42.31
2564,375,2020,2,694,1.9
2565,375,2021,0,0,0.0
2566,375,2022,0,0,0.0
2567,375,2023,2,630,1.73
2568,375,2024,7,3168,8.68
2569,375,2025,54,22365,61.27
2570,376,2024,22,6066,16.62
2571,376,2025,15,4370,11.97
2572,377,2022,4,1800,4.93
2573,377,2023,36,12369,33.89
2574,377,2024,49,17180,47.07
2575,377,2025,47,15027,41.17
2576,378,2024,110,52619,144.16
2577,378,2025,108,44592,122.17
2578,379,2019,10,3122,8.55
2579,379,2020,26,6415,17.58
2580,379,2021,47,14855,40.7
2581,379,2022,44,11936,32.7
2582,379,2023,65,15017,41.14
2583,379,2024,85,22150,60.68
2584,379,2025,85,23349,63.97
2585,380,2007,1,216,0.59
2586,380,2008,0,0,0.0
2587,380,2009,0,0,0.0
2588,380,2010,0,0,0.0
2589,380,2011,0,0,0.0
2590,380,2012,0,0,0.0
2591,380,2013,0,0,0.0
2592,380,2014,0,0,0.0
2593,380,2015,0,0,0.0
2594,380,2016,0,0,0.0
2595,380,2017,0,0,0.0
2596,380,2018,0,0,0.0
2597,380,2019,23,6682,18.31
2598,380,2020,88,27557,75.5
2599,380,2021,121,37569,102.93
2600,380,2022,116,35629,97.61
2601,380,2023,112,32348,88.62
2602,380,2024,112,38511,105.51
2603,380,2025,124,40697,111.5
2604,381,2025,85,35353,96.86
2605,382,2018,2,592,1.62
2606,382,2019,1,352,0.96
2607,382,2020,111,29225,80.07
2608,382,2021,178,60846,166.7
2609,382,2022,262,81413,223.05
2610,382,2023,290,78572,215.27
2611,382,2024,312,98644,270.26
2612,382,2025,284,88754,243.16
2613,383,2025,97,40388,110.65
2614,384,2024,4,1370,3.75
2615,384,2025,28,8754,23.98
2616,385,2019,1,152,0.42
2617,385,2020,0,0,0.0
2618,385,2021,1,210,0.58
2619,385,2022,1,559,1.53
2620,385,2023,25,7153,19.6
2621,385,2024,27,7980,21.86
2622,385,2025,28,7963,21.82
2623,386,2001,1,85,0.23
2624,386,2002,0,0,0.0
2625,386,2003,0,0,0.0
2626,386,2004,0,0,0.0
2627,386,2005,0,0,0.0
2628,386,2006,0,0,0.0
2629,386,2007,0,0,0.0
2630,386,2008,0,0,0.0
2631,386,2009,0,0,0.0
2632,386,2010,0,0,0.0
2633,386,2011,0,0,0.0
2634,386,2012,1,217,0.59
2635,386,2013,1,28,0.08
2636,386,2014,1,302,0.83
2637,386,2015,0,0,0.0
2638,386,2016,1,91,0.25
2639,386,2017,0,0,0.0
2640,386,2018,0,0,0.0
2641,386,2019,0,0,0.0
2642,386,2020,0,0,0.0
2643,386,2021,2,757,2.07
2644,386,2022,0,0,0.0
2645,386,2023,1,240,0.66
2646,386,2024,4,1048,2.87
2647,386,2025,61,13218,36.21
2648,387,2022,1,401,1.1
2649,387,2023,12,4193,11.49
2650,387,2024,24,10129,27.75
2651,387,2025,27,10821,29.65
2652,388,2015,2,716,1.96
2653,388,2016,1,294,0.81
2654,388,2017,0,0,0.0
2655,388,2018,0,0,0.0
2656,388,2019,0,0,0.0
2657,388,2020,37,12677,34.73
2658,388,2021,34,9619,26.35
2659,388,2022,47,13993,38.34
2660,388,2023,42,11212,30.72
2661,388,2024,47,14368,39.36
2662,388,2025,78,27319,74.85
2663,389,2020,3,1032,2.83
2664,389,2021,0,0,0.0
2665,389,2022,44,15815,43.33
2666,389,2023,214,67219,184.16
2667,389,2024,483,165305,452.89
2668,389,2025,466,154263,422.64
2669,390,2019,2,926,2.54
2670,390,2020,12,2745,7.52
2671,390,2021,3,905,2.48
2672,390,2022,20,7175,19.66
2673,390,2023,41,13022,35.68
2674,390,2024,35,12671,34.72
2675,390,2025,103,37781,103.51
2676,391,2023,63,21974,60.2
2677,391,2024,86,29335,80.37
2678,391,2025,75,26308,72.08
2679,392,2010,1,325,0.89
2680,392,2011,0,0,0.0
2681,392,2012,0,0,0.0
2682,392,2013,0,0,0.0
2683,392,2014,0,0,0.0
2684,392,2015,0,0,0.0
2685,392,2016,0,0,0.0
2686,392,2017,0,0,0.0
2687,392,2018,2,864,2.37
2688,392,2019,29,9968,27.31
2689,392,2020,47,17017,46.62
2690,392,2021,61,22731,62.28
2691,392,2022,52,19171,52.52
2692,392,2023,51,18084,49.55
2693,392,2024,48,18504,50.7
2694,392,2025,56,21111,57.84
2695,393,2021,1,246,0.67
2696,393,2022,0,0,0.0
2697,393,2023,35,13779,37.75
2698,393,2024,47,16686,45.72
2699,393,2025,73,25706,70.43
2700,394,2019,9,3882,10.64
2701,394,2020,10,2494,6.83
2702,394,2021,41,15816,43.33
2703,394,2022,85,28531,78.17
2704,394,2023,120,45826,125.55
2705,394,2024,120,43598,119.45
2706,394,2025,119,44029,120.63
2707,395,2014,1,140,0.38
2708,395,2015,0,0,0.0
2709,395,2016,0,0,0.0
2710,395,2017,0,0,0.0
2711,395,2018,1,254,0.7
2712,395,2019,0,0,0.0
2713,395,2020,2,464,1.27
2714,395,2021,0,0,0.0
2715,395,2022,2,451,1.24
2716,395,2023,0,0,0.0
2717,395,2024,46,16430,45.01
2718,395,2025,464,180554,494.67
2719,396,2021,17,5463,14.97
2720,396,2022,21,6298,17.25
2721,396,2023,18,5119,14.02
2722,396,2024,31,9133,25.02
2723,396,2025,19,3836,10.51
2724,397,2001,1,478,1.31
2725,397,2002,1,188,0.52
2726,397,2003,1,240,0.66
2727,397,2004,1,176,0.48
2728,397,2005,0,0,0.0
2729,397,2006,1,144,0.39
2730,397,2007,0,0,0.0
2731,397,2008,0,0,0.0
2732,397,2009,0,0,0.0
2733,397,2010,1,192,0.53
2734,397,2011,0,0,0.0
2735,397,2012,0,0,0.0
2736,397,2013,1,331,0.91
2737,397,2014,1,400,1.1
2738,397,2015,3,1586,4.35
2739,397,2016,0,0,0.0
2740,397,2017,3,1513,4.15
2741,397,2018,0,0,0.0
2742,397,2019,0,0,0.0
2743,397,2020,0,0,0.0
2744,397,2021,1,400,1.1
2745,397,2022,0,0,0.0
2746,397,2023,1,625,1.71
2747,397,2024,11,3851,10.55
2748,397,2025,50,19744,54.09
2749,398,2011,1,402,1.1
2750,398,2012,9,3823,10.47
2751,398,2013,3,1385,3.79
2752,398,2014,5,1385,3.79
2753,398,2015,1,433,1.19
2754,398,2016,17,5191,14.22
2755,398,2017,16,4750,13.01
2756,398,2018,21,4810,13.18
2757,398,2019,57,15736,43.11
2758,398,2020,60,15635,42.84
2759,398,2021,30,8540,23.4
2760,398,2022,36,7370,20.19
2761,398,2023,41,11392,31.21
2762,398,2024,67,17771,48.69
2763,398,2025,53,14933,40.91
2764,399,2021,10,3715,10.18
2765,399,2022,12,3955,10.84
2766,399,2023,2,564,1.55
2767,399,2024,5,1430,3.92
2768,399,2025,12,3807,10.43
2769,400,2025,21,11412,31.27
2770,401,2025,144,54717,149.91
2771,402,2024,18,9627,26.38
2772,402,2025,44,16111,44.14
2773,403,2024,2,814,2.23
2774,403,2025,44,17910,49.07
2775,404,2022,198,66265,181.55
2776,404,2023,145,57824,158.42
2777,404,2024,159,66140,181.21
2778,404,2025,144,67061,183.73
2779,405,2019,22,7922,21.7
2780,405,2020,23,8157,22.35
2781,405,2021,63,22539,61.75
2782,405,2022,165,56005,153.44
2783,405,2023,158,57470,157.45
2784,405,2024,192,71987,197.22
2785,405,2025,173,62200,170.41
2786,406,2025,556,213409,584.68
2787,407,2024,3,1042,2.85
2788,407,2025,42,15618,42.79
2789,408,2025,147,39407,107.96
2790,409,2022,5,2063,5.65
2791,409,2023,63,20374,55.82
2792,409,2024,79,25502,69.87
2793,409,2025,74,22773,62.39
2794,410,2023,75,16725,45.82
2795,410,2024,153,31288,85.72
2796,410,2025,97,17245,47.25
2797,411,2013,5,1473,4.04
2798,411,2014,19,7523,20.61
2799,411,2015,14,4716,12.92
2800,411,2016,4,1102,3.02
2801,411,2017,21,9147,25.06
2802,411,2018,41,14329,39.26
2803,411,2019,27,8149,22.33
2804,411,2020,53,17296,47.39
2805,411,2021,99,31791,87.1
2806,411,2022,111,34012,93.18
2807,411,2023,108,34999,95.89
2808,411,2024,95,28669,78.55
2809,411,2025,119,42885,117.49
2810,412,2024,60,28339,77.64
2811,412,2025,117,49080,134.47
2812,413,2022,60,28015,76.75
2813,413,2023,44,19986,54.76
2814,413,2024,98,35032,95.98
2815,413,2025,104,42279,115.83
2816,414,2021,1,432,1.18
2817,414,2022,1,393,1.08
2818,414,2023,1,528,1.45
2819,414,2024,14,4936,13.52
2820,414,2025,4,1827,5.01
2821,415,2015,2,962,2.64
2822,415,2016,0,0,0.0
2823,415,2017,2,1190,3.26
2824,415,2018,9,3699,10.13
2825,415,2019,22,7454,20.42
2826,415,2020,23,8512,23.32
2827,415,2021,31,11108,30.43
2828,415,2022,38,13512,37.02
2829,415,2023,50,13114,35.93
2830,415,2024,65,19052,52.2
2831,415,2025,47,15346,42.04
2832,416,2021,22,6658,18.24
2833,416,2022,10,3276,8.98
2834,416,2023,9,4394,12.04
2835,416,2024,28,9978,27.34
2836,416,2025,40,15238,41.75
2837,417,2024,3,855,2.34
2838,417,2025,69,23105,63.3
2839,418,2015,2,615,1.68
2840,418,2016,3,975,2.67
2841,418,2017,6,1335,3.66
2842,418,2018,23,7299,20.0
2843,418,2019,20,5252,14.39
2844,418,2020,29,12262,33.59
2845,418,2021,17,7170,19.64
2846,418,2022,19,6958,19.06
2847,418,2023,30,11891,32.58
2848,418,2024,38,15636,42.84
2849,418,2025,154,64203,175.9
2850,419,2016,1,387,1.06
2851,419,2017,0,0,0.0
2852,419,2018,2,646,1.77
2853,419,2019,0,0,0.0
2854,419,2020,1,662,1.81
2855,419,2021,10,4783,13.1
2856,419,2022,107,42562,116.61
2857,419,2023,241,84664,231.96
2858,419,2024,282,99920,273.75
2859,419,2025,302,116715,319.77
2860,420,2024,2,773,2.12
2861,420,2025,59,19443,53.27
2862,421,2023,33,12996,35.61
2863,421,2024,37,13476,36.92
2864,421,2025,36,12694,34.78
2865,422,2025,15,6311,17.29
2866,423,2016,1,216,0.59
2867,423,2017,2,770,2.11
2868,423,2018,0,0,0.0
2869,423,2019,1,304,0.83
2870,423,2020,2,407,1.12
2871,423,2021,0,0,0.0
2872,423,2022,16,4752,13.02
2873,423,2023,25,7362,20.17
2874,423,2024,35,10710,29.34
2875,423,2025,24,7086,19.41
2876,424,2012,87,28885,79.14
2877,424,2013,88,29953,82.06
2878,424,2014,41,10528,28.84
2879,424,2015,57,24304,66.59
2880,424,2016,60,19738,54.08
2881,424,2017,82,31447,86.16
2882,424,2018,65,20886,57.22
2883,424,2019,72,18622,51.02
2884,424,2020,13,4333,11.87
2885,424,2021,169,64852,177.68
2886,424,2022,166,57449,157.39
2887,424,2023,103,36216,99.22
2888,424,2024,157,37556,102.89
2889,424,2025,284,61322,168.01
2890,425,2021,4,1532,4.2
2891,425,2022,8,2491,6.82
2892,425,2023,47,17279,47.34
2893,425,2024,61,25077,68.7
2894,425,2025,59,25966,71.14
2895,426,2024,8,2884,7.9
2896,426,2025,35,9937,27.22
2897,427,2023,227,86386,236.67
2898,427,2024,265,92719,254.02
2899,427,2025,290,104855,287.27
2900,428,2009,7,2269,6.22
2901,428,2010,8,3075,8.42
2902,428,2011,7,2441,6.69
2903,428,2012,12,4149,11.37
2904,428,2013,6,2125,5.82
2905,428,2014,10,4970,13.62
2906,428,2015,10,4263,11.68
2907,428,2016,16,5229,14.33
2908,428,2017,12,5360,14.68
2909,428,2018,27,9763,26.75
2910,428,2019,27,9210,25.23
2911,428,2020,46,15786,43.25
2912,428,2021,23,7864,21.55
2913,428,2022,28,9979,27.34
2914,428,2023,38,14255,39.05
2915,428,2024,28,9781,26.8
2916,428,2025,33,13109,35.92
2917,429,2011,1,307,0.84
2918,429,2012,0,0,0.0
2919,429,2013,0,0,0.0
2920,429,2014,0,0,0.0
2921,429,2015,0,0,0.0
2922,429,2016,0,0,0.0
2923,429,2017,0,0,0.0
2924,429,2018,0,0,0.0
2925,429,2019,0,0,0.0
2926,429,2020,0,0,0.0
2927,429,2021,0,0,0.0
2928,429,2022,0,0,0.0
2929,429,2023,0,0,0.0
2930,429,2024,3,1440,3.95
2931,429,2025,128,62219,170.46
2932,430,2021,5,2526,6.92
2933,430,2022,32,12384,33.93
2934,430,2023,20,7717,21.14
2935,430,2024,24,8287,22.7
2936,430,2025,14,4978,13.64
2937,431,2025,11,4582,12.55
2938,432,2021,1,272,0.75
2939,432,2022,22,6701,18.36
2940,432,2023,53,13896,38.07
2941,432,2024,40,10527,28.84
2942,432,2025,53,16163,44.28
2943,433,2024,9,5273,14.45
2944,433,2025,42,23351,63.98
2945,434,2014,1,238,0.65
2946,434,2015,0,0,0.0
2947,434,2016,1,465,1.27
2948,434,2017,0,0,0.0
2949,434,2018,0,0,0.0
2950,434,2019,0,0,0.0
2951,434,2020,0,0,0.0
2952,434,2021,1,240,0.66
2953,434,2022,22,7759,21.26
2954,434,2023,31,10040,27.51
2955,434,2024,25,6954,19.05
2956,434,2025,52,15308,41.94
2957,435,1997,1,466,1.28
2958,435,1998,0,0,0.0
2959,435,1999,0,0,0.0
2960,435,2000,0,0,0.0
2961,435,2001,0,0,0.0
2962,435,2002,0,0,0.0
2963,435,2003,0,0,0.0
2964,435,2004,0,0,0.0
2965,435,2005,0,0,0.0
2966,435,2006,1,355,0.97
2967,435,2007,0,0,0.0
2968,435,2008,0,0,0.0
2969,435,2009,0,0,0.0
2970,435,2010,1,389,1.07
2971,435,2011,0,0,0.0
2972,435,2012,0,0,0.0
2973,435,2013,0,0,0.0
2974,435,2014,7,2366,6.48
2975,435,2015,22,6989,19.15
2976,435,2016,49,14154,38.78
2977,435,2017,59,16898,46.3
2978,435,2018,48,15208,41.67
2979,435,2019,76,23447,64.24
2980,435,2020,93,24840,68.05
2981,435,2021,132,39032,106.94
2982,435,2022,200,48047,131.64
2983,435,2023,213,50198,137.53
2984,435,2024,246,58365,159.9
2985,435,2025,253,66230,181.45
2986,436,2017,15,6612,18.12
2987,436,2018,54,18735,51.33
2988,436,2019,37,10600,29.04
2989,436,2020,52,16360,44.82
2990,436,2021,75,21312,58.39
2991,436,2022,70,18589,50.93
2992,436,2023,57,13497,36.98
2993,436,2024,60,16474,45.13
2994,436,2025,58,19429,53.23
2995,437,2012,1,399,1.09
2996,437,2013,74,25116,68.81
2997,437,2014,36,13399,36.71
2998,437,2015,51,18237,49.96
2999,437,2016,162,60856,166.73
3000,437,2017,28,10596,29.03
3001,437,2018,58,18890,51.75
3002,437,2019,59,22018,60.32
3003,437,2020,14,5853,16.04
3004,437,2021,52,17385,47.63
3005,437,2022,50,17165,47.03
3006,437,2023,78,26378,72.27
3007,437,2024,64,23746,65.06
3008,437,2025,66,21232,58.17
3009,438,2010,3,2762,7.57
3010,438,2011,9,7172,19.65
3011,438,2012,10,6968,19.09
3012,438,2013,20,12693,34.78
3013,438,2014,15,9057,24.81
3014,438,2015,12,7301,20.0
3015,438,2016,13,9274,25.41
3016,438,2017,18,9529,26.11
3017,438,2018,16,7229,19.81
3018,438,2019,15,6639,18.19
3019,438,2020,25,10854,29.74
3020,438,2021,24,10054,27.55
3021,438,2022,30,13977,38.29
3022,438,2023,14,6925,18.97
3023,438,2024,27,11048,30.27
3024,438,2025,8,5100,13.97
3025,439,2005,1,300,0.82
3026,439,2006,0,0,0.0
3027,439,2007,0,0,0.0
3028,439,2008,0,0,0.0
3029,439,2009,0,0,0.0
3030,439,2010,0,0,0.0
3031,439,2011,0,0,0.0
3032,439,2012,0,0,0.0
3033,439,2013,0,0,0.0
3034,439,2014,0,0,0.0
3035,439,2015,0,0,0.0
3036,439,2016,0,0,0.0
3037,439,2017,0,0,0.0
3038,439,2018,0,0,0.0
3039,439,2019,0,0,0.0
3040,439,2020,0,0,0.0
3041,439,2021,206,58362,159.9
3042,439,2022,606,96323,263.9
3043,439,2023,333,74776,204.87
3044,439,2024,183,53095,145.47
3045,439,2025,57,20493,56.15
3046,440,2022,27,11099,30.41
3047,440,2023,86,35615,97.58
3048,440,2024,46,17705,48.51
3049,440,2025,52,21897,59.99
3050,441,2022,51,21400,58.63
3051,441,2023,90,31450,86.16
3052,441,2024,104,35501,97.26
3053,441,2025,155,46846,128.35
3054,442,2012,1,136,0.37
3055,442,2013,0,0,0.0
3056,442,2014,1,128,0.35
3057,442,2015,0,0,0.0
3058,442,2016,0,0,0.0
3059,442,2017,0,0,0.0
3060,442,2018,0,0,0.0
3061,442,2019,0,0,0.0
3062,442,2020,0,0,0.0
3063,442,2021,2,759,2.08
3064,442,2022,60,18278,50.08
3065,442,2023,14,3736,10.24
3066,442,2024,16,2831,7.76
3067,442,2025,22,4943,13.54
3068,443,2025,2,396,1.08
3069,444,2022,4,1354,3.71
3070,444,2023,90,30208,82.76
3071,444,2024,487,118376,324.32
3072,444,2025,181,39984,109.55
3073,445,2025,13,5140,14.08
3074,446,2023,5,2743,7.52
3075,446,2024,30,11806,32.35
3076,446,2025,127,45650,125.07
3077,447,2022,8,3052,8.36
3078,447,2023,61,26526,72.67
3079,447,2024,112,39442,108.06
3080,447,2025,87,34355,94.12
3081,448,2017,1,443,1.21
3082,448,2018,0,0,0.0
3083,448,2019,0,0,0.0
3084,448,2020,20,6777,18.57
3085,448,2021,32,9822,26.91
3086,448,2022,43,18453,50.56
3087,448,2023,35,14299,39.18
3088,448,2024,16,8400,23.01
3089,448,2025,58,23731,65.02
3090,449,2018,7,1724,4.72
3091,449,2019,0,0,0.0
3092,449,2020,2,532,1.46
3093,449,2021,0,0,0.0
3094,449,2022,201,43045,117.93
3095,449,2023,420,76053,208.36
3096,449,2024,408,81297,222.73
3097,449,2025,398,91662,251.13
3098,450,2021,1,384,1.05
3099,450,2022,75,27730,75.97
3100,450,2023,69,24432,66.94
3101,450,2024,55,20272,55.54
3102,450,2025,58,20260,55.51
3103,451,2023,3,1238,3.39
3104,451,2024,39,17235,47.22
3105,451,2025,86,41171,112.8
3106,452,2023,9,3350,9.18
3107,452,2024,272,96670,264.85
3108,452,2025,444,164281,450.08
3109,453,2018,2,896,2.45
3110,453,2019,20,7754,21.24
3111,453,2020,62,23427,64.18
3112,453,2021,53,20185,55.3
3113,453,2022,67,26139,71.61
3114,453,2023,66,24783,67.9
3115,453,2024,81,30263,82.91
3116,453,2025,132,45907,125.77
3117,454,2021,1,389,1.07
3118,454,2022,28,8154,22.34
3119,454,2023,33,10483,28.72
3120,454,2024,55,19379,53.09
3121,454,2025,48,17013,46.61
3122,455,2023,16,5553,15.21
3123,455,2024,10,3123,8.56
3124,455,2025,40,17456,47.82
3125,456,2014,1,182,0.5
3126,456,2015,0,0,0.0
3127,456,2016,0,0,0.0
3128,456,2017,1,256,0.7
3129,456,2018,2,616,1.69
3130,456,2019,2,371,1.02
3131,456,2020,2,680,1.86
3132,456,2021,46,16970,46.49
3133,456,2022,48,18007,49.33
3134,456,2023,51,16163,44.28
3135,456,2024,58,20217,55.39
3136,456,2025,61,21178,58.02
3137,457,2019,10,4173,11.43
3138,457,2020,0,0,0.0
3139,457,2021,0,0,0.0
3140,457,2022,0,0,0.0
3141,457,2023,45,17046,46.7
3142,457,2024,67,26832,73.51
3143,457,2025,75,31242,85.59
3144,458,2021,49,19625,53.77
3145,458,2022,106,37062,101.54
3146,458,2023,35,13147,36.02
3147,458,2024,61,22260,60.99
3148,458,2025,81,31379,85.97
3149,459,2018,1,339,0.93
3150,459,2019,16,3822,10.47
3151,459,2020,20,6992,19.16
3152,459,2021,8,2336,6.4
3153,459,2022,7,2694,7.38
3154,459,2023,80,33357,91.39
3155,459,2024,27,13638,37.36
3156,459,2025,72,32864,90.04
3157,460,2024,1,240,0.66
3158,460,2025,3,1543,4.23
3159,461,2010,6,519,1.42
3160,461,2011,3,322,0.88
3161,461,2012,3,697,1.91
3162,461,2013,6,1146,3.14
3163,461,2014,8,1762,4.83
3164,461,2015,7,1537,4.21
3165,461,2016,5,863,2.36
3166,461,2017,6,1008,2.76
3167,461,2018,2,264,0.72
3168,461,2019,61,8409,23.04
3169,461,2020,1,136,0.37
3170,461,2021,3,720,1.97
3171,461,2022,15,3048,8.35
3172,461,2023,69,11476,31.44
3173,461,2024,94,17415,47.71
3174,461,2025,580,127352,348.91
3175,462,2024,82,30478,83.5
3176,462,2025,77,25019,68.55
3177,463,2018,1,370,1.01
3178,463,2019,1,325,0.89
3179,463,2020,1,385,1.05
3180,463,2021,0,0,0.0
3181,463,2022,4,1463,4.01
3182,463,2023,2,852,2.33
3183,463,2024,10,3797,10.4
3184,463,2025,34,12146,33.28
3185,464,2024,17,4184,11.46
3186,464,2025,52,18578,50.9
3187,465,1993,1,175,0.48
3188,465,1994,1,424,1.16
3189,465,1995,1,175,0.48
3190,465,1996,1,24,0.07
3191,465,1997,0,0,0.0
3192,465,1998,0,0,0.0
3193,465,1999,1,1216,3.33
3194,465,2000,0,0,0.0
3195,465,2001,0,0,0.0
3196,465,2002,0,0,0.0
3197,465,2003,0,0,0.0
3198,465,2004,0,0,0.0
3199,465,2005,0,0,0.0
3200,465,2006,0,0,0.0
3201,465,2007,0,0,0.0
3202,465,2008,0,0,0.0
3203,465,2009,0,0,0.0
3204,465,2010,1,384,1.05
3205,465,2011,0,0,0.0
3206,465,2012,7,2319,6.35
3207,465,2013,65,18518,50.73
3208,465,2014,90,27318,74.84
3209,465,2015,103,26185,71.74
3210,465,2016,65,18362,50.31
3211,465,2017,54,17069,46.76
3212,465,2018,82,25785,70.64
3213,465,2019,98,32070,87.86
3214,465,2020,102,34261,93.87
3215,465,2021,55,17742,48.61
3216,465,2022,51,16269,44.57
3217,465,2023,96,28735,78.73
3218,465,2024,113,34772,95.27
3219,465,2025,107,33475,91.71
3220,466,2020,55,18333,50.23
3221,466,2021,100,32234,88.31
3222,466,2022,58,18035,49.41
3223,466,2023,103,32227,88.29
3224,466,2024,114,39622,108.55
3225,466,2025,99,35603,97.54
3226,467,2020,14,5081,13.92
3227,467,2021,18,6157,16.87
3228,467,2022,10,3452,9.46
3229,467,2023,20,7037,19.28
3230,467,2024,152,51831,142.0
3231,467,2025,611,224310,614.55
3232,468,2024,5,2013,5.52
3233,468,2025,516,186616,511.28
3234,469,2016,1,191,0.52
3235,469,2017,15,3806,10.43
3236,469,2018,7,2022,5.54
3237,469,2019,33,6500,17.81
3238,469,2020,36,7177,19.66
3239,469,2021,34,7690,21.07
3240,469,2022,38,8612,23.59
3241,469,2023,31,8656,23.72
3242,469,2024,39,9982,27.35
3243,469,2025,21,6066,16.62
3244,470,1999,10,3871,10.61
3245,470,2000,29,12565,34.42
3246,470,2001,11,4429,12.13
3247,470,2002,4,1910,5.23
3248,470,2003,0,0,0.0
3249,470,2004,2,880,2.41
3250,470,2005,30,10571,28.96
3251,470,2006,28,9782,26.8
3252,470,2007,35,16749,45.89
3253,470,2008,21,5209,14.27
3254,470,2009,13,4718,12.93
3255,470,2010,23,9435,25.85
3256,470,2011,30,14281,39.13
3257,470,2012,29,13139,36.0
3258,470,2013,24,14118,38.68
3259,470,2014,48,20246,55.47
3260,470,2015,55,20069,54.98
3261,470,2016,42,19538,53.53
3262,470,2017,21,11325,31.03
3263,470,2018,24,11051,30.28
3264,470,2019,25,10973,30.06
3265,470,2020,57,21417,58.68
3266,470,2021,50,17487,47.91
3267,470,2022,16,11007,30.16
3268,470,2023,44,16102,44.12
3269,470,2024,37,14102,38.64
3270,470,2025,26,11806,32.35
3271,471,2021,143,42139,115.45
3272,471,2022,273,82149,225.07
3273,471,2023,186,60016,164.43
3274,471,2024,53,16548,45.34
3275,471,2025,97,33681,92.28
3276,472,2022,21,6127,16.79
3277,472,2023,85,26788,73.39
3278,472,2024,56,15568,42.65
3279,472,2025,83,27109,74.27
3280,473,2023,74,28252,77.4
3281,473,2024,160,60289,165.18
3282,473,2025,118,44953,123.16
3283,474,2024,74,25926,71.03
3284,474,2025,69,24370,66.77
3285,475,2024,52,18294,50.12
3286,475,2025,57,21191,58.06
3287,476,2017,2,1232,3.38
3288,476,2018,2,721,1.98
3289,476,2019,3,837,2.29
3290,476,2020,1,389,1.07
3291,476,2021,3,922,2.53
3292,476,2022,8,3473,9.52
3293,476,2023,100,36657,100.43
3294,476,2024,125,42538,116.54
3295,476,2025,98,37566,102.92
3296,477,2017,5,1568,4.3
3297,477,2018,33,11014,30.18
3298,477,2019,33,10887,29.83
3299,477,2020,12,3755,10.29
3300,477,2021,25,7821,21.43
3301,477,2022,120,36490,99.97
3302,477,2023,49,15566,42.65
3303,477,2024,102,30574,83.76
3304,477,2025,42,15296,41.91
3305,478,2020,1,359,0.98
3306,478,2021,63,21977,60.21
3307,478,2022,65,24043,65.87
3308,478,2023,37,12562,34.42
3309,478,2024,34,12699,34.79
3310,478,2025,34,10925,29.93
3311,479,2018,1,352,0.96
3312,479,2019,1,402,1.1
3313,479,2020,0,0,0.0
3314,479,2021,1,384,1.05
3315,479,2022,2,752,2.06
3316,479,2023,2,816,2.24
3317,479,2024,1,432,1.18
3318,479,2025,9,3901,10.69
3319,480,2023,20,8608,23.58
3320,480,2024,54,21094,57.79
3321,480,2025,38,14354,39.33
3322,481,2022,34,11306,30.98
3323,481,2023,211,72849,199.59
3324,481,2024,165,55774,152.81
3325,481,2025,173,59984,164.34
3326,482,2025,16,6454,17.68
3327,483,2025,17,6576,18.02
3328,484,2024,48,21981,60.22
3329,484,2025,50,26182,71.73
3330,485,2022,21,8788,24.08
3331,485,2023,27,13462,36.88
3332,485,2024,55,22164,60.72
3333,485,2025,98,42057,115.22
3334,486,2008,2,1266,3.47
3335,486,2009,0,0,0.0
3336,486,2010,0,0,0.0
3337,486,2011,0,0,0.0
3338,486,2012,27,9116,24.98
3339,486,2013,52,18130,49.67
3340,486,2014,81,22367,61.28
3341,486,2015,59,14886,40.78
3342,486,2016,29,9220,25.26
3343,486,2017,32,15504,42.48
3344,486,2018,32,10753,29.46
3345,486,2019,32,10266,28.13
3346,486,2020,29,7067,19.36
3347,486,2021,50,13560,37.15
3348,486,2022,33,10695,29.3
3349,486,2023,26,6933,18.99
3350,486,2024,32,8932,24.47
3351,486,2025,29,8244,22.59
3352,487,2012,72,21988,60.24
3353,487,2013,72,23187,63.53
3354,487,2014,51,12129,33.23
3355,487,2015,14,5579,15.28
3356,487,2016,11,2978,8.16
3357,487,2017,155,45350,124.25
3358,487,2018,1,215,0.59
3359,487,2019,0,0,0.0
3360,487,2020,73,21028,57.61
3361,487,2021,43,11972,32.8
3362,487,2022,122,36266,99.36
3363,487,2023,139,38705,106.04
3364,487,2024,501,149425,409.38
3365,487,2025,401,113313,310.45
3366,488,2024,2,895,2.45
3367,488,2025,331,98234,269.13
3368,489,2023,11,4085,11.19
3369,489,2024,9,4018,11.01
3370,489,2025,1,368,1.01
3371,490,2024,2,704,1.93
3372,490,2025,27,9615,26.34
3373,491,2025,6,3418,9.36
3374,492,2013,5,2399,6.57
3375,492,2014,11,3091,8.47
3376,492,2015,5,2589,7.09
3377,492,2016,7,2465,6.75
3378,492,2017,7,3357,9.2
3379,492,2018,3,1333,3.65
3380,492,2019,62,19364,53.05
3381,492,2020,87,29134,79.82
3382,492,2021,115,39062,107.02
3383,492,2022,109,36057,98.79
3384,492,2023,119,37461,102.63
3385,492,2024,106,34562,94.69
3386,492,2025,90,29043,79.57
3387,493,2012,2,2238,6.13
3388,493,2013,5,1665,4.56
3389,493,2014,2,820,2.25
3390,493,2015,0,0,0.0
3391,493,2016,0,0,0.0
3392,493,2017,0,0,0.0
3393,493,2018,0,0,0.0
3394,493,2019,0,0,0.0
3395,493,2020,11,4085,11.19
3396,493,2021,32,11920,32.66
3397,493,2022,15,6486,17.77
3398,493,2023,20,7406,20.29
3399,493,2024,36,13056,35.77
3400,493,2025,64,23014,63.05
3401,494,2024,11,6195,16.97
3402,494,2025,32,15361,42.08
3403,495,2025,59,26086,71.47
3404,496,2016,4,2601,7.13
3405,496,2017,18,7583,20.78
3406,496,2018,4,1139,3.12
3407,496,2019,19,7929,21.72
3408,496,2020,34,14328,39.25
3409,496,2021,41,14463,39.62
3410,496,2022,46,16802,46.03
3411,496,2023,38,14379,39.39
3412,496,2024,52,23915,65.52
3413,496,2025,54,20455,56.04
3414,497,2025,63,24114,66.07
3415,498,2021,13,7199,19.72
3416,498,2022,63,25869,70.87
3417,498,2023,64,22280,61.04
3418,498,2024,46,20952,57.4
3419,498,2025,44,19536,53.52
3420,499,2024,13,4043,11.08
3421,499,2025,79,20450,56.03
3422,500,2016,1,258,0.71
3423,500,2017,3,610,1.67
3424,500,2018,0,0,0.0
3425,500,2019,6,1504,4.12
3426,500,2020,7,1824,5.0
3427,500,2021,11,4081,11.18
3428,500,2022,79,21308,58.38
3429,500,2023,86,30437,83.39
3430,500,2024,47,15245,41.77
3431,500,2025,52,20520,56.22
3432,501,2012,3,1654,4.53
3433,501,2013,0,0,0.0
3434,501,2014,5,1513,4.15
3435,501,2015,24,7577,20.76
3436,501,2016,25,5750,15.75
3437,501,2017,32,7663,20.99
3438,501,2018,53,13865,37.99
3439,501,2019,73,12862,35.24
3440,501,2020,39,6465,17.71
3441,501,2021,51,9033,24.75
3442,501,2022,39,7278,19.94
3443,501,2023,33,9055,24.81
3444,501,2024,42,9817,26.9
3445,501,2025,97,27295,74.78
3446,502,2022,1,361,0.99
3447,502,2023,31,11259,30.85
3448,502,2024,36,12714,34.83
3449,502,2025,70,19704,53.98
3450,503,2023,71,15761,43.18
3451,503,2024,56,14695,40.26
3452,503,2025,57,15857,43.44
3453,504,2023,5,2910,7.97
3454,504,2024,8,2124,5.82
3455,504,2025,27,9184,25.16
3456,505,2025,11,3711,10.17
3457,506,2025,94,34586,94.76
3458,507,2024,20,7312,20.03
3459,507,2025,28,12251,33.56
3460,508,2021,1,352,0.96
3461,508,2022,1,392,1.07
3462,508,2023,0,0,0.0
3463,508,2024,1,323,0.88
3464,508,2025,7,2337,6.4
3465,509,2025,15,6128,16.79
3466,510,2024,41,16071,44.03
3467,510,2025,122,39152,107.27
3468,511,2025,84,32360,88.66
3469,512,1996,1,246,0.67
3470,512,1997,0,0,0.0
3471,512,1998,0,0,0.0
3472,512,1999,0,0,0.0
3473,512,2000,0,0,0.0
3474,512,2001,0,0,0.0
3475,512,2002,1,179,0.49
3476,512,2003,0,0,0.0
3477,512,2004,0,0,0.0
3478,512,2005,0,0,0.0
3479,512,2006,0,0,0.0
3480,512,2007,0,0,0.0
3481,512,2008,0,0,0.0
3482,512,2009,0,0,0.0
3483,512,2010,1,256,0.7
3484,512,2011,0,0,0.0
3485,512,2012,0,0,0.0
3486,512,2013,0,0,0.0
3487,512,2014,0,0,0.0
3488,512,2015,1,256,0.7
3489,512,2016,1,275,0.75
3490,512,2017,0,0,0.0
3491,512,2018,3,722,1.98
3492,512,2019,0,0,0.0
3493,512,2020,0,0,0.0
3494,512,2021,1,1084,2.97
3495,512,2022,72,22590,61.89
3496,512,2023,82,25190,69.01
3497,512,2024,91,27520,75.4
3498,512,2025,111,33806,92.62
3499,513,2023,9,3902,10.69
3500,513,2024,24,9731,26.66
3501,513,2025,25,11126,30.48
3502,514,2022,30,13944,38.2
3503,514,2023,72,29261,80.17
3504,514,2024,66,26809,73.45
3505,514,2025,58,24560,67.29
3506,515,2009,3,994,2.72
3507,515,2010,8,2466,6.76
3508,515,2011,13,4334,11.87
3509,515,2012,164,49000,134.25
3510,515,2013,170,54379,148.98
3511,515,2014,106,36132,98.99
3512,515,2015,140,41654,114.12
3513,515,2016,102,36034,98.72
3514,515,2017,73,23276,63.77
3515,515,2018,98,32667,89.5
3516,515,2019,173,47436,129.96
3517,515,2020,195,59496,163.0
3518,515,2021,163,53797,147.39
3519,515,2022,229,81578,223.5
3520,515,2023,219,80331,220.08
3521,515,2024,338,109186,299.14
3522,515,2025,212,70204,192.34
3523,516,2023,109,44546,122.04
3524,516,2024,120,45476,124.59
3525,516,2025,131,56496,154.78
3526,517,2024,6,1720,4.71
3527,517,2025,33,11033,30.23
3528,518,2014,1,451,1.24
3529,518,2015,0,0,0.0
3530,518,2016,0,0,0.0
3531,518,2017,0,0,0.0
3532,518,2018,1,233,0.64
3533,518,2019,2,1101,3.02
3534,518,2020,1,342,0.94
3535,518,2021,0,0,0.0
3536,518,2022,1,401,1.1
3537,518,2023,0,0,0.0
3538,518,2024,0,0,0.0
3539,518,2025,91,31512,86.33
3540,519,2024,21,6141,16.82
3541,519,2025,38,7498,20.54
3542,520,2025,71,25324,69.38
3543,521,2022,5,2737,7.5
3544,521,2023,24,10929,29.94
3545,521,2024,56,21229,58.16
3546,521,2025,53,16160,44.27
3547,522,2015,1,343,0.94
3548,522,2016,0,0,0.0
3549,522,2017,0,0,0.0
3550,522,2018,0,0,0.0
3551,522,2019,0,0,0.0
3552,522,2020,0,0,0.0
3553,522,2021,0,0,0.0
3554,522,2022,5,1604,4.39
3555,522,2023,9,3295,9.03
3556,522,2024,31,11702,32.06
3557,522,2025,43,20569,56.35
3558,523,2018,2,715,1.96
3559,523,2019,0,0,0.0
3560,523,2020,0,0,0.0
3561,523,2021,32,11572,31.7
3562,523,2022,0,0,0.0
3563,523,2023,296,101541,278.19
3564,523,2024,11,4014,11.0
3565,523,2025,94,41456,113.58
3566,524,2024,20,6105,16.73
3567,524,2025,46,16894,46.28
3568,525,2023,210,81116,222.24
3569,525,2024,102,39233,107.49
3570,525,2025,189,63996,175.33
3571,526,2004,2,519,1.42
3572,526,2005,2,676,1.85
3573,526,2006,0,0,0.0
3574,526,2007,0,0,0.0
3575,526,2008,0,0,0.0
3576,526,2009,0,0,0.0
3577,526,2010,0,0,0.0
3578,526,2011,1,320,0.88
3579,526,2012,3,1155,3.16
3580,526,2013,0,0,0.0
3581,526,2014,0,0,0.0
3582,526,2015,1,711,1.95
3583,526,2016,0,0,0.0
3584,526,2017,1,309,0.85
3585,526,2018,1,416,1.14
3586,526,2019,3,1779,4.87
3587,526,2020,10,3614,9.9
3588,526,2021,12,4599,12.6
3589,526,2022,23,8787,24.07
3590,526,2023,39,15656,42.89
3591,526,2024,31,13867,37.99
3592,526,2025,30,13160,36.05
3593,527,2021,3,1153,3.16
3594,527,2022,120,43178,118.3
3595,527,2023,88,33014,90.45
3596,527,2024,50,22632,62.01
3597,527,2025,76,26768,73.34
3598,528,2009,1,400,1.1
3599,528,2010,14,4594,12.59
3600,528,2011,102,29543,80.94
3601,528,2012,37,10024,27.46
3602,528,2013,0,0,0.0
3603,528,2014,11,4134,11.33
3604,528,2015,0,0,0.0
3605,528,2016,0,0,0.0
3606,528,2017,2,957,2.62
3607,528,2018,1,436,1.19
3608,528,2019,1,1294,3.55
3609,528,2020,0,0,0.0
3610,528,2021,0,0,0.0
3611,528,2022,0,0,0.0
3612,528,2023,2,552,1.51
3613,528,2024,1,306,0.84
3614,528,2025,5,2335,6.4
3615,529,2024,2,666,1.82
3616,529,2025,15,7237,19.83
3617,530,2025,68,25520,69.92
3618,531,2025,52,20222,55.4
3619,532,2005,2,768,2.1
3620,532,2006,1,480,1.32
3621,532,2007,0,0,0.0
3622,532,2008,0,0,0.0
3623,532,2009,0,0,0.0
3624,532,2010,1,211,0.58
3625,532,2011,5,1961,5.37
3626,532,2012,14,6745,18.48
3627,532,2013,45,14404,39.46
3628,532,2014,20,5431,14.88
3629,532,2015,18,5335,14.62
3630,532,2016,16,5017,13.75
3631,532,2017,9,2910,7.97
3632,532,2018,8,2558,7.01
3633,532,2019,2,868,2.38
3634,532,2020,1,448,1.23
3635,532,2021,1,771,2.11
3636,532,2022,2,910,2.49
3637,532,2023,3,645,1.77
3638,532,2024,63,19263,52.78
3639,532,2025,140,42108,115.36
3640,533,2024,15,5951,16.3
3641,533,2025,22,7911,21.67
3642,534,2024,75,26980,73.92
3643,534,2025,76,26452,72.47
3644,535,2022,49,17159,47.01
3645,535,2023,41,11635,31.88
3646,535,2024,33,9429,25.83
3647,535,2025,31,9029,24.74
3648,536,2022,641,136096,372.87
3649,536,2023,1812,351942,964.22
3650,536,2024,156,44730,122.55
3651,536,2025,263,84872,232.53
3652,537,2023,89,28336,77.63
3653,537,2024,522,142266,389.77
3654,537,2025,646,158365,433.88
3655,538,2020,1,352,0.96
3656,538,2021,0,0,0.0
3657,538,2022,1,454,1.24
3658,538,2023,55,23132,63.38
3659,538,2024,87,40957,112.21
3660,538,2025,108,45876,125.69
3661,539,2024,3,1448,3.97
3662,539,2025,35,11062,30.31
3663,540,2025,56,17947,49.17
3664,541,2024,1,318,0.87
3665,541,2025,18,9695,26.56
3666,542,2011,1,880,2.41
3667,542,2012,0,0,0.0
3668,542,2013,1,343,0.94
3669,542,2014,2,352,0.96
3670,542,2015,0,0,0.0
3671,542,2016,3,834,2.28
3672,542,2017,9,2096,5.74
3673,542,2018,7,3244,8.89
3674,542,2019,11,3638,9.97
3675,542,2020,6,2486,6.81
3676,542,2021,20,7147,19.58
3677,542,2022,71,19501,53.43
3678,542,2023,79,22157,60.7
3679,542,2024,71,26683,73.1
3680,542,2025,54,16868,46.21
3681,543,2025,32,10136,27.77
3682,544,2020,11,4476,12.26
3683,544,2021,19,6204,17.0
3684,544,2022,30,8282,22.69
3685,544,2023,25,7913,21.68
3686,544,2024,10,2404,6.59
3687,544,2025,19,6769,18.55
3688,545,2024,13,4493,12.31
3689,545,2025,90,22095,60.53
3690,546,2015,2,732,2.01
3691,546,2016,33,12157,33.31
3692,546,2017,33,9027,24.73
3693,546,2018,56,18846,51.63
3694,546,2019,41,12940,35.45
3695,546,2020,53,17316,47.44
3696,546,2021,79,27071,74.17
3697,546,2022,126,41901,114.8
3698,546,2023,90,30906,84.67
3699,546,2024,113,36517,100.05
3700,546,2025,132,41140,112.71
3701,547,2024,30,14071,38.55
3702,547,2025,59,19311,52.91
3703,548,2024,2,1140,3.12
3704,548,2025,5,1679,4.6
3705,549,2024,26,9637,26.4
3706,549,2025,276,92371,253.07
3707,550,2025,7,3254,8.92
3708,551,2018,1,336,0.92
3709,551,2019,14,4235,11.6
3710,551,2020,74,20789,56.96
3711,551,2021,268,87456,239.61
3712,551,2022,403,121834,333.79
3713,551,2023,337,108095,296.15
3714,551,2024,381,134009,367.15
3715,551,2025,328,122055,334.4
3716,552,2021,32,11456,31.39
3717,552,2022,60,17688,48.46
3718,552,2023,65,23475,64.32
3719,552,2024,85,30257,82.9
3720,552,2025,93,33208,90.98
3721,553,2009,1,245,0.67
3722,553,2010,8,4023,11.02
3723,553,2011,10,4424,12.12
3724,553,2012,9,5297,14.51
3725,553,2013,6,2793,7.65
3726,553,2014,1,558,1.53
3727,553,2015,0,0,0.0
3728,553,2016,0,0,0.0
3729,553,2017,0,0,0.0
3730,553,2018,0,0,0.0
3731,553,2019,0,0,0.0
3732,553,2020,0,0,0.0
3733,553,2021,5,2218,6.08
3734,553,2022,0,0,0.0
3735,553,2023,0,0,0.0
3736,553,2024,38,19748,54.1
3737,553,2025,47,22339,61.2
3738,554,2023,64,22114,60.59
3739,554,2024,60,21188,58.05
3740,554,2025,60,21847,59.85
3741,555,2024,26,9206,25.22
3742,555,2025,26,11256,30.84
3743,556,2024,1,1007,2.76
3744,556,2025,12,6796,18.62
3745,557,2022,1,323,0.88
3746,557,2023,0,0,0.0
3747,557,2024,18,7958,21.8
3748,557,2025,8,3422,9.38
3749,558,2017,38,16159,44.27
3750,558,2018,21,6947,19.03
3751,558,2019,14,8337,22.84
3752,558,2020,26,13795,37.79
3753,558,2021,39,16230,44.47
3754,558,2022,53,22559,61.81
3755,558,2023,54,23756,65.08
3756,558,2024,56,23651,64.8
3757,558,2025,65,26502,72.61
3758,559,2018,6,1765,4.84
3759,559,2019,44,14191,38.88
3760,559,2020,103,36725,100.62
3761,559,2021,80,29016,79.5
3762,559,2022,61,23045,63.14
3763,559,2023,77,27555,75.49
3764,559,2024,101,36757,100.7
3765,559,2025,80,31575,86.51
3766,560,2018,2,456,1.25
3767,560,2019,2,492,1.35
3768,560,2020,3,622,1.7
3769,560,2021,2,558,1.53
3770,560,2022,10,4086,11.19
3771,560,2023,25,8407,23.03
3772,560,2024,47,18626,51.03
3773,560,2025,101,35911,98.39
3774,561,2018,5,2498,6.84
3775,561,2019,61,21852,59.87
3776,561,2020,39,14114,38.67
3777,561,2021,25,8368,22.93
3778,561,2022,16,4984,13.65
3779,561,2023,11,3803,10.42
3780,561,2024,66,24697,67.66
3781,561,2025,24,8026,21.99
3782,562,2025,75,29525,80.89
3783,563,2013,1,204,0.56
3784,563,2014,3,851,2.33
3785,563,2015,0,0,0.0
3786,563,2016,1,23,0.06
3787,563,2017,4,797,2.18
3788,563,2018,0,0,0.0
3789,563,2019,0,0,0.0
3790,563,2020,0,0,0.0
3791,563,2021,0,0,0.0
3792,563,2022,31,11155,30.56
3793,563,2023,98,35532,97.35
3794,563,2024,129,47376,129.8
3795,563,2025,129,44732,122.55
3796,564,2019,7,2057,5.64
3797,564,2020,22,8222,22.53
3798,564,2021,45,16313,44.69
3799,564,2022,13,4780,13.1
3800,564,2023,14,5389,14.76
3801,564,2024,18,5531,15.15
3802,564,2025,33,8409,23.04
3803,565,2023,109,44037,120.65
3804,565,2024,115,46648,127.8
3805,565,2025,122,43261,118.52
3806,566,2018,3,1224,3.35
3807,566,2019,1,362,0.99
3808,566,2020,2,528,1.45
3809,566,2021,1,416,1.14
3810,566,2022,0,0,0.0
3811,566,2023,0,0,0.0
3812,566,2024,2,784,2.15
3813,566,2025,12,2850,7.81
3814,567,2022,3,1942,5.32
3815,567,2023,53,23242,63.68
3816,567,2024,0,0,0.0
3817,567,2025,119,48595,133.14
3818,568,2009,1,283,0.78
3819,568,2010,0,0,0.0
3820,568,2011,0,0,0.0
3821,568,2012,0,0,0.0
3822,568,2013,0,0,0.0
3823,568,2014,0,0,0.0
3824,568,2015,3,2739,7.5
3825,568,2016,4,3095,8.48
3826,568,2017,11,2847,7.8
3827,568,2018,4,2113,5.79
3828,568,2019,0,0,0.0
3829,568,2020,5,1763,4.83
3830,568,2021,3,1348,3.69
3831,568,2022,13,4063,11.13
3832,568,2023,20,8556,23.44
3833,568,2024,30,14611,40.03
3834,568,2025,328,155916,427.17
3835,569,2022,39,13730,37.62
3836,569,2023,90,32810,89.89
3837,569,2024,80,28657,78.51
3838,569,2025,69,23529,64.46
3839,570,2019,4,2172,5.95
3840,570,2020,5,1415,3.88
3841,570,2021,46,14126,38.7
3842,570,2022,26,8293,22.72
3843,570,2023,2,717,1.96
3844,570,2024,14,4516,12.37
3845,570,2025,75,27168,74.43
3846,571,2018,75,13463,36.88
3847,571,2019,15,4190,11.48
3848,571,2020,3,1281,3.51
3849,571,2021,26,7772,21.29
3850,571,2022,23,5841,16.0
3851,571,2023,37,10897,29.85
3852,571,2024,40,12389,33.94
3853,571,2025,39,9795,26.84
3854,572,2024,93,38723,106.09
3855,572,2025,98,39789,109.01
3856,573,2021,1,435,1.19
3857,573,2022,8,3000,8.22
3858,573,2023,20,10500,28.77
3859,573,2024,21,9084,24.89
3860,573,2025,16,7085,19.41
3861,574,2021,1,450,1.23
3862,574,2022,40,12606,34.54
3863,574,2023,63,17040,46.68
3864,574,2024,25,9372,25.68
3865,574,2025,29,6612,18.12
3866,575,2016,1,442,1.21
3867,575,2017,0,0,0.0
3868,575,2018,2,796,2.18
3869,575,2019,0,0,0.0
3870,575,2020,0,0,0.0
3871,575,2021,0,0,0.0
3872,575,2022,1,320,0.88
3873,575,2023,9,4264,11.68
3874,575,2024,9,3502,9.59
3875,575,2025,10,4413,12.09
3876,576,2001,8,3399,9.31
3877,576,2002,0,0,0.0
3878,576,2003,0,0,0.0
3879,576,2004,0,0,0.0
3880,576,2005,0,0,0.0
3881,576,2006,0,0,0.0
3882,576,2007,0,0,0.0
3883,576,2008,0,0,0.0
3884,576,2009,0,0,0.0
3885,576,2010,0,0,0.0
3886,576,2011,0,0,0.0
3887,576,2012,0,0,0.0
3888,576,2013,0,0,0.0
3889,576,2014,0,0,0.0
3890,576,2015,0,0,0.0
3891,576,2016,0,0,0.0
3892,576,2017,0,0,0.0
3893,576,2018,0,0,0.0
3894,576,2019,0,0,0.0
3895,576,2020,0,0,0.0
3896,576,2021,0,0,0.0
3897,576,2022,0,0,0.0
3898,576,2023,0,0,0.0
3899,576,2024,44,17485,47.9
3900,576,2025,43,17385,47.63
3901,577,2025,19,11772,32.25
3902,578,1999,2,607,1.66
3903,578,2000,1,251,0.69
3904,578,2001,2,1072,2.94
3905,578,2002,10,3051,8.36
3906,578,2003,6,1904,5.22
3907,578,2004,13,4694,12.86
3908,578,2005,7,3590,9.84
3909,578,2006,15,8228,22.54
3910,578,2007,18,7890,21.62
3911,578,2008,18,5955,16.32
3912,578,2009,8,2815,7.71
3913,578,2010,1,399,1.09
3914,578,2011,12,7277,19.94
3915,578,2012,17,7381,20.22
3916,578,2013,8,2533,6.94
3917,578,2014,12,4680,12.82
3918,578,2015,15,7048,19.31
3919,578,2016,27,10925,29.93
3920,578,2017,14,6170,16.9
3921,578,2018,38,15289,41.89
3922,578,2019,25,8187,22.43
3923,578,2020,28,9446,25.88
3924,578,2021,45,14331,39.26
3925,578,2022,50,14815,40.59
3926,578,2023,43,15029,41.18
3927,578,2024,73,31162,85.38
3928,578,2025,97,36886,101.06
3929,579,2023,2,797,2.18
3930,579,2024,21,5889,16.13
3931,579,2025,26,8292,22.72
3932,580,2025,2,1213,3.32
3933,581,2023,16,4841,13.26
3934,581,2024,91,27628,75.69
3935,581,2025,98,29456,80.7
3936,582,2022,1,560,1.53
3937,582,2023,38,15498,42.46
3938,582,2024,82,33363,91.41
3939,582,2025,107,44584,122.15
3940,583,2019,6,2099,5.75
3941,583,2020,2,952,2.61
3942,583,2021,39,13374,36.64
3943,583,2022,47,17560,48.11
3944,583,2023,37,13752,37.68
3945,583,2024,48,18008,49.34
3946,583,2025,26,10190,27.92
3947,584,2021,1,320,0.88
3948,584,2022,15,4434,12.15
3949,584,2023,17,5076,13.91
3950,584,2024,27,7210,19.75
3951,584,2025,64,17946,49.17
3952,585,2023,24,12430,34.05
3953,585,2024,36,14351,39.32
3954,585,2025,79,30163,82.64
3955,586,2014,12,3975,10.89
3956,586,2015,9,2520,6.9
3957,586,2016,3,922,2.53
3958,586,2017,0,0,0.0
3959,586,2018,0,0,0.0
3960,586,2019,0,0,0.0
3961,586,2020,0,0,0.0
3962,586,2021,11,3986,10.92
3963,586,2022,4,1436,3.93
3964,586,2023,21,7904,21.65
3965,586,2024,38,16316,44.7
3966,586,2025,41,17462,47.84
3967,587,2021,21,5922,16.22
3968,587,2022,0,0,0.0
3969,587,2023,0,0,0.0
3970,587,2024,2,676,1.85
3971,587,2025,33,10834,29.68
3972,588,2009,8,3372,9.24
3973,588,2010,1,375,1.03
3974,588,2011,7,2705,7.41
3975,588,2012,17,6898,18.9
3976,588,2013,48,16426,45.0
3977,588,2014,12,3605,9.88
3978,588,2015,47,15992,43.81
3979,588,2016,123,42412,116.2
3980,588,2017,45,16312,44.69
3981,588,2018,14,5240,14.36
3982,588,2019,26,10181,27.89
3983,588,2020,22,9094,24.92
3984,588,2021,161,61197,167.66
3985,588,2022,71,25851,70.82
3986,588,2023,165,57222,156.77
3987,588,2024,213,73917,202.51
3988,588,2025,192,70451,193.02
3989,589,2022,8,3196,8.76
3990,589,2023,11,3351,9.18
3991,589,2024,7,2857,7.83
3992,589,2025,34,16656,45.63
3993,590,2024,26,6691,18.33
3994,590,2025,31,10115,27.71
3995,591,2024,11,3788,10.38
3996,591,2025,98,32781,89.81
3997,592,1995,1,32,0.09
3998,592,1996,1,24,0.07
3999,592,1997,2,98,0.27
4000,592,1998,3,96,0.26
4001,592,1999,3,286,0.78
4002,592,2000,3,292,0.8
4003,592,2001,2,425,1.16
4004,592,2002,7,1739,4.76
4005,592,2003,7,1204,3.3
4006,592,2004,11,2151,5.89
4007,592,2005,17,4464,12.23
4008,592,2006,7,2754,7.55
4009,592,2007,28,10297,28.21
4010,592,2008,6,1636,4.48
4011,592,2009,6,1735,4.75
4012,592,2010,9,2655,7.27
4013,592,2011,2,759,2.08
4014,592,2012,4,1715,4.7
4015,592,2013,10,3613,9.9
4016,592,2014,2,425,1.16
4017,592,2015,4,976,2.67
4018,592,2016,8,1685,4.62
4019,592,2017,1,128,0.35
4020,592,2018,21,7890,21.62
4021,592,2019,11,3519,9.64
4022,592,2020,13,5526,15.14
4023,592,2021,184,85074,233.08
4024,592,2022,182,76486,209.55
4025,592,2023,200,87483,239.68
4026,592,2024,223,80812,221.4
4027,592,2025,169,62386,170.92
4028,593,2025,11,4955,13.58
4029,594,2023,47,20936,57.36
4030,594,2024,32,13767,37.72
4031,594,2025,47,19719,54.02
4032,595,2024,10,3516,9.63
4033,595,2025,23,7103,19.46
4034,596,2025,28,9601,26.3
4035,597,2013,14,6518,17.86
4036,597,2014,29,8744,23.96
4037,597,2015,42,14605,40.01
4038,597,2016,32,12240,33.53
4039,597,2017,36,12135,33.25
4040,597,2018,36,13939,38.19
4041,597,2019,18,6099,16.71
4042,597,2020,41,17221,47.18
4043,597,2021,77,29020,79.51
4044,597,2022,105,38549,105.61
4045,597,2023,116,44720,122.52
4046,597,2024,56,23446,64.24
4047,597,2025,81,34645,94.92
4048,598,2025,11,2829,7.75
4049,599,2024,1,384,1.05
4050,600,2021,3,1024,2.81
4051,600,2022,51,17750,48.63
4052,600,2023,63,21730,59.53
4053,600,2024,65,21841,59.84
4054,600,2025,69,22951,62.88
4055,601,2017,4,1774,4.86
4056,601,2018,122,44133,120.91
4057,601,2019,126,46244,126.7
4058,601,2020,120,46535,127.49
4059,601,2021,149,60305,165.22
4060,601,2022,200,79774,218.56
4061,601,2023,204,71899,196.98
4062,601,2024,204,83663,229.21
4063,601,2025,201,83465,228.67
4064,602,2025,56,15399,42.19
4065,603,2018,4,1190,3.26
4066,603,2019,18,6541,17.92
4067,603,2020,48,18809,51.53
4068,603,2021,47,16625,45.55
4069,603,2022,49,17389,47.64
4070,603,2023,91,32177,88.16
4071,603,2024,95,35523,97.32
4072,603,2025,71,26654,73.02
4073,604,2021,10,4199,11.5
4074,604,2022,43,20092,55.05
4075,604,2023,60,29397,80.54
4076,604,2024,100,45070,123.48
4077,604,2025,150,55531,152.14
4078,605,2023,52,17635,48.32
4079,605,2024,46,17428,47.75
4080,605,2025,66,22119,60.6
4081,606,2025,4,2145,5.88
4082,607,2011,9,2497,6.84
4083,607,2012,8,1543,4.23
4084,607,2013,26,6493,17.79
4085,607,2014,4,1055,2.89
4086,607,2015,9,2600,7.12
4087,607,2016,8,3421,9.37
4088,607,2017,0,0,0.0
4089,607,2018,9,2413,6.61
4090,607,2019,8,1565,4.29
4091,607,2020,3,749,2.05
4092,607,2021,4,676,1.85
4093,607,2022,12,3143,8.61
4094,607,2023,23,6308,17.28
4095,607,2024,22,4462,12.22
4096,607,2025,48,10152,27.81
4097,608,2022,25,9289,25.45
4098,608,2023,26,8307,22.76
4099,608,2024,32,11497,31.5
4100,608,2025,90,30360,83.18
4101,609,2024,1,84,0.23
4102,609,2025,22,6467,17.72
4103,610,2017,1,315,0.86
4104,610,2018,0,0,0.0
4105,610,2019,0,0,0.0
4106,610,2020,0,0,0.0
4107,610,2021,1,333,0.91
4108,610,2022,0,0,0.0
4109,610,2023,14,4500,12.33
4110,610,2024,18,6605,18.1
4111,610,2025,46,14933,40.91
4112,611,2024,91,35670,97.73
4113,611,2025,75,30686,84.07
4114,612,2024,72,31141,85.32
4115,612,2025,34,13417,36.76
4116,613,2024,4,876,2.4
4117,613,2025,5,1624,4.45
4118,614,2023,5,1923,5.27
4119,614,2024,26,8078,22.13
4120,614,2025,66,18343,50.25
4121,615,2025,41,12234,33.52
4122,616,2010,1,408,1.12
4123,616,2011,0,0,0.0
4124,616,2012,0,0,0.0
4125,616,2013,0,0,0.0
4126,616,2014,0,0,0.0
4127,616,2015,0,0,0.0
4128,616,2016,0,0,0.0
4129,616,2017,0,0,0.0
4130,616,2018,1,320,0.88
4131,616,2019,1,157,0.43
4132,616,2020,29,11039,30.24
4133,616,2021,102,30818,84.43
4134,616,2022,91,29914,81.96
4135,616,2023,89,34757,95.22
4136,616,2024,85,32061,87.84
4137,616,2025,51,19860,54.41
4138,617,2024,3,864,2.37
4139,617,2025,81,35489,97.23
4140,618,2022,117,42573,116.64
4141,618,2023,29,11215,30.73
4142,618,2024,71,19005,52.07
4143,618,2025,103,28102,76.99
4144,619,2020,5,1836,5.03
4145,619,2021,33,10938,29.97
4146,619,2022,31,11406,31.25
4147,619,2023,24,8843,24.23
4148,619,2024,40,12979,35.56
4149,619,2025,40,13206,36.18
4150,620,2025,94,47790,130.93
4151,621,2018,2,460,1.26
4152,621,2019,6,2869,7.86
4153,621,2020,20,10103,27.68
4154,621,2021,24,8964,24.56
4155,621,2022,32,14235,39.0
4156,621,2023,40,14172,38.83
4157,621,2024,37,13368,36.62
4158,621,2025,38,10585,29.0
4159,622,2012,6,2625,7.19
4160,622,2013,4,868,2.38
4161,622,2014,1,825,2.26
4162,622,2015,0,0,0.0
4163,622,2016,0,0,0.0
4164,622,2017,0,0,0.0
4165,622,2018,9,3273,8.97
4166,622,2019,0,0,0.0
4167,622,2020,0,0,0.0
4168,622,2021,0,0,0.0
4169,622,2022,44,14947,40.95
4170,622,2023,50,18260,50.03
4171,622,2024,77,28841,79.02
4172,622,2025,86,39051,106.99
4173,623,2025,14,2921,8.0
4174,624,2023,89,30793,84.36
4175,624,2024,89,29908,81.94
4176,624,2025,25,8655,23.71
4177,625,2020,7,3023,8.28
4178,625,2021,71,29238,80.1
4179,625,2022,49,18132,49.68
4180,625,2023,27,10609,29.07
4181,625,2024,37,12729,34.87
4182,625,2025,30,9700,26.58
4183,626,2013,1,369,1.01
4184,626,2014,0,0,0.0
4185,626,2015,0,0,0.0
4186,626,2016,0,0,0.0
4187,626,2017,0,0,0.0
4188,626,2018,0,0,0.0
4189,626,2019,0,0,0.0
4190,626,2020,0,0,0.0
4191,626,2021,2,779,2.13
4192,626,2022,7,3468,9.5
4193,626,2023,10,3878,10.62
4194,626,2024,80,30187,82.7
4195,626,2025,85,32667,89.5
4196,627,2008,5,2149,5.89
4197,627,2009,4,1016,2.78
4198,627,2010,9,3511,9.62
4199,627,2011,8,2453,6.72
4200,627,2012,28,7810,21.4
4201,627,2013,18,5208,14.27
4202,627,2014,51,15245,41.77
4203,627,2015,16,6036,16.54
4204,627,2016,15,3632,9.95
4205,627,2017,24,7381,20.22
4206,627,2018,26,7654,20.97
4207,627,2019,17,5910,16.19
4208,627,2020,36,12893,35.32
4209,627,2021,6,3078,8.43
4210,627,2022,9,3139,8.6
4211,627,2023,19,6142,16.83
4212,627,2024,26,10169,27.86
4213,627,2025,33,14678,40.21
4214,628,2024,119,46223,126.64
4215,628,2025,181,65060,178.25
4216,629,2020,1,288,0.79
4217,629,2021,25,8106,22.21
4218,629,2022,27,10128,27.75
4219,629,2023,53,17699,48.49
4220,629,2024,26,10541,28.88
4221,629,2025,97,39326,107.74
4222,630,2025,33,18231,49.95
4223,631,2018,1,384,1.05
4224,631,2019,0,0,0.0
4225,631,2020,1,544,1.49
4226,631,2021,1,1232,3.38
4227,631,2022,11,3025,8.29
4228,631,2023,7,2316,6.35
4229,631,2024,23,9541,26.14
4230,631,2025,32,11196,30.67
4231,632,2007,1,136,0.37
4232,632,2008,1,239,0.65
4233,632,2009,1,365,1.0
4234,632,2010,0,0,0.0
4235,632,2011,0,0,0.0
4236,632,2012,0,0,0.0
4237,632,2013,0,0,0.0
4238,632,2014,0,0,0.0
4239,632,2015,0,0,0.0
4240,632,2016,15,5716,15.66
4241,632,2017,32,12839,35.18
4242,632,2018,42,14580,39.95
4243,632,2019,65,21729,59.53
4244,632,2020,112,42382,116.12
4245,632,2021,136,55538,152.16
4246,632,2022,141,52554,143.98
4247,632,2023,130,49090,134.49
4248,632,2024,139,56765,155.52
4249,632,2025,142,58069,159.09
4250,633,2025,33,14036,38.45
4251,634,2024,1,648,1.78
4252,634,2025,35,17539,48.05
4253,635,2024,36,12435,34.07
4254,635,2025,35,12787,35.03
4255,636,2021,19,7625,20.89
4256,636,2022,118,50316,137.85
4257,636,2023,102,47311,129.62
4258,636,2024,88,36036,98.73
4259,636,2025,100,41931,114.88
4260,637,2024,3,1124,3.08
4261,637,2025,26,8232,22.55
4262,638,2005,1,400,1.1
4263,638,2006,0,0,0.0
4264,638,2007,1,368,1.01
4265,638,2008,0,0,0.0
4266,638,2009,0,0,0.0
4267,638,2010,3,472,1.29
4268,638,2011,9,2803,7.68
4269,638,2012,21,6530,17.89
4270,638,2013,53,13661,37.43
4271,638,2014,44,12890,35.32
4272,638,2015,64,16392,44.91
4273,638,2016,88,17938,49.15
4274,638,2017,73,15228,41.72
4275,638,2018,19,5037,13.8
4276,638,2019,22,6399,17.53
4277,638,2020,113,29250,80.14
4278,638,2021,163,47086,129.0
4279,638,2022,138,40046,109.72
4280,638,2023,129,36015,98.67
4281,638,2024,166,48560,133.04
4282,638,2025,93,29807,81.66
4283,639,2016,1,240,0.66
4284,639,2017,2,371,1.02
4285,639,2018,18,5824,15.96
4286,639,2019,49,20679,56.65
4287,639,2020,23,7726,21.17
4288,639,2021,7,2851,7.81
4289,639,2022,5,2251,6.17
4290,639,2023,9,4731,12.96
4291,639,2024,2,736,2.02
4292,639,2025,21,8155,22.34
4293,640,2012,1,144,0.39
4294,640,2013,14,4501,12.33
4295,640,2014,17,7417,20.32
4296,640,2015,6,4380,12.0
4297,640,2016,21,8551,23.43
4298,640,2017,13,3372,9.24
4299,640,2018,22,7231,19.81
4300,640,2019,73,23025,63.08
4301,640,2020,94,28707,78.65
4302,640,2021,88,28462,77.98
4303,640,2022,111,35303,96.72
4304,640,2023,134,47392,129.84
4305,640,2024,81,27514,75.38
4306,640,2025,70,21237,58.18
4307,641,2010,1,292,0.8
4308,641,2011,0,0,0.0
4309,641,2012,0,0,0.0
4310,641,2013,0,0,0.0
4311,641,2014,1,288,0.79
4312,641,2015,0,0,0.0
4313,641,2016,0,0,0.0
4314,641,2017,0,0,0.0
4315,641,2018,0,0,0.0
4316,641,2019,0,0,0.0
4317,641,2020,1,368,1.01
4318,641,2021,8,2562,7.02
4319,641,2022,4,1259,3.45
4320,641,2023,9,3485,9.55
4321,641,2024,15,7382,20.22
4322,641,2025,48,19622,53.76
4323,642,2022,2,837,2.29
4324,642,2023,28,9573,26.23
4325,642,2024,54,19463,53.32
4326,642,2025,115,40820,111.84
4327,643,1980,1,497,1.36
4328,643,1981,0,0,0.0
4329,643,1982,0,0,0.0
4330,643,1983,0,0,0.0
4331,643,1984,0,0,0.0
4332,643,1985,0,0,0.0
4333,643,1986,0,0,0.0
4334,643,1987,0,0,0.0
4335,643,1988,0,0,0.0
4336,643,1989,0,0,0.0
4337,643,1990,0,0,0.0
4338,643,1991,0,0,0.0
4339,643,1992,0,0,0.0
4340,643,1993,0,0,0.0
4341,643,1994,0,0,0.0
4342,643,1995,0,0,0.0
4343,643,1996,0,0,0.0
4344,643,1997,0,0,0.0
4345,643,1998,0,0,0.0
4346,643,1999,0,0,0.0
4347,643,2000,0,0,0.0
4348,643,2001,0,0,0.0
4349,643,2002,0,0,0.0
4350,643,2003,0,0,0.0
4351,643,2004,0,0,0.0
4352,643,2005,0,0,0.0
4353,643,2006,0,0,0.0
4354,643,2007,0,0,0.0
4355,643,2008,0,0,0.0
4356,643,2009,0,0,0.0
4357,643,2010,0,0,0.0
4358,643,2011,0,0,0.0
4359,643,2012,2,248,0.68
4360,643,2013,5,2193,6.01
4361,643,2014,29,12630,34.6
4362,643,2015,0,0,0.0
4363,643,2016,0,0,0.0
4364,643,2017,5,11285,30.92
4365,643,2018,7,2680,7.34
4366,643,2019,44,17698,48.49
4367,643,2020,56,22172,60.75
4368,643,2021,64,25926,71.03
4369,643,2022,99,37046,101.5
4370,643,2023,128,45720,125.26
4371,643,2024,101,38601,105.76
4372,643,2025,76,29574,81.02
4373,644,2020,256,67165,184.01
4374,644,2021,232,72501,198.63
4375,644,2022,227,76485,209.55
4376,644,2023,216,70331,192.69
4377,644,2024,208,70216,192.37
4378,644,2025,199,63599,174.24
4379,645,2021,3,885,2.42
4380,645,2022,1,317,0.87
4381,645,2023,2,710,1.95
4382,645,2024,15,4146,11.36
4383,645,2025,11,2749,7.53
4384,646,1997,2,200,0.55
4385,646,1998,13,1162,3.18
4386,646,1999,5,872,2.39
4387,646,2000,6,1328,3.64
4388,646,2001,7,1326,3.63
4389,646,2002,2,418,1.15
4390,646,2003,24,4472,12.25
4391,646,2004,5,807,2.21
4392,646,2005,2,963,2.64
4393,646,2006,6,1576,4.32
4394,646,2007,8,1909,5.23
4395,646,2008,4,1086,2.98
4396,646,2009,7,2564,7.02
4397,646,2010,3,922,2.53
4398,646,2011,14,5577,15.28
4399,646,2012,21,7266,19.91
4400,646,2013,28,10727,29.39
4401,646,2014,34,12460,34.14
4402,646,2015,42,15921,43.62
4403,646,2016,37,14412,39.48
4404,646,2017,31,11716,32.1
4405,646,2018,32,14077,38.57
4406,646,2019,23,12698,34.79
4407,646,2020,19,10004,27.41
4408,646,2021,37,17237,47.22
4409,646,2022,46,21061,57.7
4410,646,2023,69,26549,72.74
4411,646,2024,93,40167,110.05
4412,646,2025,98,40803,111.79
4413,647,2024,104,41431,113.51
4414,647,2025,96,43156,118.24
4415,648,1996,1,128,0.35
4416,648,1997,3,1143,3.13
4417,648,1998,1,905,2.48
4418,648,1999,0,0,0.0
4419,648,2000,3,1243,3.41
4420,648,2001,1,103,0.28
4421,648,2002,2,947,2.59
4422,648,2003,2,323,0.88
4423,648,2004,1,448,1.23
4424,648,2005,7,4232,11.59
4425,648,2006,10,4420,12.11
4426,648,2007,5,2121,5.81
4427,648,2008,7,3088,8.46
4428,648,2009,1,288,0.79
4429,648,2010,6,2285,6.26
4430,648,2011,3,1757,4.81
4431,648,2012,3,962,2.64
4432,648,2013,1,835,2.29
4433,648,2014,1,386,1.06
4434,648,2015,3,764,2.09
4435,648,2016,0,0,0.0
4436,648,2017,2,1063,2.91
4437,648,2018,5,1402,3.84
4438,648,2019,2,880,2.41
4439,648,2020,5,1418,3.88
4440,648,2021,4,1438,3.94
4441,648,2022,5,2051,5.62
4442,648,2023,6,1708,4.68
4443,648,2024,3,1020,2.79
4444,648,2025,20,7641,20.93
4445,649,2021,3,1288,3.53
4446,649,2022,4,1920,5.26
4447,649,2023,4,1429,3.92
4448,649,2024,5,2356,6.45
4449,649,2025,1,645,1.77
4450,650,2018,25,9044,24.78
4451,650,2019,95,32262,88.39
4452,650,2020,220,77688,212.84
4453,650,2021,189,73923,202.53
4454,650,2022,185,76090,208.47
4455,650,2023,230,81890,224.36
4456,650,2024,342,108175,296.37
4457,650,2025,353,114296,313.14
4458,651,2018,1,341,0.93
4459,651,2019,18,6315,17.3
4460,651,2020,25,8263,22.64
4461,651,2021,26,9641,26.41
4462,651,2022,40,13334,36.53
4463,651,2023,28,10517,28.81
4464,651,2024,20,6714,18.39
4465,651,2025,21,8013,21.95
4466,652,2025,15,5746,15.74
4467,653,2019,1,384,1.05
4468,653,2020,42,17487,47.91
4469,653,2021,113,44155,120.97
4470,653,2022,156,56318,154.3
4471,653,2023,193,64148,175.75
4472,653,2024,188,65748,180.13
4473,653,2025,168,55326,151.58
4474,654,2023,40,17641,48.33
4475,654,2024,143,45776,125.41
4476,654,2025,66,34655,94.95
4477,655,2022,28,9587,26.27
4478,655,2023,56,26235,71.88
4479,655,2024,72,37644,103.13
4480,655,2025,57,26620,72.93
4481,656,2023,36,13795,37.79
4482,656,2024,60,22755,62.34
4483,656,2025,114,35372,96.91
4484,657,2020,5,1750,4.79
4485,657,2021,16,6485,17.77
4486,657,2022,21,8223,22.53
4487,657,2023,42,16230,44.47
4488,657,2024,41,15949,43.7
4489,657,2025,24,9957,27.28
4490,658,2022,72,27123,74.31
4491,658,2023,61,22156,60.7
4492,658,2024,100,36645,100.4
4493,658,2025,156,54530,149.4
4494,659,2016,5,1672,4.58
4495,659,2017,15,5395,14.78
4496,659,2018,6,1751,4.8
4497,659,2019,0,0,0.0
4498,659,2020,0,0,0.0
4499,659,2021,0,0,0.0
4500,659,2022,1,109,0.3
4501,659,2023,0,0,0.0
4502,659,2024,7,2155,5.9
4503,659,2025,26,10923,29.93
4504,660,2013,3,1006,2.76
4505,660,2014,1,263,0.72
4506,660,2015,0,0,0.0
4507,660,2016,0,0,0.0
4508,660,2017,1,395,1.08
4509,660,2018,2,799,2.19
4510,660,2019,2,688,1.88
4511,660,2020,0,0,0.0
4512,660,2021,4,1559,4.27
4513,660,2022,0,0,0.0
4514,660,2023,7,2707,7.42
4515,660,2024,145,61824,169.38
4516,660,2025,197,83101,227.67
4517,661,2023,66,24090,66.0
4518,661,2024,104,40535,111.05
4519,661,2025,86,28049,76.85
4520,662,2022,17,7189,19.7
4521,662,2023,64,24185,66.26
4522,662,2024,70,27557,75.5
4523,662,2025,47,20903,57.27
4524,663,2022,23,8401,23.02
4525,663,2023,40,11656,31.93
4526,663,2024,59,21090,57.78
4527,663,2025,11,4320,11.84
4528,664,2022,4,1454,3.98
4529,664,2023,92,33926,92.95
4530,664,2024,203,82027,224.73
4531,664,2025,261,105147,288.07
4532,665,2024,10,4330,11.86
4533,665,2025,50,25651,70.28
4534,666,2021,59,20490,56.14
4535,666,2022,260,87572,239.92
4536,666,2023,345,107534,294.61
4537,666,2024,375,114066,312.51
4538,666,2025,261,87114,238.67
4539,667,2025,4,1503,4.12
4540,668,2024,15,4291,11.76
4541,668,2025,133,47744,130.81
4542,669,2025,34,11175,30.62
4543,670,2013,15,5695,15.6
4544,670,2014,33,13656,37.41
4545,670,2015,35,12395,33.96
4546,670,2016,34,12314,33.74
4547,670,2017,41,14295,39.16
4548,670,2018,47,16482,45.16
4549,670,2019,40,13788,37.78
4550,670,2020,73,24963,68.39
4551,670,2021,83,30382,83.24
4552,670,2022,62,21618,59.23
4553,670,2023,82,27068,74.16
4554,670,2024,86,33681,92.28
4555,670,2025,83,27885,76.4
4556,671,2010,1,199,0.55
4557,671,2011,0,0,0.0
4558,671,2012,0,0,0.0
4559,671,2013,0,0,0.0
4560,671,2014,0,0,0.0
4561,671,2015,0,0,0.0
4562,671,2016,1,391,1.07
4563,671,2017,0,0,0.0
4564,671,2018,0,0,0.0
4565,671,2019,0,0,0.0
4566,671,2020,0,0,0.0
4567,671,2021,0,0,0.0
4568,671,2022,51,14023,38.42
4569,671,2023,42,14361,39.35
4570,671,2024,37,12061,33.04
4571,671,2025,81,23967,65.66
4572,672,2017,10,2262,6.2
4573,672,2018,17,4172,11.43
4574,672,2019,19,5045,13.82
4575,672,2020,49,14030,38.44
4576,672,2021,49,10763,29.49
4577,672,2022,49,11650,31.92
4578,672,2023,33,6922,18.96
4579,672,2024,19,4816,13.19
4580,672,2025,12,4350,11.92
4581,673,2011,111,42617,116.76
4582,673,2012,80,26455,72.48
4583,673,2013,49,15458,42.35
4584,673,2014,57,18009,49.34
4585,673,2015,60,20087,55.03
4586,673,2016,64,21334,58.45
4587,673,2017,72,23802,65.21
4588,673,2018,75,27066,74.15
4589,673,2019,78,26368,72.24
4590,673,2020,102,33581,92.0
4591,673,2021,107,37031,101.45
4592,673,2022,104,34979,95.83
4593,673,2023,124,41793,114.5
4594,673,2024,141,47969,131.42
4595,673,2025,141,47240,129.42
4596,674,2025,27,10164,27.85
4597,675,2024,90,34591,94.77
4598,675,2025,145,50511,138.39
4599,676,2022,7,2569,7.04
4600,676,2023,15,4769,13.07
4601,676,2024,21,7651,20.96
4602,676,2025,22,8024,21.98
4603,677,2013,2,452,1.24
4604,677,2014,2,582,1.59
4605,677,2015,5,1287,3.53
4606,677,2016,5,1132,3.1
4607,677,2017,15,3821,10.47
4608,677,2018,7,2679,7.34
4609,677,2019,10,2709,7.42
4610,677,2020,31,10922,29.92
4611,677,2021,0,0,0.0
4612,677,2022,2,816,2.24
4613,677,2023,1,224,0.61
4614,677,2024,1,368,1.01
4615,677,2025,28,7372,20.2
4616,678,2022,6,2127,5.83
4617,678,2023,32,10892,29.84
4618,678,2024,34,11507,31.53
4619,678,2025,31,12311,33.73
4620,679,2024,4,1316,3.61
4621,679,2025,43,15485,42.42
4622,680,2015,14,6910,18.93
4623,680,2016,13,4679,12.82
4624,680,2017,16,4035,11.05
4625,680,2018,17,7667,21.01
4626,680,2019,27,7706,21.11
4627,680,2020,53,14656,40.15
4628,680,2021,124,34932,95.7
4629,680,2022,66,18989,52.02
4630,680,2023,78,29747,81.5
4631,680,2024,58,20472,56.09
4632,680,2025,101,35027,95.96
4633,681,2025,18,6155,16.86
4634,682,2025,9,3451,9.45
4635,683,2004,1,179,0.49
4636,683,2005,3,627,1.72
4637,683,2006,3,684,1.87
4638,683,2007,6,1492,4.09
4639,683,2008,11,3071,8.41
4640,683,2009,17,4205,11.52
4641,683,2010,6,1923,5.27
4642,683,2011,3,892,2.44
4643,683,2012,10,2452,6.72
4644,683,2013,6,1586,4.35
4645,683,2014,17,5978,16.38
4646,683,2015,12,2931,8.03
4647,683,2016,63,16122,44.17
4648,683,2017,44,10569,28.96
4649,683,2018,57,15603,42.75
4650,683,2019,42,11855,32.48
4651,683,2020,57,18170,49.78
4652,683,2021,51,17125,46.92
4653,683,2022,74,24510,67.15
4654,683,2023,37,11765,32.23
4655,683,2024,52,14970,41.01
4656,683,2025,80,21348,58.49
4657,684,2019,12,3773,10.34
4658,684,2020,2,973,2.67
4659,684,2021,0,0,0.0
4660,684,2022,0,0,0.0
4661,684,2023,0,0,0.0
4662,684,2024,0,0,0.0
4663,684,2025,38,20139,55.18
4664,685,2017,3,1278,3.5
4665,685,2018,20,8112,22.22
4666,685,2019,22,7699,21.09
4667,685,2020,22,7084,19.41
4668,685,2021,20,7895,21.63
4669,685,2022,26,9564,26.2
4670,685,2023,118,55838,152.98
4671,685,2024,108,43123,118.15
4672,685,2025,98,35771,98.0
4673,686,2017,1,416,1.14
4674,686,2018,0,0,0.0
4675,686,2019,0,0,0.0
4676,686,2020,0,0,0.0
4677,686,2021,0,0,0.0
4678,686,2022,35,16448,45.06
4679,686,2023,63,28533,78.17
4680,686,2024,37,16983,46.53
4681,686,2025,40,12846,35.19
4682,687,2023,82,31574,86.5
4683,687,2024,99,34651,94.93
4684,687,2025,225,79503,217.82
4685,688,2025,22,6975,19.11
4686,689,2022,5,1746,4.78
4687,689,2023,0,0,0.0
4688,689,2024,1,469,1.28
4689,689,2025,9,3202,8.77
4690,690,2025,15,6803,18.64
4691,691,2019,3,1011,2.77
4692,691,2020,2,686,1.88
4693,691,2021,4,1655,4.53
4694,691,2022,2,923,2.53
4695,691,2023,16,3066,8.4
4696,691,2024,26,9602,26.31
4697,691,2025,59,19297,52.87
4698,692,2023,16,8602,23.57
4699,692,2024,28,13604,37.27
4700,692,2025,51,19949,54.65
4701,693,2023,6,2025,5.55
4702,693,2024,0,0,0.0
4703,693,2025,25,9214,25.24
4704,694,2006,1,37,0.1
4705,694,2007,0,0,0.0
4706,694,2008,2,408,1.12
4707,694,2009,0,0,0.0
4708,694,2010,0,0,0.0
4709,694,2011,1,192,0.53
4710,694,2012,14,6387,17.5
4711,694,2013,0,0,0.0
4712,694,2014,2,942,2.58
4713,694,2015,42,18666,51.14
4714,694,2016,77,25560,70.03
4715,694,2017,98,29002,79.46
4716,694,2018,46,12164,33.33
4717,694,2019,76,22151,60.69
4718,694,2020,54,16682,45.7
4719,694,2021,101,25352,69.46
4720,694,2022,258,70480,193.1
4721,694,2023,370,112361,307.84
4722,694,2024,267,87078,238.57
4723,694,2025,279,72488,198.6
4724,695,2024,84,36266,99.36
4725,695,2025,81,31161,85.37
4726,696,2022,53,23368,64.02
4727,696,2023,100,36732,100.64
4728,696,2024,128,47339,129.7
4729,696,2025,120,43888,120.24
4730,697,2024,1,419,1.15
4731,697,2025,22,10803,29.6
4732,698,2024,1,336,0.92
4733,698,2025,28,10005,27.41
4734,699,2008,1,435,1.19
4735,699,2009,1,498,1.36
4736,699,2010,0,0,0.0
4737,699,2011,4,934,2.56
4738,699,2012,4,1536,4.21
4739,699,2013,1,364,1.0
4740,699,2014,3,1573,4.31
4741,699,2015,2,701,1.92
4742,699,2016,1,271,0.74
4743,699,2017,2,346,0.95
4744,699,2018,7,2568,7.04
4745,699,2019,2,692,1.9
4746,699,2020,3,1138,3.12
4747,699,2021,0,0,0.0
4748,699,2022,0,0,0.0
4749,699,2023,1,336,0.92
4750,699,2024,13,4514,12.37
4751,699,2025,12,4182,11.46
4752,700,2025,138,45363,124.28
4753,701,2022,128,31313,85.79
4754,701,2023,164,37419,102.52
4755,701,2024,75,18495,50.67
4756,701,2025,76,21395,58.62
4757,702,2024,55,20507,56.18
4758,702,2025,44,14949,40.96
4759,703,2025,39,11137,30.51
4760,704,2024,3,1485,4.07
4761,704,2025,86,29647,81.22
4762,705,2021,21,7872,21.57
4763,705,2022,64,23739,65.04
4764,705,2023,53,22866,62.65
4765,705,2024,29,11038,30.24
4766,705,2025,54,23145,63.41
4767,706,2015,2,720,1.97
4768,706,2016,0,0,0.0
4769,706,2017,0,0,0.0
4770,706,2018,2,2174,5.96
4771,706,2019,14,5451,14.93
4772,706,2020,10,2924,8.01
4773,706,2021,1,360,0.99
4774,706,2022,1,320,0.88
4775,706,2023,1,422,1.16
4776,706,2024,7,2863,7.84
4777,706,2025,23,8252,22.61
4778,707,2020,1,416,1.14
4779,707,2021,1,352,0.96
4780,707,2022,76,28320,77.59
4781,707,2023,89,34621,94.85
4782,707,2024,77,29214,80.04
4783,707,2025,72,28401,77.81
4784,708,2018,2,384,1.05
4785,708,2019,0,0,0.0
4786,708,2020,1,813,2.23
4787,708,2021,0,0,0.0
4788,708,2022,1,364,1.0
4789,708,2023,12,3932,10.77
4790,708,2024,40,8561,23.45
4791,708,2025,54,15864,43.46
4792,709,2024,25,9877,27.06
4793,709,2025,31,10337,28.32
4794,710,2025,42,14730,40.36
4795,711,2025,64,23045,63.14
4796,712,2015,3,1141,3.13
4797,712,2016,0,0,0.0
4798,712,2017,0,0,0.0
4799,712,2018,0,0,0.0
4800,712,2019,0,0,0.0
4801,712,2020,4,1569,4.3
4802,712,2021,28,10104,27.68
4803,712,2022,46,18095,49.58
4804,712,2023,54,22515,61.68
4805,712,2024,101,41599,113.97
4806,712,2025,117,52887,144.9
4807,713,2025,4,1365,3.74
4808,714,2025,8,2171,5.95
4809,715,2025,30,13447,36.84
4810,716,2017,2,1220,3.34
4811,716,2018,8,3455,9.47
4812,716,2019,26,11642,31.9
4813,716,2020,42,14458,39.61
4814,716,2021,45,17592,48.2
4815,716,2022,42,16571,45.4
4816,716,2023,82,28960,79.34
4817,716,2024,27,10084,27.63
4818,716,2025,57,23568,64.57
4819,717,2024,29,9431,25.84
4820,717,2025,54,18094,49.57
4821,718,2025,50,19793,54.23
4822,719,2001,1,320,0.88
4823,719,2002,1,240,0.66
4824,719,2003,2,560,1.53
4825,719,2004,2,435,1.19
4826,719,2005,5,1246,3.41
4827,719,2006,7,1892,5.18
4828,719,2007,3,766,2.1
4829,719,2008,10,2867,7.85
4830,719,2009,11,2965,8.12
4831,719,2010,11,3056,8.37
4832,719,2011,2,825,2.26
4833,719,2012,6,2330,6.38
4834,719,2013,3,980,2.68
4835,719,2014,9,2928,8.02
4836,719,2015,21,5347,14.65
4837,719,2016,26,7489,20.52
4838,719,2017,27,6500,17.81
4839,719,2018,29,11998,32.87
4840,719,2019,16,6003,16.45
4841,719,2020,16,5187,14.21
4842,719,2021,13,3865,10.59
4843,719,2022,10,3217,8.81
4844,719,2023,16,4601,12.61
4845,719,2024,14,4828,13.23
4846,719,2025,17,4877,13.36
4847,720,2016,3,0,0.0
4848,720,2017,10,3000,8.22
4849,720,2018,4,1480,4.05
4850,720,2019,4,535,1.47
4851,720,2020,5,1940,5.32
4852,720,2021,22,7194,19.71
4853,720,2022,50,12113,33.19
4854,720,2023,50,15689,42.98
4855,720,2024,68,19120,52.38
4856,720,2025,38,10407,28.51
4857,721,2018,17,6420,17.59
4858,721,2019,56,18462,50.58
4859,721,2020,99,32245,88.34
4860,721,2021,117,43145,118.21
4861,721,2022,100,33737,92.43
4862,721,2023,116,41574,113.9
4863,721,2024,78,25269,69.23
4864,721,2025,76,27065,74.15
4865,722,2023,82,31463,86.2
4866,722,2024,80,28470,78.0
4867,722,2025,78,30932,84.75
4868,723,2023,2,548,1.5
4869,723,2024,4,1256,3.44
4870,723,2025,292,117945,323.14
4871,724,2024,1,370,1.01
4872,724,2025,71,25866,70.87
4873,725,2022,35,12425,34.04
4874,725,2023,42,18609,50.98
4875,725,2024,42,17764,48.67
4876,725,2025,54,22605,61.93
4877,726,2024,128,44427,121.72
4878,726,2025,147,58031,158.99
4879,727,2023,1,375,1.03
4880,727,2024,25,13118,35.94
4881,727,2025,41,21430,58.71
4882,728,2024,6,2383,6.53
4883,728,2025,25,6888,18.87
4884,729,2025,355,122328,335.15
4885,730,2025,7,1405,3.85
4886,731,2024,12,4095,11.22
4887,731,2025,25,8873,24.31
4888,732,2024,32,10473,28.69
4889,732,2025,25,8589,23.53
4890,733,2019,18,4985,13.66
4891,733,2020,173,52939,145.04
4892,733,2021,184,51883,142.15
4893,733,2022,102,35981,98.58
4894,733,2023,128,41235,112.97
4895,733,2024,135,45178,123.78
4896,733,2025,131,40747,111.64
4897,734,2006,1,0,0.0
4898,734,2007,0,0,0.0
4899,734,2008,0,0,0.0
4900,734,2009,0,0,0.0
4901,734,2010,0,0,0.0
4902,734,2011,19,6889,18.87
4903,734,2012,38,14990,41.07
4904,734,2013,19,7843,21.49
4905,734,2014,31,14320,39.23
4906,734,2015,28,11136,30.51
4907,734,2016,25,10379,28.44
4908,734,2017,35,13671,37.45
4909,734,2018,41,14356,39.33
4910,734,2019,16,5197,14.24
4911,734,2020,6,2651,7.26
4912,734,2021,7,3353,9.19
4913,734,2022,13,4966,13.61
4914,734,2023,34,14277,39.12
4915,734,2024,47,19345,53.0
4916,734,2025,68,23157,63.44
4917,735,2010,1,199,0.55
4918,735,2011,1,416,1.14
4919,735,2012,2,400,1.1
4920,735,2013,4,1327,3.64
4921,735,2014,2,960,2.63
4922,735,2015,5,2458,6.73
4923,735,2016,12,3888,10.65
4924,735,2017,10,3719,10.19
4925,735,2018,33,13240,36.27
4926,735,2019,78,24055,65.9
4927,735,2020,69,21763,59.62
4928,735,2021,45,14049,38.49
4929,735,2022,45,14789,40.52
4930,735,2023,36,13207,36.18
4931,735,2024,26,8290,22.71
4932,735,2025,24,7794,21.35
4933,736,2013,2,691,1.89
4934,736,2014,9,2366,6.48
4935,736,2015,5,1647,4.51
4936,736,2016,0,0,0.0
4937,736,2017,0,0,0.0
4938,736,2018,7,1942,5.32
4939,736,2019,6,1952,5.35
4940,736,2020,9,2202,6.03
4941,736,2021,23,6946,19.03
4942,736,2022,20,6177,16.92
4943,736,2023,40,12113,33.19
4944,736,2024,35,10344,28.34
4945,736,2025,37,12944,35.46
4946,737,2022,1,384,1.05
4947,737,2023,9,4112,11.27
4948,737,2024,0,163,0.45
4949,737,2025,17,8835,24.21
4950,738,2007,1,365,1.0
4951,738,2008,0,0,0.0
4952,738,2009,0,0,0.0
4953,738,2010,0,0,0.0
4954,738,2011,0,0,0.0
4955,738,2012,0,0,0.0
4956,738,2013,0,0,0.0
4957,738,2014,0,0,0.0
4958,738,2015,0,0,0.0
4959,738,2016,0,0,0.0
4960,738,2017,0,0,0.0
4961,738,2018,0,0,0.0
4962,738,2019,0,0,0.0
4963,738,2020,1,448,1.23
4964,738,2021,1,195,0.53
4965,738,2022,2,928,2.54
4966,738,2023,1,282,0.77
4967,738,2024,0,0,0.0
4968,738,2025,1,320,0.88
4969,739,2024,53,19635,53.79
4970,739,2025,56,19456,53.3
4971,740,2025,2,740,2.03
4972,741,2024,14,4840,13.26
4973,741,2025,78,23649,64.79
4974,742,2023,36,14131,38.72
4975,742,2024,32,12420,34.03
4976,742,2025,26,11164,30.59
4977,743,2016,1,328,0.9
4978,743,2017,57,20330,55.7
4979,743,2018,73,27651,75.76
4980,743,2019,59,18820,51.56
4981,743,2020,57,22865,62.64
4982,743,2021,17,5818,15.94
4983,743,2022,24,8450,23.15
4984,743,2023,42,13345,36.56
4985,743,2024,31,11046,30.26
4986,743,2025,12,4073,11.16
4987,744,2024,29,11633,31.87
4988,744,2025,37,12436,34.07
4989,745,2023,3,1748,4.79
4990,745,2024,273,91503,250.69
4991,745,2025,220,74497,204.1
4992,746,2018,1,233,0.64
4993,746,2019,173,31447,86.16
4994,746,2020,389,76091,208.47
4995,746,2021,391,89096,244.1
4996,746,2022,340,88405,242.21
4997,746,2023,294,79864,218.81
4998,746,2024,256,72117,197.58
4999,746,2025,224,61142,167.51
5000,747,2012,1,336,0.92
5001,747,2013,1,463,1.27
5002,747,2014,0,0,0.0
5003,747,2015,46,16186,44.35
5004,747,2016,39,12875,35.27
5005,747,2017,4,1165,3.19
5006,747,2018,3,1161,3.18
5007,747,2019,12,3993,10.94
5008,747,2020,26,8804,24.12
5009,747,2021,77,25909,70.98
5010,747,2022,95,33307,91.25
5011,747,2023,95,30804,84.39
5012,747,2024,115,35033,95.98
5013,747,2025,83,28674,78.56
5014,748,2025,124,49675,136.1
5015,749,2023,8,2794,7.65
5016,749,2024,53,15265,41.82
5017,749,2025,52,16611,45.51
5018,750,2021,1,241,0.66
5019,750,2022,10,3785,10.37
5020,750,2023,25,8544,23.41
5021,750,2024,26,9316,25.52
5022,750,2025,23,8261,22.63
5023,751,2025,20,15190,41.62
5024,752,2025,6,2098,5.75
5025,753,2024,9,3773,10.34
5026,753,2025,64,21512,58.94
5027,754,2014,28,9403,25.76
5028,754,2015,21,7566,20.73
5029,754,2016,14,4475,12.26
5030,754,2017,16,5547,15.2
5031,754,2018,20,7098,19.45
5032,754,2019,19,6795,18.62
5033,754,2020,25,9084,24.89
5034,754,2021,41,14250,39.04
5035,754,2022,37,13976,38.29
5036,754,2023,27,10168,27.86
5037,754,2024,26,9964,27.3
5038,754,2025,28,9856,27.0
5039,755,2022,13,4395,12.04
5040,755,2023,10,3710,10.16
5041,755,2024,10,3619,9.92
5042,755,2025,19,6827,18.7
5043,756,2024,91,27328,74.87
5044,756,2025,109,31492,86.28
5045,757,2023,2,634,1.74
5046,757,2024,8,2403,6.58
5047,757,2025,9,2651,7.26
5048,758,2022,5,2774,7.6
5049,758,2023,84,40950,112.19
5050,758,2024,78,35084,96.12
5051,758,2025,78,31900,87.4
5052,759,2011,1,197,0.54
5053,759,2012,0,0,0.0
5054,759,2013,0,0,0.0
5055,759,2014,0,0,0.0
5056,759,2015,2,627,1.72
5057,759,2016,0,0,0.0
5058,759,2017,0,0,0.0
5059,759,2018,0,0,0.0
5060,759,2019,0,0,0.0
5061,759,2020,0,0,0.0
5062,759,2021,0,0,0.0
5063,759,2022,3,832,2.28
5064,759,2023,5,1478,4.05
5065,759,2024,29,6317,17.31
5066,759,2025,66,20753,56.86
5067,760,2015,2,1561,4.28
5068,760,2016,1,0,0.0
5069,760,2017,0,0,0.0
5070,760,2018,0,0,0.0
5071,760,2019,1,384,1.05
5072,760,2020,0,0,0.0
5073,760,2021,4,905,2.48
5074,760,2022,6,1412,3.87
5075,760,2023,7,1358,3.72
5076,760,2024,7,2562,7.02
5077,760,2025,16,3294,9.02
5078,761,2021,17,7126,19.52
5079,761,2022,11,4486,12.29
5080,761,2023,40,13328,36.52
5081,761,2024,51,22210,60.85
5082,761,2025,37,15262,41.81
5083,762,2004,1,98,0.27
5084,762,2005,0,0,0.0
5085,762,2006,1,174,0.48
5086,762,2007,0,0,0.0
5087,762,2008,1,341,0.93
5088,762,2009,0,0,0.0
5089,762,2010,0,0,0.0
5090,762,2011,0,0,0.0
5091,762,2012,0,0,0.0
5092,762,2013,0,0,0.0
5093,762,2014,0,0,0.0
5094,762,2015,0,0,0.0
5095,762,2016,0,0,0.0
5096,762,2017,0,0,0.0
5097,762,2018,0,0,0.0
5098,762,2019,1,336,0.92
5099,762,2020,0,0,0.0
5100,762,2021,6,1791,4.91
5101,762,2022,32,10782,29.54
5102,762,2023,66,20834,57.08
5103,762,2024,58,16774,45.96
5104,762,2025,32,9767,26.76
5105,763,2021,1,368,1.01
5106,763,2022,200,66753,182.88
5107,763,2023,107,39191,107.37
5108,763,2024,76,29632,81.18
5109,763,2025,154,58581,160.5
5110,764,2019,36,13572,37.18
5111,764,2020,69,25408,69.61
5112,764,2021,119,45620,124.99
5113,764,2022,108,39742,108.88
5114,764,2023,130,46934,128.59
5115,764,2024,100,36742,100.66
5116,764,2025,53,22431,61.45
5117,765,2024,6,3413,9.35
5118,765,2025,7,2441,6.69
5119,766,2014,3,975,2.67
5120,766,2015,2,507,1.39
5121,766,2016,30,10211,27.98
5122,766,2017,38,13669,37.45
5123,766,2018,16,4301,11.78
5124,766,2019,62,22296,61.08
5125,766,2020,75,26004,71.24
5126,766,2021,72,23482,64.33
5127,766,2022,0,0,0.0
5128,766,2023,0,0,0.0
5129,766,2024,1,648,1.78
5130,766,2025,43,13343,36.56
5131,767,2022,1,426,1.17
5132,767,2023,5,1476,4.04
5133,767,2024,420,125883,344.88
5134,767,2025,434,137372,376.36
5135,768,2022,3,1539,4.22
5136,768,2023,106,40309,110.44
5137,768,2024,115,47916,131.28
5138,768,2025,105,42151,115.48
5139,769,2017,6,1751,4.8
5140,769,2018,1,272,0.75
5141,769,2019,0,0,0.0
5142,769,2020,4,1759,4.82
5143,769,2021,8,2509,6.87
5144,769,2022,3,938,2.57
5145,769,2023,3,936,2.56
5146,769,2024,45,16372,44.85
5147,769,2025,271,87202,238.91
5148,770,2019,54,18235,49.96
5149,770,2020,141,46457,127.28
5150,770,2021,148,61545,168.62
5151,770,2022,140,49374,135.27
5152,770,2023,103,42117,115.39
5153,770,2024,119,40684,111.46
5154,770,2025,78,26001,71.24
5155,771,2022,5,2129,5.83
5156,771,2023,9,4054,11.11
5157,771,2024,36,15277,41.85
5158,771,2025,42,19860,54.41
5159,772,2025,71,24397,66.84
5160,773,2024,235,76313,209.08
5161,773,2025,340,112866,309.22
5162,774,2007,1,725,1.99
5163,774,2008,0,0,0.0
5164,774,2009,0,0,0.0
5165,774,2010,1,800,2.19
5166,774,2011,0,0,0.0
5167,774,2012,2,1421,3.89
5168,774,2013,0,0,0.0
5169,774,2014,0,0,0.0
5170,774,2015,3,1009,2.76
5171,774,2016,5,1824,5.0
5172,774,2017,1,296,0.81
5173,774,2018,0,0,0.0
5174,774,2019,0,0,0.0
5175,774,2020,2,546,1.5
5176,774,2021,2,468,1.28
5177,774,2022,14,4635,12.7
5178,774,2023,6,2645,7.25
5179,774,2024,10,3181,8.72
5180,774,2025,22,8142,22.31
5181,775,2015,2,832,2.28
5182,775,2016,2,993,2.72
5183,775,2017,0,0,0.0
5184,775,2018,0,0,0.0
5185,775,2019,0,0,0.0
5186,775,2020,2,523,1.43
5187,775,2021,101,25207,69.06
5188,775,2022,121,38492,105.46
5189,775,2023,29,9828,26.93
5190,775,2024,63,17725,48.56
5191,775,2025,105,30850,84.52
5192,776,2023,7,1975,5.41
5193,776,2024,51,17375,47.6
5194,776,2025,44,16048,43.97
5195,777,2021,6,1446,3.96
5196,777,2022,73,27302,74.8
5197,777,2023,82,29575,81.03
5198,777,2024,71,28654,78.5
5199,777,2025,126,42831,117.35
5200,778,2020,2,623,1.71
5201,778,2021,33,13054,35.76
5202,778,2022,128,47326,129.66
5203,778,2023,168,57202,156.72
5204,778,2024,158,56824,155.68
5205,778,2025,131,51671,141.56
5206,779,2024,1,641,1.76
5207,779,2025,6,2379,6.52
5208,780,2022,158,56774,155.55
5209,780,2023,170,58360,159.89
5210,780,2024,162,57352,157.13
5211,780,2025,108,37238,102.02
5212,781,2013,125,44980,123.23
5213,781,2014,84,34110,93.45
5214,781,2015,97,40079,109.81
5215,781,2016,110,39783,108.99
5216,781,2017,92,33493,91.76
5217,781,2018,80,24619,67.45
5218,781,2019,97,35951,98.5
5219,781,2020,110,45337,124.21
5220,781,2021,80,30530,83.64
5221,781,2022,100,28780,78.85
5222,781,2023,75,28728,78.71
5223,781,2024,55,24299,66.57
5224,781,2025,38,17382,47.62
5225,782,2000,4,1000,2.74
5226,782,2001,12,3299,9.04
5227,782,2002,8,3973,10.88
5228,782,2003,3,1903,5.21
5229,782,2004,1,912,2.5
5230,782,2005,1,652,1.79
5231,782,2006,0,0,0.0
5232,782,2007,2,1050,2.88
5233,782,2008,3,1258,3.45
5234,782,2009,0,0,0.0
5235,782,2010,0,0,0.0
5236,782,2011,1,288,0.79
5237,782,2012,5,4974,13.63
5238,782,2013,0,0,0.0
5239,782,2014,0,0,0.0
5240,782,2015,1,275,0.75
5241,782,2016,0,0,0.0
5242,782,2017,0,0,0.0
5243,782,2018,0,0,0.0
5244,782,2019,1,184,0.5
5245,782,2020,1,146,0.4
5246,782,2021,1,418,1.15
5247,782,2022,90,28210,77.29
5248,782,2023,196,69150,189.45
5249,782,2024,72,22837,62.57
5250,782,2025,56,20936,57.36
5251,783,2010,4,968,2.65
5252,783,2011,18,3052,8.36
5253,783,2012,24,5561,15.24
5254,783,2013,32,10010,27.42
5255,783,2014,1,228,0.62
5256,783,2015,1,276,0.76
5257,783,2016,2,516,1.41
5258,783,2017,17,6093,16.69
5259,783,2018,11,4473,12.25
5260,783,2019,8,3587,9.83
5261,783,2020,6,2553,6.99
5262,783,2021,0,0,0.0
5263,783,2022,5,3177,8.7
5264,783,2023,84,37853,103.71
5265,783,2024,103,46514,127.44
5266,783,2025,33,14088,38.6
5267,784,2014,1,835,2.29
5268,784,2015,11,4195,11.49
5269,784,2016,0,0,0.0
5270,784,2017,1,128,0.35
5271,784,2018,8,2995,8.21
5272,784,2019,10,1010,2.77
5273,784,2020,1,359,0.98
5274,784,2021,2,768,2.1
5275,784,2022,0,0,0.0
5276,784,2023,2,677,1.85
5277,784,2024,1,921,2.52
5278,784,2025,219,73551,201.51
5279,785,2012,1,323,0.88
5280,785,2013,4,1474,4.04
5281,785,2014,9,4307,11.8
5282,785,2015,4,1514,4.15
5283,785,2016,8,4250,11.64
5284,785,2017,11,3599,9.86
5285,785,2018,25,7222,19.79
5286,785,2019,24,7604,20.83
5287,785,2020,17,4954,13.57
5288,785,2021,3,1018,2.79
5289,785,2022,4,1875,5.14
5290,785,2023,13,4463,12.23
5291,785,2024,13,4874,13.35
5292,785,2025,27,9349,25.61
5293,786,2012,43,13270,36.36
5294,786,2013,105,31708,86.87
5295,786,2014,92,33442,91.62
5296,786,2015,80,27894,76.42
5297,786,2016,57,15851,43.43
5298,786,2017,31,11065,30.32
5299,786,2018,48,15248,41.78
5300,786,2019,162,57007,156.18
5301,786,2020,104,37035,101.47
5302,786,2021,111,37275,102.12
5303,786,2022,99,33962,93.05
5304,786,2023,119,44180,121.04
5305,786,2024,139,43743,119.84
5306,786,2025,232,70766,193.88
5307,787,2012,1,358,0.98
5308,787,2013,0,0,0.0
5309,787,2014,0,0,0.0
5310,787,2015,1,374,1.02
5311,787,2016,2,796,2.18
5312,787,2017,0,0,0.0
5313,787,2018,5,1661,4.55
5314,787,2019,4,1509,4.13
5315,787,2020,2,416,1.14
5316,787,2021,1,279,0.76
5317,787,2022,11,3093,8.47
5318,787,2023,28,8006,21.93
5319,787,2024,68,21865,59.9
5320,787,2025,27,9708,26.6
5321,788,2024,56,18787,51.47
5322,788,2025,53,16975,46.51
5323,789,2024,1,742,2.03
5324,789,2025,4,1223,3.35
5325,790,2023,7,1781,4.88
5326,790,2024,29,13823,37.87
5327,790,2025,170,79180,216.93
5328,791,2021,1,384,1.05
5329,791,2022,38,12225,33.49
5330,791,2023,131,31995,87.66
5331,791,2024,239,57028,156.24
5332,791,2025,427,97222,266.36
5333,792,2022,62,17796,48.76
5334,792,2023,47,14917,40.87
5335,792,2024,46,16429,45.01
5336,792,2025,100,35464,97.16
5337,793,2023,1,437,1.2
5338,793,2024,52,18719,51.28
5339,793,2025,52,18141,49.7
5340,794,2021,39,9925,27.19
5341,794,2022,74,22844,62.59
5342,794,2023,47,17099,46.85
5343,794,2024,38,13812,37.84
5344,794,2025,15,5713,15.65
5345,795,2022,2,1462,4.01
5346,795,2023,30,13138,35.99
5347,795,2024,40,17988,49.28
5348,795,2025,37,17103,46.86
5349,796,2023,74,26042,71.35
5350,796,2024,111,37233,102.01
5351,796,2025,72,25515,69.9
5352,797,2019,4,1386,3.8
5353,797,2020,10,3337,9.14
5354,797,2021,23,7376,20.21
5355,797,2022,7,2923,8.01
5356,797,2023,36,12863,35.24
5357,797,2024,28,8983,24.61
5358,797,2025,27,9510,26.05
5359,798,2023,2,773,2.12
5360,798,2024,174,73982,202.69
5361,798,2025,225,87886,240.78
5362,799,2012,1,0,0.0
5363,799,2013,0,0,0.0
5364,799,2014,0,0,0.0
5365,799,2015,0,0,0.0
5366,799,2016,0,0,0.0
5367,799,2017,0,0,0.0
5368,799,2018,0,0,0.0
5369,799,2019,0,0,0.0
5370,799,2020,0,0,0.0
5371,799,2021,0,0,0.0
5372,799,2022,0,0,0.0
5373,799,2023,36,15316,41.96
5374,799,2024,78,32545,89.16
5375,799,2025,95,34655,94.95
5376,800,2000,1,592,1.62
5377,800,2001,1,329,0.9
5378,800,2002,0,0,0.0
5379,800,2003,0,0,0.0
5380,800,2004,0,0,0.0
5381,800,2005,0,0,0.0
5382,800,2006,0,0,0.0
5383,800,2007,0,0,0.0
5384,800,2008,0,0,0.0
5385,800,2009,0,0,0.0
5386,800,2010,0,0,0.0
5387,800,2011,0,0,0.0
5388,800,2012,0,0,0.0
5389,800,2013,7,3306,9.06
5390,800,2014,25,10939,29.97
5391,800,2015,10,3834,10.5
5392,800,2016,19,7196,19.72
5393,800,2017,10,4381,12.0
5394,800,2018,5,1404,3.85
5395,800,2019,8,3245,8.89
5396,800,2020,2,800,2.19
5397,800,2021,3,1072,2.94
5398,800,2022,5,1373,3.76
5399,800,2023,5,1986,5.44
5400,800,2024,6,3527,9.66
5401,800,2025,12,3860,10.58
5402,801,2011,1,304,0.83
5403,801,2012,10,3535,9.68
5404,801,2013,5,1201,3.29
5405,801,2014,12,3752,10.28
5406,801,2015,33,10036,27.5
5407,801,2016,43,12579,34.46
5408,801,2017,46,12447,34.1
5409,801,2018,38,9384,25.71
5410,801,2019,26,8348,22.87
5411,801,2020,39,11541,31.62
5412,801,2021,11,3387,9.28
5413,801,2022,7,1679,4.6
5414,801,2023,21,5873,16.09
5415,801,2024,31,8361,22.91
5416,801,2025,52,14033,38.45
5417,802,2024,32,12116,33.19
5418,802,2025,41,14668,40.19
5419,803,2022,7,2587,7.09
5420,803,2023,61,17817,48.81
5421,803,2024,21,7181,19.67
5422,803,2025,3,1593,4.36
5423,804,2022,22,8463,23.19
5424,804,2023,5,1874,5.13
5425,804,2024,34,12505,34.26
5426,804,2025,50,17308,47.42
5427,805,2018,1,278,0.76
5428,805,2019,0,0,0.0
5429,805,2020,1,394,1.08
5430,805,2021,0,0,0.0
5431,805,2022,1,330,0.9
5432,805,2023,3,1216,3.33
5433,805,2024,16,5860,16.05
5434,805,2025,25,10277,28.16
5435,806,2025,21,6249,17.12
5436,807,2025,102,34462,94.42
5437,808,2023,41,15290,41.89
5438,808,2024,26,8335,22.84
5439,808,2025,25,8759,24.0
5440,809,2021,4,1972,5.4
5441,809,2022,69,21845,59.85
5442,809,2023,59,26084,71.46
5443,809,2024,72,22809,62.49
5444,809,2025,70,25680,70.36
5445,810,2021,1,364,1.0
5446,810,2022,32,12438,34.08
5447,810,2023,55,20826,57.06
5448,810,2024,36,13680,37.48
5449,810,2025,61,19657,53.85
5450,811,2011,59,17830,48.85
5451,811,2012,128,42513,116.47
5452,811,2013,97,30026,82.26
5453,811,2014,16,5918,16.21
5454,811,2015,8,3123,8.56
5455,811,2016,6,3891,10.66
5456,811,2017,2,598,1.64
5457,811,2018,0,0,0.0
5458,811,2019,0,0,0.0
5459,811,2020,0,0,0.0
5460,811,2021,1,316,0.87
5461,811,2022,2,533,1.46
5462,811,2023,1,316,0.87
5463,811,2024,34,11279,30.9
5464,811,2025,104,37304,102.2
5465,812,2011,1,181,0.5
5466,812,2012,0,0,0.0
5467,812,2013,4,1626,4.45
5468,812,2014,21,7177,19.66
5469,812,2015,19,6045,16.56
5470,812,2016,0,0,0.0
5471,812,2017,0,0,0.0
5472,812,2018,6,2092,5.73
5473,812,2019,0,0,0.0
5474,812,2020,1,144,0.39
5475,812,2021,0,0,0.0
5476,812,2022,3,1007,2.76
5477,812,2023,15,5273,14.45
5478,812,2024,83,36524,100.07
5479,812,2025,98,34486,94.48
5480,813,2020,1,323,0.88
5481,813,2021,0,0,0.0
5482,813,2022,8,2724,7.46
5483,813,2023,19,7473,20.47
5484,813,2024,40,15782,43.24
5485,813,2025,55,26665,73.05
5486,814,2022,2,581,1.59
5487,814,2023,68,25660,70.3
5488,814,2024,81,27222,74.58
5489,814,2025,72,20059,54.96
5490,815,2010,7,2001,5.48
5491,815,2011,6,1889,5.18
5492,815,2012,12,3628,9.94
5493,815,2013,6,4085,11.19
5494,815,2014,9,4280,11.73
5495,815,2015,19,7261,19.89
5496,815,2016,26,9402,25.76
5497,815,2017,13,4861,13.32
5498,815,2018,15,5509,15.09
5499,815,2019,9,3006,8.24
5500,815,2020,14,5831,15.98
5501,815,2021,16,4881,13.37
5502,815,2022,102,33338,91.34
5503,815,2023,124,41422,113.48
5504,815,2024,119,41716,114.29
5505,815,2025,75,25051,68.63
5506,816,2022,159,59728,163.64
5507,816,2023,103,37809,103.59
5508,816,2024,113,44341,121.48
5509,816,2025,120,47322,129.65
5510,817,2025,9,5179,14.19
5511,818,2025,207,71861,196.88
5512,819,2025,42,12904,35.35
5513,820,2023,28,9044,24.78
5514,820,2024,22,6739,18.46
5515,820,2025,25,8238,22.57
5516,821,2018,34,14457,39.61
5517,821,2019,29,10997,30.13
5518,821,2020,41,15136,41.47
5519,821,2021,51,17428,47.75
5520,821,2022,79,28201,77.26
5521,821,2023,60,22135,60.64
5522,821,2024,39,14612,40.03
5523,821,2025,78,27827,76.24
5524,822,2024,9,4357,11.94
5525,822,2025,2,949,2.6
5526,823,2011,104,41919,114.85
5527,823,2012,62,24312,66.61
5528,823,2013,22,6906,18.92
5529,823,2014,34,13820,37.86
5530,823,2015,30,10937,29.96
5531,823,2016,70,26270,71.97
5532,823,2017,51,16930,46.38
5533,823,2018,22,6061,16.61
5534,823,2019,53,17272,47.32
5535,823,2020,10,2332,6.39
5536,823,2021,28,11681,32.0
5537,823,2022,157,60365,165.38
5538,823,2023,331,111047,304.24
5539,823,2024,366,114105,312.62
5540,823,2025,368,118842,325.59
5541,824,1980,1,176,0.48
5542,824,1981,0,0,0.0
5543,824,1982,0,0,0.0
5544,824,1983,0,0,0.0
5545,824,1984,0,0,0.0
5546,824,1985,0,0,0.0
5547,824,1986,0,0,0.0
5548,824,1987,0,0,0.0
5549,824,1988,1,509,1.39
5550,824,1989,0,0,0.0
5551,824,1990,0,0,0.0
5552,824,1991,0,0,0.0
5553,824,1992,0,0,0.0
5554,824,1993,0,0,0.0
5555,824,1994,0,0,0.0
5556,824,1995,0,0,0.0
5557,824,1996,0,0,0.0
5558,824,1997,0,0,0.0
5559,824,1998,2,936,2.56
5560,824,1999,0,0,0.0
5561,824,2000,0,0,0.0
5562,824,2001,0,0,0.0
5563,824,2002,0,0,0.0
5564,824,2003,1,160,0.44
5565,824,2004,1,447,1.22
5566,824,2005,0,0,0.0
5567,824,2006,1,300,0.82
5568,824,2007,0,0,0.0
5569,824,2008,1,197,0.54
5570,824,2009,0,0,0.0
5571,824,2010,0,0,0.0
5572,824,2011,1,448,1.23
5573,824,2012,0,0,0.0
5574,824,2013,0,0,0.0
5575,824,2014,0,0,0.0
5576,824,2015,474,183082,501.59
5577,824,2016,64,18548,50.82
5578,824,2017,104,32534,89.13
5579,824,2018,147,46094,126.28
5580,824,2019,201,65588,179.69
5581,824,2020,138,42885,117.49
5582,824,2021,101,32915,90.18
5583,824,2022,185,59306,162.48
5584,824,2023,135,43031,117.89
5585,824,2024,150,50176,137.47
5586,824,2025,302,88506,242.48
5587,825,2023,1,388,1.06
5588,825,2024,40,14459,39.61
5589,825,2025,36,11626,31.85
5590,826,2023,41,16676,45.69
5591,826,2024,39,14402,39.46
5592,826,2025,30,11495,31.49
5593,827,2006,11,2739,7.5
5594,827,2007,0,0,0.0
5595,827,2008,1,303,0.83
5596,827,2009,19,5531,15.15
5597,827,2010,28,7418,20.32
5598,827,2011,11,3655,10.01
5599,827,2012,13,4120,11.29
5600,827,2013,45,19224,52.67
5601,827,2014,60,20802,56.99
5602,827,2015,25,7657,20.98
5603,827,2016,16,4612,12.64
5604,827,2017,20,6468,17.72
5605,827,2018,36,12501,34.25
5606,827,2019,26,10459,28.65
5607,827,2020,25,8732,23.92
5608,827,2021,25,8643,23.68
5609,827,2022,34,11954,32.75
5610,827,2023,28,9536,26.13
5611,827,2024,68,28330,77.62
5612,827,2025,130,48874,133.9
5613,828,2022,13,4832,13.24
5614,828,2023,11,3283,8.99
5615,828,2024,32,10617,29.09
5616,828,2025,108,35189,96.41
5617,829,2020,1,521,1.43
5618,829,2021,0,0,0.0
5619,829,2022,0,0,0.0
5620,829,2023,0,0,0.0
5621,829,2024,22,8074,22.12
5622,829,2025,47,18893,51.76
5623,830,2024,129,45420,124.44
5624,830,2025,129,41786,114.48
5625,831,2025,14,5564,15.24
5626,832,2025,136,41846,114.65
5627,833,2024,59,24044,65.87
5628,833,2025,117,43695,119.71
5629,834,2025,12,5309,14.55
5630,835,2011,1,451,1.24
5631,835,2012,0,0,0.0
5632,835,2013,0,0,0.0
5633,835,2014,3,854,2.34
5634,835,2015,2,684,1.87
5635,835,2016,0,0,0.0
5636,835,2017,3,771,2.11
5637,835,2018,1,352,0.96
5638,835,2019,1,181,0.5
5639,835,2020,1,452,1.24
5640,835,2021,28,10492,28.75
5641,835,2022,42,14092,38.61
5642,835,2023,54,18530,50.77
5643,835,2024,84,27593,75.6
5644,835,2025,108,35305,96.73
5645,836,2010,3,964,2.64
5646,836,2011,0,0,0.0
5647,836,2012,1,1088,2.98
5648,836,2013,0,0,0.0
5649,836,2014,1,272,0.75
5650,836,2015,2,825,2.26
5651,836,2016,2,822,2.25
5652,836,2017,4,1416,3.88
5653,836,2018,5,2050,5.62
5654,836,2019,6,2973,8.15
5655,836,2020,199,75083,205.71
5656,836,2021,178,66845,183.14
5657,836,2022,155,60186,164.89
5658,836,2023,153,54101,148.22
5659,836,2024,142,44791,122.72
5660,836,2025,134,46310,126.88
5661,837,2024,1,244,0.67
5662,837,2025,12,3718,10.19
5663,838,2022,11,3748,10.27
5664,838,2023,63,21929,60.08
5665,838,2024,107,39939,109.42
5666,838,2025,127,44609,122.22
5667,839,2016,4,1918,5.25
5668,839,2017,0,0,0.0
5669,839,2018,0,0,0.0
5670,839,2019,0,0,0.0
5671,839,2020,0,0,0.0
5672,839,2021,0,0,0.0
5673,839,2022,30,10359,28.38
5674,839,2023,45,15047,41.22
5675,839,2024,47,13917,38.13
5676,839,2025,44,12160,33.32
5677,840,2003,1,245,0.67
5678,840,2004,0,0,0.0
5679,840,2005,0,0,0.0
5680,840,2006,0,0,0.0
5681,840,2007,0,0,0.0
5682,840,2008,0,0,0.0
5683,840,2009,0,0,0.0
5684,840,2010,0,0,0.0
5685,840,2011,0,0,0.0
5686,840,2012,2,800,2.19
5687,840,2013,1,304,0.83
5688,840,2014,3,768,2.1
5689,840,2015,20,5533,15.16
5690,840,2016,10,2230,6.11
5691,840,2017,4,1150,3.15
5692,840,2018,4,855,2.34
5693,840,2019,9,2108,5.78
5694,840,2020,5,638,1.75
5695,840,2021,5,751,2.06
5696,840,2022,10,2249,6.16
5697,840,2023,11,2480,6.79
5698,840,2024,11,2355,6.45
5699,840,2025,11,2683,7.35
5700,841,2013,3,613,1.68
5701,841,2014,4,1284,3.52
5702,841,2015,15,4738,12.98
5703,841,2016,8,3880,10.63
5704,841,2017,6,1150,3.15
5705,841,2018,12,8094,22.18
5706,841,2019,30,10629,29.12
5707,841,2020,28,9819,26.9
5708,841,2021,16,7360,20.16
5709,841,2022,36,12466,34.15
5710,841,2023,31,12733,34.88
5711,841,2024,50,19672,53.9
5712,841,2025,40,14466,39.63
5713,842,2022,10,3031,8.3
5714,842,2023,10,2984,8.18
5715,842,2024,10,2927,8.02
5716,842,2025,4,1317,3.61
5717,843,2021,116,42044,115.19
5718,843,2022,45,15881,43.51
5719,843,2023,2,820,2.25
5720,843,2024,15,5061,13.87
5721,843,2025,83,27244,74.64
5722,844,2023,26,9857,27.01
5723,844,2024,52,17823,48.83
5724,844,2025,52,18682,51.18
5725,845,2024,7,4181,11.45
5726,845,2025,21,9641,26.41
5727,846,2018,12,4143,11.35
5728,846,2019,15,4929,13.5
5729,846,2020,7,2289,6.27
5730,846,2021,17,5259,14.41
5731,846,2022,36,12215,33.47
5732,846,2023,90,28715,78.67
5733,846,2024,63,24253,66.45
5734,846,2025,93,34228,93.78
5735,847,2014,2,447,1.22
5736,847,2015,0,0,0.0
5737,847,2016,0,0,0.0
5738,847,2017,2,774,2.12
5739,847,2018,0,0,0.0
5740,847,2019,0,0,0.0
5741,847,2020,0,0,0.0
5742,847,2021,0,0,0.0
5743,847,2022,22,7446,20.4
5744,847,2023,12,3558,9.75
5745,847,2024,0,0,0.0
5746,847,2025,35,7025,19.25
5747,848,2025,63,27668,75.8
5748,849,2021,24,7587,20.79
5749,849,2022,62,20619,56.49
5750,849,2023,158,61239,167.78
5751,849,2024,133,49192,134.77
5752,849,2025,40,13291,36.41
5753,850,2023,8,2578,7.06
5754,850,2024,9,3762,10.31
5755,850,2025,28,12902,35.35
5756,851,2021,3,1144,3.13
5757,851,2022,32,10263,28.12
5758,851,2023,16,5978,16.38
5759,851,2024,132,54120,148.27
5760,851,2025,99,38068,104.3
5761,852,2013,2,608,1.67
5762,852,2014,2,805,2.21
5763,852,2015,0,0,0.0
5764,852,2016,0,0,0.0
5765,852,2017,0,0,0.0
5766,852,2018,0,0,0.0
5767,852,2019,0,0,0.0
5768,852,2020,0,0,0.0
5769,852,2021,48,19980,54.74
5770,852,2022,88,33300,91.23
5771,852,2023,101,40305,110.42
5772,852,2024,104,37275,102.12
5773,852,2025,95,37235,102.01
5774,853,2022,38,17169,47.04
5775,853,2023,90,44298,121.36
5776,853,2024,154,37681,103.24
5777,853,2025,204,39880,109.26
5778,854,2025,15,6483,17.76
5779,855,2021,207,71988,197.23
5780,855,2022,239,69746,191.08
5781,855,2023,194,58165,159.36
5782,855,2024,0,0,0.0
5783,855,2025,177,59659,163.45
5784,856,2021,10,3607,9.88
5785,856,2022,15,5253,14.39
5786,856,2023,43,14478,39.67
5787,856,2024,91,32038,87.78
5788,856,2025,126,48545,133.0
5789,857,2021,1,240,0.66
5790,857,2022,10,1633,4.47
5791,857,2023,18,3620,9.92
5792,857,2024,32,6077,16.65
5793,857,2025,27,7452,20.42
5794,858,2011,1,352,0.96
5795,858,2012,5,1876,5.14
5796,858,2013,4,1758,4.82
5797,858,2014,3,1804,4.94
5798,858,2015,0,0,0.0
5799,858,2016,0,0,0.0
5800,858,2017,0,0,0.0
5801,858,2018,0,0,0.0
5802,858,2019,0,0,0.0
5803,858,2020,0,0,0.0
5804,858,2021,5,2575,7.05
5805,858,2022,9,2907,7.96
5806,858,2023,8,2281,6.25
5807,858,2024,8,2146,5.88
5808,858,2025,73,24620,67.45
5809,859,2014,14,4965,13.6
5810,859,2015,23,9841,26.96
5811,859,2016,35,14203,38.91
5812,859,2017,42,15863,43.46
5813,859,2018,54,19905,54.53
5814,859,2019,101,34246,93.82
5815,859,2020,73,26166,71.69
5816,859,2021,79,30143,82.58
5817,859,2022,96,38043,104.23
5818,859,2023,120,43100,118.08
5819,859,2024,126,45665,125.11
5820,859,2025,114,43210,118.38
5821,860,2019,2,416,1.14
5822,860,2020,5,2766,7.58
5823,860,2021,16,9997,27.39
5824,860,2022,16,6098,16.71
5825,860,2023,46,17162,47.02
5826,860,2024,25,10526,28.84
5827,860,2025,30,10242,28.06
5828,861,2023,45,13520,37.04
5829,861,2024,37,11144,30.53
5830,861,2025,46,14790,40.52
5831,862,2009,1,202,0.55
5832,862,2010,3,586,1.61
5833,862,2011,3,1534,4.2
5834,862,2012,5,1504,4.12
5835,862,2013,3,950,2.6
5836,862,2014,7,2788,7.64
5837,862,2015,4,1140,3.12
5838,862,2016,2,624,1.71
5839,862,2017,1,464,1.27
5840,862,2018,1,255,0.7
5841,862,2019,1,256,0.7
5842,862,2020,0,0,0.0
5843,862,2021,2,1043,2.86
5844,862,2022,1,751,2.06
5845,862,2023,3,1111,3.04
5846,862,2024,3,1657,4.54
5847,862,2025,13,2452,6.72
5848,863,2021,113,52246,143.14
5849,863,2022,92,45662,125.1
5850,863,2023,80,38288,104.9
5851,863,2024,79,37179,101.86
5852,863,2025,125,56712,155.38
5853,864,2020,1,336,0.92
5854,864,2021,14,6145,16.84
5855,864,2022,181,64051,175.48
5856,864,2023,174,67381,184.61
5857,864,2024,137,53414,146.34
5858,864,2025,132,51466,141.0
5859,865,2021,13,4611,12.63
5860,865,2022,10,3437,9.42
5861,865,2023,106,38535,105.58
5862,865,2024,100,37672,103.21
5863,865,2025,46,17353,47.54
5864,866,2019,1,119,0.33
5865,866,2020,1,190,0.52
5866,866,2021,2,565,1.55
5867,866,2022,7,1991,5.45
5868,866,2023,18,5131,14.06
5869,866,2024,24,6021,16.5
5870,866,2025,13,3945,10.81
5871,867,2024,13,6689,18.33
5872,867,2025,23,8786,24.07
5873,868,2015,1,400,1.1
5874,868,2016,10,3391,9.29
5875,868,2017,14,5464,14.97
5876,868,2018,37,10268,28.13
5877,868,2019,41,10403,28.5
5878,868,2020,34,11572,31.7
5879,868,2021,33,11646,31.91
5880,868,2022,31,11055,30.29
5881,868,2023,29,9862,27.02
5882,868,2024,21,6329,17.34
5883,868,2025,19,5326,14.59
5884,869,2017,15,5447,14.92
5885,869,2018,39,14385,39.41
5886,869,2019,49,16950,46.44
5887,869,2020,64,25926,71.03
5888,869,2021,84,30460,83.45
5889,869,2022,86,30683,84.06
5890,869,2023,102,34687,95.03
5891,869,2024,63,23261,63.73
5892,869,2025,108,37460,102.63
5893,870,2005,1,608,1.67
5894,870,2006,1,635,1.74
5895,870,2007,1,699,1.92
5896,870,2008,0,0,0.0
5897,870,2009,0,0,0.0
5898,870,2010,0,0,0.0
5899,870,2011,1,476,1.3
5900,870,2012,0,0,0.0
5901,870,2013,3,2069,5.67
5902,870,2014,0,0,0.0
5903,870,2015,10,4786,13.11
5904,870,2016,12,5665,15.52
5905,870,2017,10,4377,11.99
5906,870,2018,5,2003,5.49
5907,870,2019,47,19594,53.68
5908,870,2020,80,33191,90.93
5909,870,2021,40,18028,49.39
5910,870,2022,59,27136,74.35
5911,870,2023,65,30187,82.7
5912,870,2024,77,34860,95.51
5913,870,2025,44,22232,60.91
5914,871,2020,2,295,0.81
5915,871,2021,2,416,1.14
5916,871,2022,3,512,1.4
5917,871,2023,7,1168,3.2
5918,871,2024,105,19851,54.39
5919,871,2025,48,12397,33.96
5920,872,2024,10,3458,9.47
5921,872,2025,472,163370,447.59
5922,873,2014,1,576,1.58
5923,873,2015,1,608,1.67
5924,873,2016,1,736,2.02
5925,873,2017,1,608,1.67
5926,873,2018,1,714,1.96
5927,873,2019,1,864,2.37
5928,873,2020,0,0,0.0
5929,873,2021,1,832,2.28
5930,873,2022,17,6890,18.88
5931,873,2023,39,15953,43.71
5932,873,2024,33,12822,35.13
5933,873,2025,74,29379,80.49
5934,874,2024,138,49932,136.8
5935,874,2025,230,67623,185.27
5936,875,2025,6,2943,8.06
5937,876,2011,1,291,0.8
5938,876,2012,15,4320,11.84
5939,876,2013,16,6746,18.48
5940,876,2014,0,0,0.0
5941,876,2015,0,0,0.0
5942,876,2016,11,3423,9.38
5943,876,2017,32,10421,28.55
5944,876,2018,53,20215,55.38
5945,876,2019,52,13303,36.45
5946,876,2020,53,17624,48.28
5947,876,2021,41,16173,44.31
5948,876,2022,38,13711,37.56
5949,876,2023,105,40374,110.61
5950,876,2024,129,56870,155.81
5951,876,2025,107,47062,128.94
5952,877,2008,18,6418,17.58
5953,877,2009,15,5284,14.48
5954,877,2010,35,12160,33.32
5955,877,2011,52,17428,47.75
5956,877,2012,22,7683,21.05
5957,877,2013,10,3196,8.76
5958,877,2014,32,14134,38.72
5959,877,2015,28,8779,24.05
5960,877,2016,35,12966,35.52
5961,877,2017,23,7859,21.53
5962,877,2018,30,8997,24.65
5963,877,2019,35,13537,37.09
5964,877,2020,36,11003,30.15
5965,877,2021,48,15914,43.6
5966,877,2022,75,23225,63.63
5967,877,2023,84,25011,68.52
5968,877,2024,88,30994,84.92
5969,877,2025,56,20591,56.41
5970,878,2024,14,5720,15.67
5971,878,2025,65,24599,67.39
5972,879,2020,1,121,0.33
5973,879,2021,0,0,0.0
5974,879,2022,0,0,0.0
5975,879,2023,13,3227,8.84
5976,879,2024,6,2535,6.95
5977,879,2025,5,855,2.34
5978,880,2018,1,288,0.79
5979,880,2019,0,0,0.0
5980,880,2020,4,784,2.15
5981,880,2021,10,2763,7.57
5982,880,2022,12,3393,9.3
5983,880,2023,30,8129,22.27
5984,880,2024,21,6013,16.47
5985,880,2025,35,8272,22.66
5986,881,2024,16,6088,16.68
5987,881,2025,13,4939,13.53
5988,882,2022,110,39204,107.41
5989,882,2023,95,33670,92.25
5990,882,2024,105,37844,103.68
5991,882,2025,151,57148,156.57
5992,883,2023,17,5551,15.21
5993,883,2024,24,8054,22.07
5994,883,2025,22,7573,20.75
5995,884,2022,1,512,1.4
5996,884,2023,45,17448,47.8
5997,884,2024,42,15278,41.86
5998,884,2025,51,19001,52.06
5999,885,2022,15,5435,14.89
6000,885,2023,28,10200,27.95
6001,885,2024,28,8638,23.67
6002,885,2025,35,12484,34.2
6003,886,2020,1,647,1.77
6004,886,2021,40,9925,27.19
6005,886,2022,36,7667,21.01
6006,886,2023,58,17505,47.96
6007,886,2024,54,15363,42.09
6008,886,2025,106,32058,87.83
6009,887,2016,3,1047,2.87
6010,887,2017,0,0,0.0
6011,887,2018,6,2111,5.78
6012,887,2019,1,439,1.2
6013,887,2020,4,1550,4.25
6014,887,2021,29,7370,20.19
6015,887,2022,18,4689,12.85
6016,887,2023,82,25149,68.9
6017,887,2024,192,67093,183.82
6018,887,2025,180,64951,177.95
6019,888,2020,1,388,1.06
6020,888,2021,35,17857,48.92
6021,888,2022,23,13306,36.45
6022,888,2023,40,19105,52.34
6023,888,2024,54,22682,62.14
6024,888,2025,80,32634,89.41
6025,889,2015,56,19933,54.61
6026,889,2016,44,13732,37.62
6027,889,2017,10,3100,8.49
6028,889,2018,12,3407,9.33
6029,889,2019,22,6981,19.13
6030,889,2020,18,5365,14.7
6031,889,2021,0,0,0.0
6032,889,2022,21,6723,18.42
6033,889,2023,75,22789,62.44
6034,889,2024,72,23545,64.51
6035,889,2025,35,11205,30.7
6036,890,2023,1,336,0.92
6037,890,2024,25,11097,30.4
6038,890,2025,37,12461,34.14
6039,891,2020,29,9624,26.37
6040,891,2021,19,6682,18.31
6041,891,2022,13,4047,11.09
6042,891,2023,45,14444,39.57
6043,891,2024,9,3014,8.26
6044,891,2025,48,15692,42.99
6045,892,2023,6,2729,7.48
6046,892,2024,87,36862,100.99
6047,892,2025,97,38313,104.97
6048,893,2024,27,9493,26.01
6049,893,2025,17,5090,13.95
6050,894,2023,64,20841,57.1
6051,894,2024,78,26680,73.1
6052,894,2025,56,19154,52.48
6053,895,2003,2,976,2.67
6054,895,2004,1,284,0.78
6055,895,2005,0,0,0.0
6056,895,2006,5,749,2.05
6057,895,2007,1,229,0.63
6058,895,2008,10,2812,7.7
6059,895,2009,3,891,2.44
6060,895,2010,2,525,1.44
6061,895,2011,5,2297,6.29
6062,895,2012,2,541,1.48
6063,895,2013,42,12717,34.84
6064,895,2014,36,10490,28.74
6065,895,2015,27,9001,24.66
6066,895,2016,22,6555,17.96
6067,895,2017,35,12288,33.67
6068,895,2018,32,10911,29.89
6069,895,2019,21,6212,17.02
6070,895,2020,60,13729,37.61
6071,895,2021,32,10495,28.75
6072,895,2022,20,8252,22.61
6073,895,2023,5,2085,5.71
6074,895,2024,37,13722,37.59
6075,895,2025,37,11218,30.73
6076,896,2018,23,6511,17.84
6077,896,2019,56,16492,45.18
6078,896,2020,49,17168,47.04
6079,896,2021,87,30402,83.29
6080,896,2022,73,26059,71.39
6081,896,2023,64,21839,59.83
6082,896,2024,65,23607,64.68
6083,896,2025,34,13386,36.67
6084,897,2013,3,736,2.02
6085,897,2014,1,487,1.33
6086,897,2015,0,0,0.0
6087,897,2016,0,0,0.0
6088,897,2017,0,0,0.0
6089,897,2018,12,4025,11.03
6090,897,2019,22,7082,19.4
6091,897,2020,51,17175,47.05
6092,897,2021,77,27759,76.05
6093,897,2022,84,28063,76.88
6094,897,2023,44,14379,39.39
6095,897,2024,31,10466,28.67
6096,897,2025,44,15464,42.37
6097,898,2017,4,1696,4.65
6098,898,2018,3,1455,3.99
6099,898,2019,14,4792,13.13
6100,898,2020,3,1088,2.98
6101,898,2021,0,0,0.0
6102,898,2022,0,0,0.0
6103,898,2023,1,310,0.85
6104,898,2024,39,12234,33.52
6105,898,2025,56,21427,58.7
6106,899,2020,1,371,1.02
6107,899,2021,313,84185,230.64
6108,899,2022,267,63837,174.9
6109,899,2023,340,111815,306.34
6110,899,2024,441,151498,415.06
6111,899,2025,459,163214,447.16
6112,900,2013,1,400,1.1
6113,900,2014,0,0,0.0
6114,900,2015,0,0,0.0
6115,900,2016,0,0,0.0
6116,900,2017,0,0,0.0
6117,900,2018,1,336,0.92
6118,900,2019,1,546,1.5
6119,900,2020,6,6151,16.85
6120,900,2021,0,0,0.0
6121,900,2022,0,0,0.0
6122,900,2023,0,0,0.0
6123,900,2024,37,9034,24.75
6124,900,2025,68,19659,53.86
6125,901,2025,3,1127,3.09
6126,902,2020,43,16628,45.56
6127,902,2021,76,29398,80.54
6128,902,2022,76,26651,73.02
6129,902,2023,105,34146,93.55
6130,902,2024,87,34322,94.03
6131,902,2025,75,28130,77.07
6132,903,2016,1,508,1.39
6133,903,2017,0,0,0.0
6134,903,2018,52,17459,47.83
6135,903,2019,85,30215,82.78
6136,903,2020,74,21467,58.81
6137,903,2021,102,33780,92.55
6138,903,2022,111,35911,98.39
6139,903,2023,87,29069,79.64
6140,903,2024,110,35465,97.16
6141,903,2025,116,36891,101.07
6142,904,2023,3,1346,3.69
6143,904,2024,4,2403,6.58
6144,904,2025,12,4140,11.34
6145,905,2025,138,53442,146.42
6146,906,2019,1,302,0.83
6147,906,2020,0,0,0.0
6148,906,2021,18,5867,16.07
6149,906,2022,22,7479,20.49
6150,906,2023,31,9995,27.38
6151,906,2024,20,7176,19.66
6152,906,2025,21,6796,18.62
6153,907,2014,1,30,0.08
6154,907,2015,10,3319,9.09
6155,907,2016,22,8163,22.36
6156,907,2017,23,7266,19.91
6157,907,2018,7,1704,4.67
6158,907,2019,2,348,0.95
6159,907,2020,5,1292,3.54
6160,907,2021,8,1419,3.89
6161,907,2022,2,624,1.71
6162,907,2023,10,2801,7.67
6163,907,2024,18,5034,13.79
6164,907,2025,12,3395,9.3
6165,908,2025,16,7210,19.75
6166,909,2010,1,498,1.36
6167,909,2011,0,0,0.0
6168,909,2012,0,0,0.0
6169,909,2013,0,0,0.0
6170,909,2014,0,0,0.0
6171,909,2015,0,0,0.0
6172,909,2016,0,0,0.0
6173,909,2017,0,0,0.0
6174,909,2018,0,0,0.0
6175,909,2019,0,0,0.0
6176,909,2020,0,0,0.0
6177,909,2021,0,0,0.0
6178,909,2022,0,0,0.0
6179,909,2023,0,0,0.0
6180,909,2024,3,776,2.13
6181,909,2025,1,208,0.57
6182,910,2022,1,372,1.02
6183,910,2023,13,4532,12.42
6184,910,2024,40,14581,39.95
6185,910,2025,74,26232,71.87
6186,911,2017,1,111,0.3
6187,911,2018,0,0,0.0
6188,911,2019,0,0,0.0
6189,911,2020,0,0,0.0
6190,911,2021,2,590,1.62
6191,911,2022,0,0,0.0
6192,911,2023,0,0,0.0
6193,911,2024,5,1780,4.88
6194,911,2025,3,1951,5.35
6195,912,2021,1,400,1.1
6196,912,2022,4,1299,3.56
6197,912,2023,11,3736,10.24
6198,912,2024,18,6928,18.98
6199,912,2025,14,6161,16.88
6200,913,1998,1,320,0.88
6201,913,1999,0,0,0.0
6202,913,2000,0,0,0.0
6203,913,2001,0,0,0.0
6204,913,2002,1,82,0.22
6205,913,2003,2,1344,3.68
6206,913,2004,0,0,0.0
6207,913,2005,3,648,1.78
6208,913,2006,1,214,0.59
6209,913,2007,1,401,1.1
6210,913,2008,7,3284,9.0
6211,913,2009,16,5719,15.67
6212,913,2010,7,3563,9.76
6213,913,2011,14,4266,11.69
6214,913,2012,3,841,2.3
6215,913,2013,4,1735,4.75
6216,913,2014,3,1058,2.9
6217,913,2015,0,0,0.0
6218,913,2016,0,0,0.0
6219,913,2017,0,0,0.0
6220,913,2018,4,1014,2.78
6221,913,2019,5,1262,3.46
6222,913,2020,10,2959,8.11
6223,913,2021,8,2872,7.87
6224,913,2022,31,10428,28.57
6225,913,2023,70,24162,66.2
6226,913,2024,105,32624,89.38
6227,913,2025,59,20606,56.45
6228,914,2023,5,1605,4.4
6229,914,2024,4,1191,3.26
6230,914,2025,48,14195,38.89
6231,915,2023,45,17228,47.2
6232,915,2024,161,59097,161.91
6233,915,2025,140,56593,155.05
6234,916,2019,1,433,1.19
6235,916,2020,1,393,1.08
6236,916,2021,2,750,2.05
6237,916,2022,0,0,0.0
6238,916,2023,5,2129,5.83
6239,916,2024,120,48449,132.74
6240,916,2025,76,28587,78.32
6241,917,2022,40,12997,35.61
6242,917,2023,43,14642,40.12
6243,917,2024,37,12262,33.59
6244,917,2025,46,13756,37.69
6245,918,2009,4,1582,4.33
6246,918,2010,90,32435,88.86
6247,918,2011,59,23006,63.03
6248,918,2012,147,49452,135.48
6249,918,2013,189,67847,185.88
6250,918,2014,196,57939,158.74
6251,918,2015,116,37306,102.21
6252,918,2016,94,33277,91.17
6253,918,2017,93,33039,90.52
6254,918,2018,121,42237,115.72
6255,918,2019,69,28688,78.6
6256,918,2020,69,24278,66.52
6257,918,2021,76,30151,82.61
6258,918,2022,66,26815,73.47
6259,918,2023,70,26251,71.92
6260,918,2024,89,28568,78.27
6261,918,2025,74,28654,78.5
6262,919,1990,3,1422,3.9
6263,919,1991,6,2278,6.24
6264,919,1992,1,284,0.78
6265,919,1993,0,0,0.0
6266,919,1994,0,0,0.0
6267,919,1995,0,0,0.0
6268,919,1996,0,0,0.0
6269,919,1997,1,466,1.28
6270,919,1998,1,736,2.02
6271,919,1999,0,0,0.0
6272,919,2000,0,0,0.0
6273,919,2001,0,0,0.0
6274,919,2002,2,352,0.96
6275,919,2003,0,0,0.0
6276,919,2004,0,0,0.0
6277,919,2005,0,0,0.0
6278,919,2006,0,0,0.0
6279,919,2007,0,0,0.0
6280,919,2008,1,720,1.97
6281,919,2009,0,0,0.0
6282,919,2010,3,1250,3.42
6283,919,2011,0,0,0.0
6284,919,2012,1,336,0.92
6285,919,2013,1,288,0.79
6286,919,2014,0,0,0.0
6287,919,2015,0,0,0.0
6288,919,2016,0,0,0.0
6289,919,2017,0,0,0.0
6290,919,2018,0,0,0.0
6291,919,2019,0,0,0.0
6292,919,2020,0,0,0.0
6293,919,2021,1,347,0.95
6294,919,2022,1,192,0.53
6295,919,2023,0,0,0.0
6296,919,2024,4,858,2.35
6297,919,2025,201,49489,135.59
6298,920,2024,100,34506,94.54
6299,920,2025,59,23191,63.54
6300,921,2016,2,1408,3.86
6301,921,2017,2,912,2.5
6302,921,2018,30,14627,40.07
6303,921,2019,20,8547,23.42
6304,921,2020,40,15808,43.31
6305,921,2021,17,8264,22.64
6306,921,2022,30,12208,33.45
6307,921,2023,306,114889,314.76
6308,921,2024,295,107227,293.77
6309,921,2025,389,117709,322.49
6310,922,2012,2,764,2.09
6311,922,2013,0,0,0.0
6312,922,2014,0,0,0.0
6313,922,2015,0,0,0.0
6314,922,2016,0,0,0.0
6315,922,2017,0,0,0.0
6316,922,2018,0,0,0.0
6317,922,2019,0,0,0.0
6318,922,2020,0,0,0.0
6319,922,2021,1,422,1.16
6320,922,2022,64,22668,62.1
6321,922,2023,71,23964,65.65
6322,922,2024,72,26484,72.56
6323,922,2025,47,16109,44.13
6324,923,2019,2,148,0.41
6325,923,2020,6,1696,4.65
6326,923,2021,13,4884,13.38
6327,923,2022,63,23499,64.38
6328,923,2023,76,31064,85.11
6329,923,2024,64,26135,71.6
6330,923,2025,62,22815,62.51
6331,924,2020,31,10816,29.63
6332,924,2021,67,25249,69.18
6333,924,2022,72,25541,69.98
6334,924,2023,134,46753,128.09
6335,924,2024,151,51992,142.44
6336,924,2025,198,70458,193.04
6337,925,2017,109,44835,122.84
6338,925,2018,145,56953,156.04
6339,925,2019,62,23444,64.23
6340,925,2020,117,43180,118.3
6341,925,2021,97,32708,89.61
6342,925,2022,48,17249,47.26
6343,925,2023,53,20830,57.07
6344,925,2024,46,17510,47.97
6345,925,2025,40,15102,41.38
6346,926,2010,1,160,0.44
6347,926,2011,0,0,0.0
6348,926,2012,10,5587,15.31
6349,926,2013,0,0,0.0
6350,926,2014,3,499,1.37
6351,926,2015,18,6699,18.35
6352,926,2016,13,6060,16.6
6353,926,2017,5,2271,6.22
6354,926,2018,6,3232,8.85
6355,926,2019,0,0,0.0
6356,926,2020,1,455,1.25
6357,926,2021,3,1262,3.46
6358,926,2022,3,1192,3.27
6359,926,2023,21,7677,21.03
6360,926,2024,21,8630,23.64
6361,926,2025,25,10677,29.25
6362,927,2023,28,13643,37.38
6363,927,2024,33,12933,35.43
6364,927,2025,17,9686,26.54
6365,928,2022,15,5191,14.22
6366,928,2023,63,23783,65.16
6367,928,2024,58,23474,64.31
6368,928,2025,53,18411,50.44
6369,929,2016,2,720,1.97
6370,929,2017,30,10528,28.84
6371,929,2018,49,15108,41.39
6372,929,2019,41,14679,40.22
6373,929,2020,50,16160,44.27
6374,929,2021,66,21092,57.79
6375,929,2022,66,19651,53.84
6376,929,2023,56,16121,44.17
6377,929,2024,56,18709,51.26
6378,929,2025,75,23155,63.44
6379,930,2024,110,39956,109.47
6380,930,2025,136,46090,126.27
6381,931,2019,1225,239152,655.21
6382,931,2020,836,175529,480.9
6383,931,2021,566,102647,281.22
6384,931,2022,735,150598,412.6
6385,931,2023,695,143919,394.3
6386,931,2024,706,133106,364.67
6387,931,2025,691,128384,351.74
6388,932,2023,26,9812,26.88
6389,932,2024,32,12767,34.98
6390,932,2025,38,12881,35.29
6391,933,2024,3,799,2.19
6392,933,2025,189,63643,174.36
6393,934,2023,55,16827,46.1
6394,934,2024,112,37348,102.32
6395,934,2025,121,41431,113.51
6396,935,2024,37,14232,38.99
6397,935,2025,35,11253,30.83
6398,936,2025,72,25740,70.52
6399,937,2025,16,3936,10.78
6400,938,2023,1,656,1.8
6401,938,2024,11,5438,14.9
6402,938,2025,15,8261,22.63
6403,939,2016,6,3714,10.18
6404,939,2017,9,3901,10.69
6405,939,2018,9,2958,8.1
6406,939,2019,10,4352,11.92
6407,939,2020,11,5069,13.89
6408,939,2021,11,4560,12.49
6409,939,2022,5,1837,5.03
6410,939,2023,8,1943,5.32
6411,939,2024,8,2836,7.77
6412,939,2025,8,4120,11.29
6413,940,2019,1,400,1.1
6414,940,2020,0,0,0.0
6415,940,2021,2,768,2.1
6416,940,2022,18,7572,20.75
6417,940,2023,2,898,2.46
6418,940,2024,7,3029,8.3
6419,940,2025,17,8489,23.26
6420,941,1996,1,24,0.07
6421,941,1997,0,0,0.0
6422,941,1998,3,200,0.55
6423,941,1999,0,0,0.0
6424,941,2000,2,130,0.36
6425,941,2001,1,320,0.88
6426,941,2002,1,256,0.7
6427,941,2003,5,1208,3.31
6428,941,2004,12,3563,9.76
6429,941,2005,9,1980,5.42
6430,941,2006,7,2817,7.72
6431,941,2007,20,7511,20.58
6432,941,2008,24,7382,20.22
6433,941,2009,8,1832,5.02
6434,941,2010,12,3513,9.62
6435,941,2011,17,4313,11.82
6436,941,2012,7,1605,4.4
6437,941,2013,3,852,2.33
6438,941,2014,7,2573,7.05
6439,941,2015,4,1321,3.62
6440,941,2016,7,1593,4.36
6441,941,2017,8,3963,10.86
6442,941,2018,12,3987,10.92
6443,941,2019,8,2640,7.23
6444,941,2020,23,7379,20.22
6445,941,2021,127,37097,101.64
6446,941,2022,37,9285,25.44
6447,941,2023,5,1367,3.75
6448,941,2024,6,1519,4.16
6449,941,2025,132,57544,157.65
6450,942,2022,33,11438,31.34
6451,942,2023,52,18291,50.11
6452,942,2024,57,23067,63.2
6453,942,2025,71,28189,77.23
6454,943,2025,19,6760,18.52
6455,944,2007,1,272,0.75
6456,944,2008,0,0,0.0
6457,944,2009,0,0,0.0
6458,944,2010,0,0,0.0
6459,944,2011,1,122,0.33
6460,944,2012,0,0,0.0
6461,944,2013,10,3676,10.07
6462,944,2014,11,3992,10.94
6463,944,2015,8,2903,7.95
6464,944,2016,0,0,0.0
6465,944,2017,2,673,1.84
6466,944,2018,15,908,2.49
6467,944,2019,14,1838,5.04
6468,944,2020,11,2419,6.63
6469,944,2021,172,7310,20.03
6470,944,2022,349,16193,44.36
6471,944,2023,435,22018,60.32
6472,944,2024,288,29842,81.76
6473,944,2025,73,24337,66.68
6474,945,2019,16,5260,14.41
6475,945,2020,82,25995,71.22
6476,945,2021,85,23272,63.76
6477,945,2022,99,29442,80.66
6478,945,2023,157,47239,129.42
6479,945,2024,123,38342,105.05
6480,945,2025,162,49370,135.26
6481,946,2014,5,2016,5.52
6482,946,2015,16,6781,18.58
6483,946,2016,22,8118,22.24
6484,946,2017,31,11113,30.45
6485,946,2018,34,10748,29.45
6486,946,2019,21,8717,23.88
6487,946,2020,23,7825,21.44
6488,946,2021,19,5173,14.17
6489,946,2022,50,21632,59.27
6490,946,2023,54,18995,52.04
6491,946,2024,77,31098,85.2
6492,946,2025,74,28123,77.05
6493,947,2024,26,10684,29.27
6494,947,2025,88,33762,92.5
6495,948,2007,1,520,1.42
6496,948,2008,0,0,0.0
6497,948,2009,2,553,1.52
6498,948,2010,10,2870,7.86
6499,948,2011,10,3487,9.55
6500,948,2012,1,303,0.83
6501,948,2013,0,0,0.0
6502,948,2014,0,0,0.0
6503,948,2015,3,554,1.52
6504,948,2016,38,14500,39.73
6505,948,2017,42,14519,39.78
6506,948,2018,32,11749,32.19
6507,948,2019,17,5853,16.04
6508,948,2020,12,4872,13.35
6509,948,2021,36,10034,27.49
6510,948,2022,35,11956,32.76
6511,948,2023,38,12030,32.96
6512,948,2024,41,12183,33.38
6513,948,2025,43,12980,35.56
6514,949,2023,18,10089,27.64
6515,949,2024,24,11460,31.4
6516,949,2025,29,12332,33.79
6517,950,2024,6,2237,6.13
6518,950,2025,106,37390,102.44
6519,951,2024,12,4695,12.86
6520,951,2025,53,24278,66.52
6521,952,2023,7,2404,6.59
6522,952,2024,34,11867,32.51
6523,952,2025,32,9637,26.4
6524,953,2019,1,1150,3.15
6525,953,2020,1,710,1.95
6526,953,2021,47,16687,45.72
6527,953,2022,60,22911,62.77
6528,953,2023,45,16907,46.32
6529,953,2024,40,17780,48.71
6530,953,2025,19,8547,23.42
6531,954,2023,32,10532,28.85
6532,954,2024,41,13427,36.79
6533,954,2025,112,31078,85.15
6534,955,2000,1,309,0.85
6535,955,2001,0,0,0.0
6536,955,2002,0,0,0.0
6537,955,2003,0,0,0.0
6538,955,2004,0,0,0.0
6539,955,2005,0,0,0.0
6540,955,2006,0,0,0.0
6541,955,2007,0,0,0.0
6542,955,2008,0,0,0.0
6543,955,2009,0,0,0.0
6544,955,2010,0,0,0.0
6545,955,2011,0,0,0.0
6546,955,2012,0,0,0.0
6547,955,2013,0,0,0.0
6548,955,2014,0,0,0.0
6549,955,2015,0,0,0.0
6550,955,2016,0,0,0.0
6551,955,2017,0,0,0.0
6552,955,2018,0,0,0.0
6553,955,2019,0,0,0.0
6554,955,2020,0,0,0.0
6555,955,2021,0,0,0.0
6556,955,2022,0,0,0.0
6557,955,2023,0,0,0.0
6558,955,2024,0,0,0.0
6559,955,2025,391,137740,377.37
6560,956,2020,1,489,1.34
6561,956,2021,1,416,1.14
6562,956,2022,121,41415,113.47
6563,956,2023,432,132602,363.29
6564,956,2024,565,173808,476.19
6565,956,2025,497,150021,411.02
6566,957,2017,1,176,0.48
6567,957,2018,0,0,0.0
6568,957,2019,0,0,0.0
6569,957,2020,3,570,1.56
6570,957,2021,0,0,0.0
6571,957,2022,228,60893,166.83
6572,957,2023,113,33331,91.32
6573,957,2024,23,6719,18.41
6574,957,2025,33,8566,23.47
6575,958,1998,1,32,0.09
6576,958,1999,0,0,0.0
6577,958,2000,0,0,0.0
6578,958,2001,0,0,0.0
6579,958,2002,0,0,0.0
6580,958,2003,0,0,0.0
6581,958,2004,0,0,0.0
6582,958,2005,0,0,0.0
6583,958,2006,1,128,0.35
6584,958,2007,2,818,2.24
6585,958,2008,0,0,0.0
6586,958,2009,0,0,0.0
6587,958,2010,0,0,0.0
6588,958,2011,1,320,0.88
6589,958,2012,1,197,0.54
6590,958,2013,0,0,0.0
6591,958,2014,0,0,0.0
6592,958,2015,0,0,0.0
6593,958,2016,3,763,2.09
6594,958,2017,0,0,0.0
6595,958,2018,1,254,0.7
6596,958,2019,1,140,0.38
6597,958,2020,0,0,0.0
6598,958,2021,6,1498,4.1
6599,958,2022,2,919,2.52
6600,958,2023,1,32,0.09
6601,958,2024,12,2870,7.86
6602,958,2025,28,7229,19.81
6603,959,2024,38,15035,41.19
6604,959,2025,53,19050,52.19
6605,960,2005,1,352,0.96
6606,960,2006,1,207,0.57
6607,960,2007,0,0,0.0
6608,960,2008,0,0,0.0
6609,960,2009,0,0,0.0
6610,960,2010,0,0,0.0
6611,960,2011,0,0,0.0
6612,960,2012,0,0,0.0
6613,960,2013,0,0,0.0
6614,960,2014,0,0,0.0
6615,960,2015,0,0,0.0
6616,960,2016,0,0,0.0
6617,960,2017,0,0,0.0
6618,960,2018,0,0,0.0
6619,960,2019,0,0,0.0
6620,960,2020,0,0,0.0
6621,960,2021,2,965,2.64
6622,960,2022,1,510,1.4
6623,960,2023,2,384,1.05
6624,960,2024,2,480,1.32
6625,960,2025,41,17830,48.85
6626,961,2025,27,10258,28.1
6627,962,2025,1,367,1.01
6628,963,2022,27,10322,28.28
6629,963,2023,22,6751,18.5
6630,963,2024,26,10926,29.93
6631,963,2025,19,6597,18.07
6632,964,2023,73,22595,61.9
6633,964,2024,135,45056,123.44
6634,964,2025,241,75262,206.2
6635,965,2022,29,12669,34.71
6636,965,2023,42,20096,55.06
6637,965,2024,1,2702,7.4
6638,965,2025,44,33044,90.53
6639,966,2020,32,7302,20.01
6640,966,2021,14,3369,9.23
6641,966,2022,14,3757,10.29
6642,966,2023,17,4288,11.75
6643,966,2024,32,7500,20.55
6644,966,2025,59,11963,32.78
6645,967,2018,2,752,2.06
6646,967,2019,0,0,0.0
6647,967,2020,0,0,0.0
6648,967,2021,20,8288,22.71
6649,967,2022,11,1962,5.38
6650,967,2023,41,17324,47.46
6651,967,2024,41,19535,53.52
6652,967,2025,111,39349,107.81
6653,968,2021,1,384,1.05
6654,968,2022,36,13037,35.72
6655,968,2023,35,11907,32.62
6656,968,2024,22,7801,21.37
6657,968,2025,18,5522,15.13
6658,969,2025,36,15306,41.93
6659,970,2021,4,1827,5.01
6660,970,2022,6,2498,6.84
6661,970,2023,2,822,2.25
6662,970,2024,54,21811,59.76
6663,970,2025,63,22809,62.49
6664,971,2025,15,5728,15.69
6665,972,2021,3,987,2.7
6666,972,2022,45,15926,43.63
6667,972,2023,127,43078,118.02
6668,972,2024,252,86077,235.83
6669,972,2025,348,117420,321.7
6670,973,2009,3,1378,3.78
6671,973,2010,1,325,0.89
6672,973,2011,13,4158,11.39
6673,973,2012,97,26436,72.43
6674,973,2013,54,17015,46.62
6675,973,2014,42,10968,30.05
6676,973,2015,29,7372,20.2
6677,973,2016,13,3293,9.02
6678,973,2017,13,4241,11.62
6679,973,2018,21,7430,20.36
6680,973,2019,14,3549,9.72
6681,973,2020,37,12572,34.44
6682,973,2021,50,17385,47.63
6683,973,2022,36,12458,34.13
6684,973,2023,82,27448,75.2
6685,973,2024,68,20043,54.91
6686,973,2025,48,15218,41.69
6687,974,2019,1,256,0.7
6688,974,2020,0,0,0.0
6689,974,2021,0,0,0.0
6690,974,2022,51,18020,49.37
6691,974,2023,123,42416,116.21
6692,974,2024,64,21554,59.05
6693,974,2025,33,11119,30.46
6694,975,2023,4,1166,3.19
6695,975,2024,122,45480,124.6
6696,975,2025,132,43509,119.2
6697,976,2022,12,4286,11.74
6698,976,2023,89,33876,92.81
6699,976,2024,87,33993,93.13
6700,976,2025,103,43516,119.22
6701,977,2011,12,3699,10.13
6702,977,2012,21,5157,14.13
6703,977,2013,17,5009,13.72
6704,977,2014,13,3263,8.94
6705,977,2015,15,4414,12.09
6706,977,2016,9,2913,7.98
6707,977,2017,6,1415,3.88
6708,977,2018,0,0,0.0
6709,977,2019,6,1902,5.21
6710,977,2020,34,7954,21.79
6711,977,2021,90,25111,68.8
6712,977,2022,104,30589,83.81
6713,977,2023,93,25162,68.94
6714,977,2024,62,17538,48.05
6715,977,2025,66,19295,52.86
6716,978,2024,187,69242,189.7
6717,978,2025,195,71717,196.48
6718,979,2018,1,240,0.66
6719,979,2019,20,6063,16.61
6720,979,2020,31,8876,24.32
6721,979,2021,33,6606,18.1
6722,979,2022,33,6385,17.49
6723,979,2023,28,8182,22.42
6724,979,2024,27,7143,19.57
6725,979,2025,30,6772,18.55
6726,980,2010,14,6322,17.32
6727,980,2011,12,4004,10.97
6728,980,2012,5,2126,5.82
6729,980,2013,0,0,0.0
6730,980,2014,17,5703,15.62
6731,980,2015,39,11414,31.27
6732,980,2016,30,11243,30.8
6733,980,2017,33,11000,30.14
6734,980,2018,27,10619,29.09
6735,980,2019,27,8855,24.26
6736,980,2020,23,5693,15.6
6737,980,2021,29,7880,21.59
6738,980,2022,18,6553,17.95
6739,980,2023,41,13534,37.08
6740,980,2024,43,14573,39.93
6741,980,2025,37,12884,35.3
6742,981,2024,23,5629,15.42
6743,981,2025,42,10487,28.73
6744,982,2023,4,1489,4.08
6745,982,2024,10,3657,10.02
6746,982,2025,17,6234,17.08
6747,983,2022,3,1220,3.34
6748,983,2023,3,1238,3.39
6749,983,2024,3,729,2.0
6750,983,2025,28,11249,30.82
6751,984,2014,1,369,1.01
6752,984,2015,0,0,0.0
6753,984,2016,0,0,0.0
6754,984,2017,0,0,0.0
6755,984,2018,1,432,1.18
6756,984,2019,0,0,0.0
6757,984,2020,0,0,0.0
6758,984,2021,3,800,2.19
6759,984,2022,5,1200,3.29
6760,984,2023,12,4447,12.18
6761,984,2024,16,6453,17.68
6762,984,2025,17,5838,15.99
6763,985,2010,4,1384,3.79
6764,985,2011,4,1726,4.73
6765,985,2012,0,0,0.0
6766,985,2013,9,4283,11.73
6767,985,2014,3,1538,4.21
6768,985,2015,3,1174,3.22
6769,985,2016,3,1061,2.91
6770,985,2017,5,1868,5.12
6771,985,2018,4,2095,5.74
6772,985,2019,10,4656,12.76
6773,985,2020,2,697,1.91
6774,985,2021,13,4705,12.89
6775,985,2022,31,11516,31.55
6776,985,2023,1,388,1.06
6777,986,2024,314,76203,208.78
6778,986,2025,231,51267,140.46
6779,987,2023,19,6577,18.02
6780,987,2024,41,14480,39.67
6781,987,2025,34,12418,34.02
6782,988,2025,1,364,1.0
6783,989,2023,26,7147,19.58
6784,989,2024,28,9017,24.7
6785,989,2025,33,8611,23.59
6786,990,2024,26,7333,20.09
6787,990,2025,59,19953,54.67
6788,991,2022,3,1214,3.33
6789,991,2023,7,3486,9.55
6790,991,2024,26,11735,32.15
6791,991,2025,37,13990,38.33
6792,992,2025,22,8173,22.39
6793,993,2025,97,32980,90.36
6794,994,2009,1,320,0.88
6795,994,2010,0,0,0.0
6796,994,2011,0,0,0.0
6797,994,2012,0,0,0.0
6798,994,2013,1,235,0.64
6799,994,2014,1,401,1.1
6800,994,2015,1,709,1.94
6801,994,2016,0,0,0.0
6802,994,2017,1,936,2.56
6803,994,2018,0,0,0.0
6804,994,2019,0,0,0.0
6805,994,2020,1,354,0.97
6806,994,2021,0,0,0.0
6807,994,2022,0,0,0.0
6808,994,2023,1,280,0.77
6809,994,2024,3,1346,3.69
6810,994,2025,11,3827,10.48
6811,995,2007,162,37387,102.43
6812,995,2008,246,56873,155.82
6813,995,2009,228,48001,131.51
6814,995,2010,201,45068,123.47
6815,995,2011,204,49832,136.53
6816,995,2012,167,36068,98.82
6817,995,2013,219,48890,133.95
6818,995,2014,35,8307,22.76
6819,995,2015,242,54922,150.47
6820,995,2016,227,56603,155.08
6821,995,2017,160,42478,116.38
6822,995,2018,95,30469,83.48
6823,995,2019,39,11480,31.45
6824,995,2020,473,49073,134.45
6825,995,2021,314,35151,96.3
6826,995,2022,46,13479,36.93
6827,995,2023,50,16498,45.2
6828,995,2024,5,1586,4.35
6829,995,2025,17,4708,12.9
6830,996,2023,1,346,0.95
6831,996,2024,0,0,0.0
6832,996,2025,129,47301,129.59
6833,997,2023,1,292,0.8
6834,997,2024,19,6436,17.63
6835,997,2025,72,24226,66.37
6836,998,2020,1,304,0.83
6837,998,2021,0,0,0.0
6838,998,2022,7,1855,5.08
6839,998,2023,2,656,1.8
6840,998,2024,14,5151,14.11
6841,998,2025,69,28077,76.92
6842,999,2015,1,102,0.28
6843,999,2016,1,437,1.2
6844,999,2017,0,0,0.0
6845,999,2018,0,0,0.0
6846,999,2019,0,0,0.0
6847,999,2020,0,0,0.0
6848,999,2021,0,0,0.0
6849,999,2022,0,0,0.0
6850,999,2023,31,14219,38.96
6851,999,2024,154,47467,130.05
6852,999,2025,86,25663,70.31
6853,1000,1992,1,0,0.0
6854,1000,1993,0,0,0.0
6855,1000,1994,0,0,0.0
6856,1000,1995,1,483,1.32
6857,1000,1996,0,0,0.0
6858,1000,1997,1,227,0.62
6859,1000,1998,2,729,2.0
6860,1000,1999,0,0,0.0
6861,1000,2000,3,1065,2.92
6862,1000,2001,1,444,1.22
6863,1000,2002,3,1497,4.1
6864,1000,2003,1,382,1.05
6865,1000,2004,2,848,2.32
6866,1000,2005,4,2484,6.81
6867,1000,2006,3,1280,3.51
6868,1000,2007,1,710,1.95
6869,1000,2008,0,0,0.0
6870,1000,2009,2,1816,4.98
6871,1000,2010,21,2449,6.71
6872,1000,2011,0,0,0.0
6873,1000,2012,0,0,0.0
6874,1000,2013,3,2060,5.64
6875,1000,2014,3,1661,4.55
6876,1000,2015,3,1763,4.83
6877,1000,2016,6,3508,9.61
6878,1000,2017,63,25213,69.08
6879,1000,2018,148,44000,120.55
6880,1000,2019,84,32944,90.26
6881,1000,2020,130,45043,123.41
6882,1000,2021,67,35758,97.97
6883,1000,2022,92,42637,116.81
6884,1000,2023,130,53527,146.65
6885,1000,2024,214,78068,213.88
6886,1000,2025,192,63422,173.76
6887,1001,2025,11,3806,10.43
6888,1002,2025,4,1879,5.15
6889,1003,2025,8,1645,4.51
6890,1004,2020,1,160,0.44
6891,1004,2021,0,0,0.0
6892,1004,2022,0,0,0.0
6893,1004,2023,0,0,0.0
6894,1004,2024,3,707,1.94
6895,1004,2025,17,3338,9.15
6896,1005,2024,290,101393,277.79
6897,1005,2025,311,79769,218.55
6898,1006,2021,3,1272,3.48
6899,1006,2022,4,2286,6.26
6900,1006,2023,27,11444,31.35
6901,1006,2024,28,13153,36.04
6902,1006,2025,30,12550,34.38
6903,1007,2021,40,13182,36.12
6904,1007,2022,34,11445,31.36
6905,1007,2023,95,37384,102.42
6906,1007,2024,70,27594,75.6
6907,1007,2025,40,16513,45.24
6908,1008,2025,1,400,1.1
6909,1009,2023,16,5960,16.33
6910,1009,2024,2,924,2.53
6911,1009,2025,6,2713,7.43
6912,1010,2010,3,792,2.17
6913,1010,2011,2,570,1.56
6914,1010,2012,5,1607,4.4
6915,1010,2013,5,1616,4.43
6916,1010,2014,10,2590,7.1
6917,1010,2015,4,1008,2.76
6918,1010,2016,17,4031,11.04
6919,1010,2017,36,10154,27.82
6920,1010,2018,20,6123,16.78
6921,1010,2019,15,4630,12.68
6922,1010,2020,5,1164,3.19
6923,1010,2021,4,1410,3.86
6924,1010,2022,3,1801,4.93
6925,1010,2023,12,4821,13.21
6926,1010,2024,17,5768,15.8
6927,1010,2025,17,6066,16.62
6928,1011,2022,24,5352,14.66
6929,1011,2023,13,3387,9.28
6930,1011,2024,49,11599,31.78
6931,1011,2025,41,10491,28.74
6932,1012,2021,1,390,1.07
6933,1012,2022,42,14190,38.88
6934,1012,2023,68,23972,65.68
6935,1012,2024,72,23216,63.61
6936,1012,2025,81,27004,73.98
6937,1013,2012,2,521,1.43
6938,1013,2013,1,336,0.92
6939,1013,2014,0,0,0.0
6940,1013,2015,0,0,0.0
6941,1013,2016,2,2094,5.74
6942,1013,2017,0,0,0.0
6943,1013,2018,2,565,1.55
6944,1013,2019,2,1552,4.25
6945,1013,2020,1,661,1.81
6946,1013,2021,2,2337,6.4
6947,1013,2022,2,1536,4.21
6948,1013,2023,1,416,1.14
6949,1014,2020,9,2281,6.25
6950,1014,2021,7,2967,8.13
6951,1014,2022,16,5185,14.21
6952,1014,2023,50,18091,49.56
6953,1014,2024,91,28294,77.52
6954,1014,2025,95,25737,70.51
6955,1015,2021,3,986,2.7
6956,1015,2022,3,986,2.7
6957,1015,2023,4,1771,4.85
6958,1015,2024,203,66134,181.19
6959,1015,2025,90,22844,62.59
6960,1016,2012,1,308,0.84
6961,1017,2012,168,55283,151.46
6962,1017,2013,158,37221,101.98
6963,1017,2014,0,0,0.0
6964,1017,2015,0,0,0.0
6965,1017,2016,46,8076,22.13
6966,1017,2017,48,13246,36.29
6967,1017,2018,79,15199,41.64
6968,1017,2019,129,25069,68.68
6969,1017,2020,160,35267,96.62
6970,1017,2021,257,61621,168.82
6971,1017,2022,200,49100,134.52
6972,1017,2023,130,33104,90.7
6973,1017,2024,169,48738,133.53
6974,1017,2025,209,54965,150.59
6975,1018,2013,3,547,1.5
6976,1018,2014,47,10772,29.51
6977,1018,2015,384,64045,175.47
6978,1018,2016,258,59157,162.07
6979,1018,2017,153,36415,99.77
6980,1018,2018,214,52004,142.48
6981,1018,2019,194,45798,125.47
6982,1018,2020,86,19431,53.24
6983,1018,2021,195,34898,95.61
6984,1018,2022,162,40122,109.92
6985,1018,2023,216,56678,155.28
6986,1018,2024,255,71340,195.45
6987,1018,2025,202,62255,170.56
6988,1019,2015,42,13663,37.43
6989,1019,2016,3,694,1.9
6990,1019,2017,15,5203,14.25
6991,1019,2018,0,0,0.0
6992,1019,2019,0,0,0.0
6993,1019,2020,0,0,0.0
6994,1019,2021,98,34130,93.51
6995,1019,2022,121,40853,111.93
6996,1019,2023,113,36634,100.37
6997,1019,2024,98,33227,91.03
6998,1019,2025,95,31236,85.58
6999,1020,2024,195,68338,187.23
7000,1020,2025,157,51656,141.52
7001,1021,2016,5,1796,4.92
7002,1021,2017,1,525,1.44
7003,1021,2018,8,2436,6.67
7004,1021,2019,9,2390,6.55
7005,1021,2020,6,1696,4.65
7006,1021,2021,102,28202,77.27
7007,1021,2022,76,18603,50.97
7008,1021,2023,167,46703,127.95
7009,1021,2024,205,60994,167.11
7010,1021,2025,206,68974,188.97
7011,1022,2023,155,58244,159.57
7012,1022,2024,133,54489,149.28
7013,1022,2025,137,54836,150.24
7014,1023,2023,76,24784,67.9
7015,1023,2024,100,31761,87.02
7016,1023,2025,16,4578,12.54
7017,1024,2025,426,119165,326.48
7018,1025,2020,1,304,0.83
7019,1025,2021,0,0,0.0
7020,1025,2022,7,2249,6.16
7021,1025,2023,31,7948,21.78
7022,1025,2024,44,11110,30.44
7023,1025,2025,77,20829,57.07
7024,1026,2023,3,1025,2.81
7025,1026,2024,68,24105,66.04
7026,1026,2025,75,25888,70.93
7027,1027,2017,1,400,1.1
7028,1027,2018,0,0,0.0
7029,1027,2019,201,58649,160.68
7030,1027,2020,228,56647,155.2
7031,1027,2021,266,81552,223.43
7032,1027,2022,371,117031,320.63
7033,1027,2023,377,111596,305.74
7034,1027,2024,464,134867,369.5
7035,1027,2025,375,112726,308.84
7036,1028,2004,1,319,0.87
7037,1028,2005,0,0,0.0
7038,1028,2006,67,3596,9.85
7039,1028,2007,32,3790,10.38
7040,1028,2008,43,9237,25.31
7041,1028,2009,84,14062,38.53
7042,1028,2010,51,10727,29.39
7043,1028,2011,104,9437,25.85
7044,1028,2012,46,13933,38.17
7045,1028,2013,61,11889,32.57
7046,1028,2014,136,20909,57.28
7047,1028,2015,112,21384,58.59
7048,1028,2016,102,21227,58.16
7049,1028,2017,57,11869,32.52
7050,1028,2018,95,20102,55.07
7051,1028,2019,106,23419,64.16
7052,1028,2020,68,25989,71.2
7053,1028,2021,88,19326,52.95
7054,1028,2022,89,21111,57.84
7055,1028,2023,79,20410,55.92
7056,1028,2024,89,20624,56.5
7057,1028,2025,91,24542,67.24
7058,1029,2025,40,19426,53.22
7059,1030,2015,50,17628,48.3
7060,1030,2016,30,8485,23.25
7061,1030,2017,0,0,0.0
7062,1030,2018,0,0,0.0
7063,1030,2019,0,0,0.0
7064,1030,2020,0,0,0.0
7065,1030,2021,0,0,0.0
7066,1030,2022,0,0,0.0
7067,1030,2023,0,0,0.0
7068,1030,2024,0,0,0.0
7069,1030,2025,87,24381,66.8
7070,1031,2018,3,1101,3.02
7071,1031,2019,19,7552,20.69
7072,1031,2020,52,17237,47.22
7073,1031,2021,24,7983,21.87
7074,1031,2022,20,6579,18.02
7075,1031,2023,91,31698,86.84
7076,1031,2024,87,29891,81.89
7077,1031,2025,87,27259,74.68
7078,1032,2024,158,61931,169.67
7079,1032,2025,174,71137,194.9
7080,1033,2024,2,887,2.43
7081,1033,2025,20,6991,19.15
7082,1034,2024,65,24258,66.46
7083,1034,2025,59,22329,61.18
7084,1035,2025,5,2440,6.68
7085,1036,2011,34,11021,30.19
7086,1036,2012,13,3695,10.12
7087,1036,2013,8,2313,6.34
7088,1036,2014,1,422,1.16
7089,1036,2015,16,5479,15.01
7090,1036,2016,23,7406,20.29
7091,1036,2017,7,1937,5.31
7092,1036,2018,27,8465,23.19
7093,1036,2019,26,7911,21.67
7094,1036,2020,98,30464,83.46
7095,1036,2021,163,47875,131.16
7096,1036,2022,161,50113,137.3
7097,1036,2023,124,36060,98.79
7098,1036,2024,166,46714,127.98
7099,1036,2025,155,48385,132.56
7100,1037,2019,44,15430,42.27
7101,1037,2020,68,27128,74.32
7102,1037,2021,65,25292,69.29
7103,1037,2022,72,28928,79.25
7104,1037,2023,115,40431,110.77
7105,1037,2024,100,35740,97.92
7106,1037,2025,105,40180,110.08
7107,1038,2019,3,1289,3.53
7108,1038,2020,1,432,1.18
7109,1038,2021,0,0,0.0
7110,1038,2022,62,19979,54.74
7111,1038,2023,106,34254,93.85
7112,1038,2024,137,47078,128.98
7113,1038,2025,261,75868,207.86
7114,1039,2024,39,10198,27.94
7115,1039,2025,16,5537,15.17
7116,1040,2021,9,3571,9.78
7117,1040,2022,21,7682,21.05
7118,1040,2023,17,5387,14.76
7119,1040,2024,27,12294,33.68
7120,1040,2025,32,14587,39.96
7121,1041,2023,13,5300,14.52
7122,1041,2024,70,25469,69.78
7123,1041,2025,33,12190,33.4
7124,1042,2023,1,123,0.34
7125,1042,2024,0,0,0.0
7126,1042,2025,10,1977,5.42
7127,1043,2016,1,224,0.61
7128,1043,2017,0,0,0.0
7129,1043,2018,0,0,0.0
7130,1043,2019,26,9249,25.34
7131,1043,2020,54,22069,60.46
7132,1043,2021,57,22769,62.38
7133,1043,2022,68,25633,70.23
7134,1043,2023,70,28445,77.93
7135,1043,2024,71,24452,66.99
7136,1043,2025,76,26646,73.0
7137,1044,1997,2,464,1.27
7138,1044,1998,1,273,0.75
7139,1044,1999,1,288,0.79
7140,1044,2000,1,734,2.01
7141,1044,2001,0,0,0.0
7142,1044,2002,0,0,0.0
7143,1044,2003,0,0,0.0
7144,1044,2004,3,617,1.69
7145,1044,2005,2,411,1.13
7146,1044,2006,3,1578,4.32
7147,1044,2007,0,0,0.0
7148,1044,2008,0,0,0.0
7149,1044,2009,0,0,0.0
7150,1044,2010,0,0,0.0
7151,1044,2011,1,738,2.02
7152,1044,2012,0,0,0.0
7153,1044,2013,0,0,0.0
7154,1044,2014,0,0,0.0
7155,1044,2015,0,0,0.0
7156,1044,2016,0,0,0.0
7157,1044,2017,0,0,0.0
7158,1044,2018,2,452,1.24
7159,1044,2019,0,0,0.0
7160,1044,2020,0,0,0.0
7161,1044,2021,0,0,0.0
7162,1044,2022,20,6404,17.55
7163,1044,2023,222,64943,177.93
7164,1044,2024,522,171954,471.11
7165,1044,2025,490,156339,428.33
7166,1045,2021,1,423,1.16
7167,1045,2022,0,0,0.0
7168,1045,2023,2,1423,3.9
7169,1045,2024,34,16239,44.49
7170,1045,2025,27,16382,44.88
7171,1046,2025,48,15991,43.81
7172,1047,2020,1,400,1.1
7173,1047,2021,6,1864,5.11
7174,1047,2022,10,3757,10.29
7175,1047,2023,11,3492,9.57
7176,1047,2024,10,2894,7.93
7177,1047,2025,27,8554,23.44
7178,1048,2020,5,1181,3.24
7179,1048,2021,3,1138,3.12
7180,1048,2022,21,7108,19.47
7181,1048,2023,30,9705,26.59
7182,1048,2024,48,16614,45.52
7183,1048,2025,75,24788,67.91
7184,1049,2023,5,1977,5.42
7185,1049,2024,19,7813,21.41
7186,1049,2025,212,99209,271.81
7187,1050,2022,24,9917,27.17
7188,1050,2023,30,11676,31.99
7189,1050,2024,24,9557,26.18
7190,1050,2025,29,11628,31.86
7191,1051,2023,257,98865,270.86
7192,1051,2024,210,80910,221.67
7193,1051,2025,166,62694,171.76
7194,1052,2011,1,435,1.19
7195,1052,2012,3,1232,3.38
7196,1052,2013,5,1942,5.32
7197,1052,2014,5,1700,4.66
7198,1052,2015,1,264,0.72
7199,1052,2016,0,0,0.0
7200,1052,2017,0,0,0.0
7201,1052,2018,0,0,0.0
7202,1052,2019,14,4783,13.1
7203,1052,2020,45,16083,44.06
7204,1052,2021,25,8959,24.55
7205,1052,2022,30,10502,28.77
7206,1052,2023,74,21642,59.29
7207,1052,2024,52,15847,43.42
7208,1052,2025,118,30597,83.83
7209,1053,2025,42,14532,39.81
7210,1054,2022,65,17897,49.03
7211,1054,2023,57,18252,50.01
7212,1054,2024,50,14979,41.04
7213,1054,2025,45,12962,35.51
7214,1055,2024,4,1550,4.25
7215,1055,2025,15,5801,15.89
7216,1056,2025,11,3959,10.85
7217,1057,2020,8,4037,11.06
7218,1057,2021,10,4258,11.67
7219,1057,2022,59,20992,57.51
7220,1057,2023,75,27250,74.66
7221,1057,2024,17,8145,22.32
7222,1057,2025,46,18798,51.5
7223,1058,2024,88,27927,76.51
7224,1058,2025,343,120546,330.26
7225,1059,2024,1,56,0.15
7226,1059,2025,7,2147,5.88
7227,1060,2012,1,584,1.6
7228,1060,2013,0,0,0.0
7229,1060,2014,0,0,0.0
7230,1060,2015,0,0,0.0
7231,1060,2016,0,0,0.0
7232,1060,2017,2,516,1.41
7233,1060,2018,3,799,2.19
7234,1060,2019,1,253,0.69
7235,1060,2020,0,0,0.0
7236,1060,2021,0,0,0.0
7237,1060,2022,0,0,0.0
7238,1060,2023,21,6645,18.21
7239,1060,2024,34,11158,30.57
7240,1060,2025,37,11418,31.28
7241,1061,2024,20,7003,19.19
7242,1061,2025,48,16125,44.18
7243,1062,2023,1,320,0.88
7244,1062,2024,14,5236,14.35
7245,1062,2025,11,4406,12.07
7246,1063,2019,1,225,0.62
7247,1063,2020,0,0,0.0
7248,1063,2021,0,0,0.0
7249,1063,2022,0,0,0.0
7250,1063,2023,0,0,0.0
7251,1063,2024,0,0,0.0
7252,1063,2025,18,5092,13.95
7253,1064,2018,1,383,1.05
7254,1064,2019,1,320,0.88
7255,1064,2020,0,0,0.0
7256,1064,2021,0,0,0.0
7257,1064,2022,9,2570,7.04
7258,1064,2023,31,12907,35.36
7259,1064,2024,6,2432,6.66
7260,1064,2025,8,3098,8.49
7261,1065,2020,2,861,2.36
7262,1065,2021,9,3250,8.9
7263,1065,2022,0,0,0.0
7264,1065,2023,68,29015,79.49
7265,1065,2024,73,30341,83.13
7266,1065,2025,65,24723,67.73
7267,1066,2024,12,4773,13.08
7268,1066,2025,89,27168,74.43
7269,1067,2020,9,3925,10.75
7270,1067,2021,1,368,1.01
7271,1067,2022,17,7056,19.33
7272,1067,2023,7,2420,6.63
7273,1067,2024,8,2170,5.95
7274,1067,2025,142,58842,161.21
7275,1068,2024,26,10494,28.75
7276,1068,2025,103,45953,125.9
7277,1069,2010,1,110,0.3
7278,1069,2011,0,0,0.0
7279,1069,2012,0,0,0.0
7280,1069,2013,0,0,0.0
7281,1069,2014,0,0,0.0
7282,1069,2015,0,0,0.0
7283,1069,2016,0,0,0.0
7284,1069,2017,0,0,0.0
7285,1069,2018,0,0,0.0
7286,1069,2019,0,0,0.0
7287,1069,2020,22,11931,32.69
7288,1069,2021,47,16774,45.96
7289,1069,2022,47,17465,47.85
7290,1069,2023,48,19562,53.59
7291,1069,2024,64,21278,58.3
7292,1069,2025,89,27297,74.79
7293,1070,2012,1,249,0.68
7294,1070,2013,0,0,0.0
7295,1070,2014,0,0,0.0
7296,1070,2015,27,5132,14.06
7297,1070,2016,27,6245,17.11
7298,1070,2017,0,0,0.0
7299,1070,2018,0,0,0.0
7300,1070,2019,55,12583,34.47
7301,1070,2020,62,14933,40.91
7302,1070,2021,47,11512,31.54
7303,1070,2022,48,9518,26.08
7304,1070,2023,26,6750,18.49
7305,1070,2024,45,15085,41.33
7306,1070,2025,50,12745,34.92
7307,1071,2024,37,11724,32.12
7308,1071,2025,146,38899,106.57
7309,1072,2020,1,336,0.92
7310,1072,2021,14,5102,13.98
7311,1072,2022,23,9043,24.78
7312,1072,2023,118,43583,119.41
7313,1072,2024,180,63203,173.16
7314,1072,2025,179,63682,174.47
7315,1073,2024,23,4569,12.52
7316,1073,2025,101,16980,46.52
7317,1074,2022,1,206,0.56
7318,1074,2023,29,12735,34.89
7319,1074,2024,34,15050,41.23
7320,1074,2025,63,26136,71.61
7321,1075,2025,22,6122,16.77
7322,1076,2024,23,9911,27.15
7323,1076,2025,10,3392,9.29
7324,1077,2023,2,622,1.7
7325,1077,2024,41,18841,51.62
7326,1077,2025,54,25508,69.88
7327,1078,2014,30,11584,31.74
7328,1078,2015,5,1884,5.16
7329,1078,2016,10,4331,11.87
7330,1078,2017,12,4071,11.15
7331,1078,2018,1,288,0.79
7332,1078,2019,3,1187,3.25
7333,1078,2020,23,8867,24.29
7334,1078,2021,33,12456,34.13
7335,1078,2022,52,21358,58.52
7336,1078,2023,85,34181,93.65
7337,1078,2024,210,78457,214.95
7338,1078,2025,147,55987,153.39
7339,1079,2016,5,1584,4.34
7340,1079,2017,83,25398,69.58
7341,1079,2018,17,5769,15.81
7342,1079,2019,41,13203,36.17
7343,1079,2020,10,2910,7.97
7344,1079,2021,12,4973,13.62
7345,1079,2022,5,1895,5.19
7346,1079,2023,14,5059,13.86
7347,1079,2024,10,3852,10.55
7348,1079,2025,14,5759,15.78
7349,1080,2025,1,337,0.92
7350,1081,2023,1,357,0.98
7351,1081,2024,46,25350,69.45
7352,1081,2025,72,34721,95.13
7353,1082,2024,25,12010,32.9
7354,1082,2025,41,18030,49.4
7355,1083,2015,4,1196,3.28
7356,1083,2016,12,2679,7.34
7357,1083,2017,0,0,0.0
7358,1083,2018,0,0,0.0
7359,1083,2019,0,0,0.0
7360,1083,2020,64,19640,53.81
7361,1083,2021,33,9168,25.12
7362,1083,2022,18,5794,15.87
7363,1083,2023,56,16214,44.42
7364,1083,2024,77,23118,63.34
7365,1083,2025,41,13039,35.72
7366,1084,2017,1,64,0.18
7367,1084,2018,13,2537,6.95
7368,1084,2019,39,10351,28.36
7369,1084,2020,99,23868,65.39
7370,1084,2021,57,12776,35.0
7371,1084,2022,52,9451,25.89
7372,1084,2023,45,7245,19.85
7373,1084,2024,28,7602,20.83
7374,1084,2025,69,17752,48.64
7375,1085,2011,1,1136,3.11
7376,1085,2012,0,0,0.0
7377,1085,2013,0,0,0.0
7378,1085,2014,5,4044,11.08
7379,1085,2015,20,10016,27.44
7380,1085,2016,8,3167,8.68
7381,1085,2017,20,10511,28.8
7382,1085,2018,5,2410,6.6
7383,1085,2019,1,435,1.19
7384,1085,2020,1,648,1.78
7385,1085,2021,2,1637,4.48
7386,1085,2022,0,0,0.0
7387,1085,2023,4,3057,8.38
7388,1085,2024,2,1302,3.57
7389,1085,2025,42,20387,55.85
7390,1086,2025,13,4551,12.47
7391,1087,2024,154,58903,161.38
7392,1087,2025,185,80688,221.06
7393,1088,2021,68,22012,60.31
7394,1088,2022,62,15958,43.72
7395,1088,2023,55,16154,44.26
7396,1088,2024,51,13990,38.33
7397,1088,2025,59,20217,55.39
7398,1089,2025,12,5719,15.67
7399,1090,2021,84,34243,93.82
7400,1090,2022,62,22402,61.38
7401,1090,2023,73,29320,80.33
7402,1090,2024,49,21277,58.29
7403,1090,2025,43,17287,47.36
7404,1091,2018,1,486,1.33
7405,1091,2019,0,0,0.0
7406,1091,2020,0,0,0.0
7407,1091,2021,0,0,0.0
7408,1091,2022,0,0,0.0
7409,1091,2023,8,3678,10.08
7410,1091,2024,5,2101,5.76
7411,1091,2025,15,4745,13.0
7412,1092,2014,2,640,1.75
7413,1092,2015,0,0,0.0
7414,1092,2016,1,1216,3.33
7415,1092,2017,4,1083,2.97
7416,1092,2018,0,0,0.0
7417,1092,2019,1,496,1.36
7418,1092,2020,0,0,0.0
7419,1092,2021,6,2332,6.39
7420,1092,2022,17,6165,16.89
7421,1092,2023,25,8920,24.44
7422,1092,2024,17,6440,17.64
7423,1092,2025,22,11815,32.37
7424,1093,2002,2,1072,2.94
7425,1093,2003,0,0,0.0
7426,1093,2004,0,0,0.0
7427,1093,2005,0,0,0.0
7428,1093,2006,0,0,0.0
7429,1093,2007,0,0,0.0
7430,1093,2008,0,0,0.0
7431,1093,2009,0,0,0.0
7432,1093,2010,0,0,0.0
7433,1093,2011,0,0,0.0
7434,1093,2012,0,0,0.0
7435,1093,2013,3,1165,3.19
7436,1093,2014,5,1723,4.72
7437,1093,2015,3,862,2.36
7438,1093,2016,2,783,2.15
7439,1093,2017,0,0,0.0
7440,1093,2018,1,210,0.58
7441,1093,2019,0,0,0.0
7442,1093,2020,0,0,0.0
7443,1093,2021,0,0,0.0
7444,1093,2022,3,1268,3.47
7445,1093,2023,10,3734,10.23
7446,1093,2024,2,516,1.41
7447,1093,2025,42,15598,42.73
7448,1094,1981,1,256,0.7
7449,1094,1982,0,0,0.0
7450,1094,1983,2,818,2.24
7451,1094,1984,0,0,0.0
7452,1094,1985,1,224,0.61
7453,1094,1986,1,282,0.77
7454,1094,1987,3,710,1.95
7455,1094,1988,2,1055,2.89
7456,1094,1989,8,2050,5.62
7457,1094,1990,5,1724,4.72
7458,1094,1991,1,281,0.77
7459,1094,1992,1,477,1.31
7460,1094,1993,1,192,0.53
7461,1094,1994,3,672,1.84
7462,1094,1995,0,0,0.0
7463,1094,1996,0,0,0.0
7464,1094,1997,0,0,0.0
7465,1094,1998,2,928,2.54
7466,1094,1999,1,151,0.41
7467,1094,2000,2,606,1.66
7468,1094,2001,3,870,2.38
7469,1094,2002,2,294,0.81
7470,1094,2003,2,519,1.42
7471,1094,2004,3,884,2.42
7472,1094,2005,2,484,1.33
7473,1094,2006,0,0,0.0
7474,1094,2007,2,752,2.06
7475,1094,2008,0,0,0.0
7476,1094,2009,2,447,1.22
7477,1094,2010,17,5813,15.93
7478,1094,2011,28,6997,19.17
7479,1094,2012,47,13761,37.7
7480,1094,2013,73,21358,58.52
7481,1094,2014,80,23310,63.86
7482,1094,2015,147,43024,117.87
7483,1094,2016,176,49910,136.74
7484,1094,2017,183,51211,140.3
7485,1094,2018,170,45240,123.95
7486,1094,2019,172,47040,128.88
7487,1094,2020,174,44537,122.02
7488,1094,2021,185,51117,140.05
7489,1094,2022,159,46737,128.05
7490,1094,2023,128,36342,99.57
7491,1094,2024,138,38835,106.4
7492,1094,2025,16,4730,12.96
7493,1095,2025,5,1616,4.43
7494,1096,2025,8,4475,12.26
7495,1097,2019,1,722,1.98
7496,1097,2020,0,0,0.0
7497,1097,2021,0,0,0.0
7498,1097,2022,0,0,0.0
7499,1097,2023,160,58363,159.9
7500,1097,2024,61,20356,55.77
7501,1097,2025,47,16097,44.1
7502,1098,2002,3,999,2.74
7503,1098,2003,2,1630,4.47
7504,1098,2004,1,368,1.01
7505,1098,2005,0,0,0.0
7506,1098,2006,1,672,1.84
7507,1098,2007,1,620,1.7
7508,1098,2008,1,235,0.64
7509,1098,2009,2,3537,9.69
7510,1098,2010,7,1961,5.37
7511,1098,2011,11,3067,8.4
7512,1098,2012,15,3919,10.74
7513,1098,2013,14,4316,11.82
7514,1098,2014,44,12387,33.94
7515,1098,2015,58,15452,42.33
7516,1098,2016,59,14167,38.81
7517,1098,2017,60,12273,33.62
7518,1098,2018,37,10734,29.41
7519,1098,2019,42,12650,34.66
7520,1098,2020,52,15965,43.74
7521,1098,2021,54,16892,46.28
7522,1098,2022,52,15646,42.87
7523,1098,2023,54,16193,44.36
7524,1098,2024,43,12922,35.4
7525,1098,2025,47,14964,41.0
7526,1099,2021,5,1713,4.69
7527,1099,2022,10,3644,9.98
7528,1099,2023,36,11698,32.05
7529,1099,2024,40,13813,37.84
7530,1099,2025,65,24987,68.46
7531,1100,2025,9,2819,7.72
7532,1101,2022,13,5432,14.88
7533,1101,2023,21,10396,28.48
7534,1101,2024,18,9927,27.2
7535,1101,2025,40,19948,54.65
7536,1102,2024,1,376,1.03
7537,1102,2025,32,11443,31.35
7538,1103,2025,1,608,1.67
7539,1104,2019,2,755,2.07
7540,1104,2020,20,7358,20.16
7541,1104,2021,13,3708,10.16
7542,1104,2022,21,7045,19.3
7543,1104,2023,12,5139,14.08
7544,1104,2024,9,3879,10.63
7545,1104,2025,50,25466,69.77
7546,1105,2020,11,3490,9.56
7547,1105,2021,5,1947,5.33
7548,1105,2022,8,2466,6.76
7549,1105,2023,21,7186,19.69
7550,1105,2024,21,7420,20.33
7551,1105,2025,11,5257,14.4
7552,1106,2024,3,1187,3.25
7553,1106,2025,102,21565,59.08
7554,1107,2019,1,244,0.67
7555,1107,2020,3,2055,5.63
7556,1107,2021,2,847,2.32
7557,1107,2022,0,0,0.0
7558,1107,2023,25,7699,21.09
7559,1107,2024,35,10627,29.12
7560,1107,2025,13,4148,11.36
7561,1108,2022,60,23765,65.11
7562,1108,2023,321,123850,339.32
7563,1108,2024,305,124559,341.26
7564,1108,2025,227,84829,232.41
7565,1109,2018,16,6866,18.81
7566,1109,2019,166,52184,142.97
7567,1109,2020,327,102929,282.0
7568,1109,2021,372,111833,306.39
7569,1109,2022,199,60134,164.75
7570,1109,2023,218,71401,195.62
7571,1109,2024,230,75586,207.08
7572,1109,2025,239,73483,201.32
7573,1110,2022,1,375,1.03
7574,1110,2023,0,0,0.0
7575,1110,2024,1,368,1.01
7576,1110,2025,50,21016,57.58
7577,1111,2025,12,4776,13.08
7578,1112,2023,3,1717,4.7
7579,1112,2024,25,11283,30.91
7580,1112,2025,17,8554,23.44
7581,1113,2022,16,3185,8.73
7582,1113,2023,18,5558,15.23
7583,1113,2024,18,3915,10.73
7584,1113,2025,33,8528,23.36
7585,1114,2023,67,25926,71.03
7586,1114,2024,78,31388,85.99
7587,1114,2025,82,29824,81.71
7588,1115,2024,10,3878,10.62
7589,1115,2025,210,77644,212.72
7590,1116,2023,20,6937,19.01
7591,1116,2024,34,13359,36.6
7592,1116,2025,55,19928,54.6
7593,1117,2024,38,14882,40.77
7594,1117,2025,29,11057,30.29
7595,1118,2021,28,11037,30.24
7596,1118,2022,131,44059,120.71
7597,1118,2023,182,68243,186.97
7598,1118,2024,165,58089,159.15
7599,1118,2025,127,47473,130.06
7600,1119,2016,1,212,0.58
7601,1119,2017,1,372,1.02
7602,1119,2018,32,8335,22.84
7603,1119,2019,20,5464,14.97
7604,1119,2020,10,1850,5.07
7605,1119,2021,8,1109,3.04
7606,1119,2022,8,2276,6.24
7607,1119,2023,10,2289,6.27
7608,1119,2024,32,6561,17.98
7609,1119,2025,18,3576,9.8
7610,1120,2023,51,17936,49.14
7611,1120,2024,56,18460,50.58
7612,1120,2025,49,12637,34.62
7613,1121,2022,5,1527,4.18
7614,1121,2023,5,1248,3.42
7615,1121,2024,1,384,1.05
7616,1121,2025,7,2296,6.29
7617,1122,2025,207,56928,155.97
7618,1123,2025,60,21793,59.71
7619,1124,2021,13,4622,12.66
7620,1124,2022,30,5849,16.02
7621,1124,2023,23,6651,18.22
7622,1124,2024,3,772,2.12
7623,1124,2025,8,2253,6.17
7624,1125,2024,1,440,1.21
7625,1125,2025,21,8437,23.12
7626,1126,2024,7,2607,7.14
7627,1126,2025,12,3344,9.16
7628,1127,2022,35,11681,32.0
7629,1127,2023,31,10341,28.33
7630,1127,2024,22,7779,21.31
7631,1127,2025,15,5411,14.82
7632,1128,2017,13,4465,12.23
7633,1128,2018,1,452,1.24
7634,1128,2019,2,782,2.14
7635,1128,2020,36,12584,34.48
7636,1128,2021,29,9476,25.96
7637,1128,2022,40,14089,38.6
7638,1128,2023,105,33983,93.1
7639,1128,2024,114,39307,107.69
7640,1128,2025,92,33460,91.67
7641,1129,2025,30,8968,24.57
7642,1130,2023,1,355,0.97
7643,1130,2024,21,6317,17.31
7644,1130,2025,47,16839,46.13
7645,1131,2023,1,326,0.89
7646,1131,2024,186,64545,176.84
7647,1131,2025,192,65645,179.85
7648,1132,2024,40,15760,43.18
7649,1132,2025,61,21617,59.22
7650,1133,2021,10,3189,8.74
7651,1133,2022,42,12147,33.28
7652,1133,2023,20,7828,21.45
7653,1133,2024,25,8369,22.93
7654,1133,2025,61,19499,53.42
7655,1134,2022,17,5467,14.98
7656,1134,2023,24,8516,23.33
7657,1134,2024,50,17342,47.51
7658,1134,2025,60,19898,54.52
7659,1135,1985,1,474,1.3
7660,1135,1986,0,0,0.0
7661,1135,1987,0,0,0.0
7662,1135,1988,0,0,0.0
7663,1135,1989,0,0,0.0
7664,1135,1990,0,0,0.0
7665,1135,1991,0,0,0.0
7666,1135,1992,0,0,0.0
7667,1135,1993,0,0,0.0
7668,1135,1994,0,0,0.0
7669,1135,1995,0,0,0.0
7670,1135,1996,0,0,0.0
7671,1135,1997,0,0,0.0
7672,1135,1998,0,0,0.0
7673,1135,1999,0,0,0.0
7674,1135,2000,0,0,0.0
7675,1135,2001,0,0,0.0
7676,1135,2002,0,0,0.0
7677,1135,2003,0,0,0.0
7678,1135,2004,0,0,0.0
7679,1135,2005,0,0,0.0
7680,1135,2006,0,0,0.0
7681,1135,2007,0,0,0.0
7682,1135,2008,0,0,0.0
7683,1135,2009,0,0,0.0
7684,1135,2010,0,0,0.0
7685,1135,2011,0,0,0.0
7686,1135,2012,0,0,0.0
7687,1135,2013,53,17553,48.09
7688,1135,2014,69,22549,61.78
7689,1135,2015,84,22224,60.89
7690,1135,2016,121,39403,107.95
7691,1135,2017,119,45274,124.04
7692,1135,2018,110,37611,103.04
7693,1135,2019,112,36541,100.11
7694,1135,2020,65,22179,60.76
7695,1135,2021,56,19972,54.72
7696,1135,2022,109,40887,112.02
7697,1135,2023,121,41277,113.09
7698,1135,2024,129,46077,126.24
7699,1135,2025,119,41024,112.39
7700,1136,2021,39,11219,30.74
7701,1136,2022,48,11306,30.98
7702,1136,2023,30,7657,20.98
7703,1136,2024,29,8616,23.61
7704,1136,2025,79,19726,54.04
7705,1137,2017,51,12892,35.32
7706,1137,2018,160,41184,112.83
7707,1137,2019,125,35395,96.97
7708,1137,2020,69,20008,54.82
7709,1137,2021,141,42629,116.79
7710,1137,2022,101,28144,77.11
7711,1137,2023,237,85133,233.24
7712,1137,2024,550,186253,510.28
7713,1137,2025,496,172224,471.85
7714,1138,2025,4,1980,5.42
7715,1139,2024,27,7885,21.6
7716,1139,2025,35,10644,29.16
7717,1140,2025,1,352,0.96
7718,1141,2023,4,1719,4.71
7719,1141,2024,18,7538,20.65
7720,1141,2025,3,1594,4.37
7721,1142,2022,2,744,2.04
7722,1142,2023,164,61294,167.93
7723,1142,2024,495,187610,514.0
7724,1142,2025,287,99324,272.12
7725,1143,2023,9,3209,8.79
7726,1143,2024,76,29893,81.9
7727,1143,2025,29,11127,30.48
7728,1144,2025,26,11534,31.6
7729,1145,1990,1,143,0.39
7730,1145,1991,1,80,0.22
7731,1145,1992,1,347,0.95
7732,1145,1993,2,702,1.92
7733,1145,1994,11,3544,9.71
7734,1145,1995,25,9568,26.21
7735,1145,1996,1,320,0.88
7736,1145,1997,6,1988,5.45
7737,1145,1998,4,1350,3.7
7738,1145,1999,1,176,0.48
7739,1145,2000,3,740,2.03
7740,1145,2001,1,256,0.7
7741,1145,2002,4,1668,4.57
7742,1145,2003,6,1801,4.93
7743,1145,2004,9,2545,6.97
7744,1145,2005,7,2227,6.1
7745,1145,2006,8,2237,6.13
7746,1145,2007,52,13657,37.42
7747,1145,2008,21,5880,16.11
7748,1145,2009,37,10330,28.3
7749,1145,2010,32,9235,25.3
7750,1145,2011,50,14229,38.98
7751,1145,2012,53,15215,41.68
7752,1145,2013,44,13951,38.22
7753,1145,2014,42,11916,32.65
7754,1145,2015,38,10875,29.79
7755,1145,2016,40,12549,34.38
7756,1145,2017,45,11500,31.51
7757,1145,2018,49,13899,38.08
7758,1145,2019,54,12598,34.52
7759,1145,2020,64,17123,46.91
7760,1145,2021,62,15314,41.96
7761,1145,2022,57,15148,41.5
7762,1145,2023,94,28754,78.78
7763,1145,2024,53,17194,47.11
7764,1145,2025,88,26466,72.51
7765,1146,2020,11,3871,10.61
7766,1146,2021,37,14012,38.39
7767,1146,2022,176,63840,174.9
7768,1146,2023,174,63311,173.45
7769,1146,2024,92,32569,89.23
7770,1146,2025,76,28884,79.13
7771,1147,2015,2,853,2.34
7772,1147,2016,11,3127,8.57
7773,1147,2017,25,4786,13.11
7774,1147,2018,0,0,0.0
7775,1147,2019,0,0,0.0
7776,1147,2020,2,675,1.85
7777,1147,2021,327,87398,239.45
7778,1147,2022,562,142855,391.38
7779,1147,2023,731,188818,517.31
7780,1147,2024,860,249653,683.98
7781,1147,2025,767,194448,532.73
7782,1148,2025,109,38313,104.97
7783,1149,2025,22,8953,24.53
7784,1150,2024,1,338,0.93
7785,1150,2025,59,25994,71.22
7786,1151,2015,77,27887,76.4
7787,1151,2016,40,15643,42.86
7788,1151,2017,35,12522,34.31
7789,1151,2018,91,40266,110.32
7790,1151,2019,51,18695,51.22
7791,1151,2020,42,15948,43.69
7792,1151,2021,45,13193,36.15
7793,1151,2022,26,6007,16.46
7794,1151,2023,75,25016,68.54
7795,1151,2024,97,35282,96.66
7796,1151,2025,85,31972,87.59
7797,1152,2014,75,23588,64.62
7798,1152,2015,103,33634,92.15
7799,1152,2016,94,38627,105.83
7800,1152,2017,83,32017,87.72
7801,1152,2018,229,73069,200.19
7802,1152,2019,522,137736,377.36
7803,1152,2020,569,153275,419.93
7804,1152,2021,476,118833,325.57
7805,1152,2022,424,107435,294.34
7806,1152,2023,403,99547,272.73
7807,1152,2024,378,105758,289.75
7808,1152,2025,336,117503,321.93
7809,1153,2022,9,3202,8.77
7810,1153,2023,28,10374,28.42
7811,1153,2024,37,13931,38.17
7812,1153,2025,48,20462,56.06
7813,1154,2016,14,5730,15.7
7814,1154,2017,47,17618,48.27
7815,1154,2018,46,16976,46.51
7816,1154,2019,69,24834,68.04
7817,1154,2020,90,34465,94.42
7818,1154,2021,78,31534,86.39
7819,1154,2022,90,37706,103.3
7820,1154,2023,102,37901,103.84
7821,1154,2024,96,35831,98.17
7822,1154,2025,99,42710,117.01
7823,1155,2019,3,1317,3.61
7824,1155,2020,7,3001,8.22
7825,1155,2021,15,5449,14.93
7826,1155,2022,123,47762,130.85
7827,1155,2023,122,48200,132.05
7828,1155,2024,97,36087,98.87
7829,1155,2025,104,37988,104.08
7830,1156,1982,1,140,0.38
7831,1156,1983,0,0,0.0
7832,1156,1984,0,0,0.0
7833,1156,1985,0,0,0.0
7834,1156,1986,1,806,2.21
7835,1156,1987,0,0,0.0
7836,1156,1988,0,0,0.0
7837,1156,1989,0,0,0.0
7838,1156,1990,0,0,0.0
7839,1156,1991,0,0,0.0
7840,1156,1992,0,0,0.0
7841,1156,1993,0,0,0.0
7842,1156,1994,0,0,0.0
7843,1156,1995,0,0,0.0
7844,1156,1996,0,0,0.0
7845,1156,1997,0,0,0.0
7846,1156,1998,0,0,0.0
7847,1156,1999,0,0,0.0
7848,1156,2000,0,0,0.0
7849,1156,2001,0,0,0.0
7850,1156,2002,1,208,0.57
7851,1156,2003,0,0,0.0
7852,1156,2004,0,0,0.0
7853,1156,2005,0,0,0.0
7854,1156,2006,0,0,0.0
7855,1156,2007,0,0,0.0
7856,1156,2008,0,0,0.0
7857,1156,2009,0,0,0.0
7858,1156,2010,0,0,0.0
7859,1156,2011,1,136,0.37
7860,1156,2012,0,0,0.0
7861,1156,2013,0,0,0.0
7862,1156,2014,0,0,0.0
7863,1156,2015,0,0,0.0
7864,1156,2016,0,0,0.0
7865,1156,2017,0,0,0.0
7866,1156,2018,37,12117,33.2
7867,1156,2019,54,17014,46.61
7868,1156,2020,112,38234,104.75
7869,1156,2021,145,47780,130.9
7870,1156,2022,192,56500,154.79
7871,1156,2023,230,76459,209.48
7872,1156,2024,251,76300,209.04
7873,1156,2025,255,71926,197.06
7874,1157,2015,3,673,1.84
7875,1157,2016,9,2315,6.34
7876,1157,2017,5,1346,3.69
7877,1157,2018,20,5058,13.86
7878,1157,2019,16,4347,11.91
7879,1157,2020,49,11917,32.65
7880,1157,2021,30,7326,20.07
7881,1157,2022,22,6405,17.55
7882,1157,2023,27,8128,22.27
7883,1157,2024,22,5535,15.16
7884,1157,2025,20,5487,15.03
7885,1158,2024,105,40666,111.41
7886,1158,2025,73,31816,87.17
7887,1159,2024,110,35086,96.13
7888,1159,2025,162,50768,139.09
7889,1160,2025,28,10673,29.24
7890,1161,2021,2,864,2.37
7891,1161,2022,27,10627,29.12
7892,1161,2023,34,13250,36.3
7893,1161,2024,16,6225,17.05
7894,1161,2025,41,14764,40.45
7895,1162,2012,3,1175,3.22
7896,1162,2013,18,5687,15.58
7897,1162,2014,46,15384,42.15
7898,1162,2015,32,11760,32.22
7899,1162,2016,22,8049,22.05
7900,1162,2017,16,7104,19.46
7901,1162,2018,8,4544,12.45
7902,1162,2019,2,848,2.32
7903,1162,2020,1,128,0.35
7904,1162,2021,47,16723,45.82
7905,1162,2022,85,31559,86.46
7906,1162,2023,52,17295,47.38
7907,1162,2024,75,26783,73.38
7908,1162,2025,83,28822,78.96
7909,1163,2019,22,6388,17.5
7910,1163,2020,33,10810,29.62
7911,1163,2021,21,6706,18.37
7912,1163,2022,31,10466,28.67
7913,1163,2023,50,11931,32.69
7914,1163,2024,46,11758,32.21
7915,1163,2025,71,18346,50.26
7916,1164,2006,2,599,1.64
7917,1164,2007,0,0,0.0
7918,1164,2008,0,0,0.0
7919,1164,2009,0,0,0.0
7920,1164,2010,0,0,0.0
7921,1164,2011,0,0,0.0
7922,1164,2012,0,0,0.0
7923,1164,2013,0,0,0.0
7924,1164,2014,0,0,0.0
7925,1164,2015,0,0,0.0
7926,1164,2016,0,0,0.0
7927,1164,2017,0,0,0.0
7928,1164,2018,0,0,0.0
7929,1164,2019,4,1811,4.96
7930,1164,2020,3,974,2.67
7931,1164,2021,6,2252,6.17
7932,1164,2022,26,9544,26.15
7933,1164,2023,35,11797,32.32
7934,1164,2024,52,19790,54.22
7935,1164,2025,51,18276,50.07
7936,1165,2024,1,245,0.67
7937,1165,2025,10,3014,8.26
7938,1166,2023,24,9341,25.59
7939,1166,2024,13,4580,12.55
7940,1166,2025,7,2232,6.12
7941,1167,2023,4,1537,4.21
7942,1167,2024,220,87412,239.48
7943,1167,2025,180,64840,177.64
7944,1168,2025,27,10431,28.58
7945,1169,2023,63,23934,65.57
7946,1169,2024,142,54367,148.95
7947,1169,2025,176,79213,217.02
7948,1170,2022,3,1205,3.3
7949,1170,2023,264,99752,273.29
7950,1170,2024,686,231704,634.81
7951,1170,2025,407,134447,368.35
7952,1171,2017,1,369,1.01
7953,1171,2018,8,4311,11.81
7954,1171,2019,25,9659,26.46
7955,1171,2020,15,3865,10.59
7956,1171,2021,25,7449,20.41
7957,1171,2022,26,10453,28.64
7958,1171,2023,34,12182,33.38
7959,1171,2024,26,10098,27.67
7960,1171,2025,27,11388,31.2
7961,1172,2021,8,2994,8.2
7962,1172,2022,9,3928,10.76
7963,1172,2023,17,5717,15.66
7964,1172,2024,54,16031,43.92
7965,1172,2025,30,8892,24.36
7966,1173,2023,26,7976,21.85
7967,1173,2024,131,42389,116.13
7968,1173,2025,104,38764,106.2
7969,1174,2020,5,2010,5.51
7970,1174,2021,13,5187,14.21
7971,1174,2022,32,11415,31.27
7972,1174,2023,33,12249,33.56
7973,1174,2024,6,2006,5.5
7974,1174,2025,7,2935,8.04
7975,1175,2012,1,579,1.59
7976,1175,2013,0,0,0.0
7977,1175,2014,0,0,0.0
7978,1175,2015,0,0,0.0
7979,1175,2016,0,0,0.0
7980,1175,2017,0,0,0.0
7981,1175,2018,0,0,0.0
7982,1175,2019,0,0,0.0
7983,1175,2020,0,0,0.0
7984,1175,2021,0,0,0.0
7985,1175,2022,0,0,0.0
7986,1175,2023,0,0,0.0
7987,1175,2024,142,66544,182.31
7988,1175,2025,236,83765,229.49
7989,1176,2024,6,2135,5.85
7990,1176,2025,25,7937,21.75
7991,1177,2017,1,176,0.48
7992,1177,2018,2,832,2.28
7993,1177,2019,9,3350,9.18
7994,1177,2020,1,336,0.92
7995,1177,2021,1,336,0.92
7996,1177,2022,4,1185,3.25
7997,1177,2023,0,0,0.0
7998,1177,2024,0,0,0.0
7999,1177,2025,63,14716,40.32
8000,1178,2023,44,13857,37.96
8001,1178,2024,36,15665,42.92
8002,1178,2025,37,15071,41.29
8003,1179,2010,1,528,1.45
8004,1179,2011,1,512,1.4
8005,1179,2012,2,824,2.26
8006,1179,2013,2,998,2.73
8007,1179,2014,0,0,0.0
8008,1179,2015,0,0,0.0
8009,1179,2016,0,0,0.0
8010,1179,2017,0,0,0.0
8011,1179,2018,1,274,0.75
8012,1179,2019,2,708,1.94
8013,1179,2020,1,324,0.89
8014,1179,2021,2,528,1.45
8015,1179,2022,62,18241,49.98
8016,1179,2023,67,20998,57.53
8017,1179,2024,70,19858,54.41
8018,1179,2025,75,20021,54.85
8019,1180,2019,22,7673,21.02
8020,1180,2020,42,14392,39.43
8021,1180,2021,68,27018,74.02
8022,1180,2022,62,25285,69.27
8023,1180,2023,66,25990,71.21
8024,1180,2024,114,37027,101.44
8025,1180,2025,98,41148,112.73
8026,1181,2011,1,480,1.32
8027,1181,2012,3,1076,2.95
8028,1181,2013,1,168,0.46
8029,1181,2014,0,0,0.0
8030,1181,2015,1,463,1.27
8031,1181,2016,7,2451,6.72
8032,1181,2017,16,5292,14.5
8033,1181,2018,50,16227,44.46
8034,1181,2019,25,7814,21.41
8035,1181,2020,20,6223,17.05
8036,1181,2021,6,2240,6.14
8037,1181,2022,12,4154,11.38
8038,1181,2023,11,3551,9.73
8039,1181,2024,235,74950,205.34
8040,1181,2025,241,62271,170.61
8041,1182,2024,41,21691,59.43
8042,1182,2025,42,17464,47.85
8043,1183,2013,3,1131,3.1
8044,1183,2014,0,0,0.0
8045,1183,2015,0,0,0.0
8046,1183,2016,0,0,0.0
8047,1183,2017,0,0,0.0
8048,1183,2018,0,0,0.0
8049,1183,2019,0,0,0.0
8050,1183,2020,0,0,0.0
8051,1183,2021,0,0,0.0
8052,1183,2022,0,0,0.0
8053,1183,2023,0,0,0.0
8054,1183,2024,5,1372,3.76
8055,1183,2025,55,23546,64.51
8056,1184,2022,10,3794,10.39
8057,1184,2023,0,0,0.0
8058,1184,2024,4,1567,4.29
8059,1184,2025,17,7033,19.27
8060,1185,2025,16,5007,13.72
8061,1186,2023,68,26173,71.71
8062,1186,2024,144,55065,150.86
8063,1186,2025,119,45824,125.55
8064,1187,2023,13,4578,12.54
8065,1187,2024,17,5956,16.32
8066,1187,2025,29,9730,26.66
8067,1188,2025,53,19913,54.56
8068,1189,2023,11,5246,14.37
8069,1189,2024,56,26740,73.26
8070,1189,2025,51,16540,45.32
8071,1190,2025,7,2495,6.84
8072,1191,2016,1,288,0.79
8073,1191,2017,3,1280,3.51
8074,1191,2018,3,1239,3.39
8075,1191,2019,1,338,0.93
8076,1191,2020,3,1424,3.9
8077,1191,2021,34,13085,35.85
8078,1191,2022,56,25500,69.86
8079,1191,2023,11,5486,15.03
8080,1191,2024,69,24821,68.0
8081,1191,2025,40,19293,52.86
8082,1192,2023,7,3511,9.62
8083,1192,2024,4,1245,3.41
8084,1192,2025,5,2572,7.05
8085,1193,2008,1,439,1.2
8086,1193,2009,0,0,0.0
8087,1193,2010,3,1759,4.82
8088,1193,2011,1,362,0.99
8089,1193,2012,1,320,0.88
8090,1193,2013,4,697,1.91
8091,1193,2014,1,217,0.59
8092,1193,2015,4,761,2.08
8093,1193,2016,1,110,0.3
8094,1193,2017,0,0,0.0
8095,1193,2018,2,1264,3.46
8096,1193,2019,2,505,1.38
8097,1193,2020,5,1405,3.85
8098,1193,2021,30,11271,30.88
8099,1193,2022,24,9011,24.69
8100,1193,2023,14,3635,9.96
8101,1193,2024,22,8569,23.48
8102,1193,2025,41,16803,46.04
8103,1194,2025,3,1860,5.1
8104,1195,2024,6,1740,4.77
8105,1195,2025,40,14552,39.87
8106,1196,2025,106,38596,105.74
8107,1197,2013,2,504,1.38
8108,1197,2014,0,0,0.0
8109,1197,2015,0,0,0.0
8110,1197,2016,0,0,0.0
8111,1197,2017,0,0,0.0
8112,1197,2018,0,0,0.0
8113,1197,2019,2,886,2.43
8114,1197,2020,0,0,0.0
8115,1197,2021,0,0,0.0
8116,1197,2022,0,0,0.0
8117,1197,2023,12,4548,12.46
8118,1197,2024,103,34767,95.25
8119,1197,2025,71,22857,62.62
8120,1198,2006,2,1066,2.92
8121,1198,2007,1,629,1.72
8122,1198,2008,1,756,2.07
8123,1198,2009,0,0,0.0
8124,1198,2010,0,0,0.0
8125,1198,2011,0,0,0.0
8126,1198,2012,3,1155,3.16
8127,1198,2013,11,5699,15.61
8128,1198,2014,0,0,0.0
8129,1198,2015,0,0,0.0
8130,1198,2016,3,979,2.68
8131,1198,2017,0,0,0.0
8132,1198,2018,0,0,0.0
8133,1198,2019,1,1120,3.07
8134,1198,2020,1,662,1.81
8135,1198,2021,0,0,0.0
8136,1198,2022,0,0,0.0
8137,1198,2023,13,6655,18.23
8138,1198,2024,18,8033,22.01
8139,1198,2025,21,8502,23.29
8140,1199,2017,2,367,1.01
8141,1199,2018,0,0,0.0
8142,1199,2019,0,0,0.0
8143,1199,2020,1,184,0.5
8144,1199,2021,1,320,0.88
8145,1199,2022,1,425,1.16
8146,1199,2023,2,826,2.26
8147,1199,2024,10,4435,12.15
8148,1199,2025,31,14722,40.33
8149,1200,2024,5,1551,4.25
8150,1200,2025,64,23022,63.07
8151,1201,2017,10,2953,8.09
8152,1201,2018,5,1944,5.33
8153,1201,2019,18,5261,14.41
8154,1201,2020,35,14199,38.9
8155,1201,2021,27,11376,31.17
8156,1201,2022,33,12872,35.27
8157,1201,2023,32,13235,36.26
8158,1201,2024,37,15200,41.64
8159,1201,2025,70,25349,69.45
8160,1202,1981,1,518,1.42
8161,1202,1982,2,614,1.68
8162,1202,1983,1,230,0.63
8163,1202,1984,0,0,0.0
8164,1202,1985,2,693,1.9
8165,1202,1986,0,0,0.0
8166,1202,1987,0,0,0.0
8167,1202,1988,1,320,0.88
8168,1202,1989,1,302,0.83
8169,1202,1990,1,448,1.23
8170,1202,1991,1,469,1.28
8171,1202,1992,4,1911,5.24
8172,1202,1993,5,2129,5.83
8173,1202,1994,2,1364,3.74
8174,1202,1995,4,2068,5.67
8175,1202,1996,2,1055,2.89
8176,1202,1997,2,1358,3.72
8177,1202,1998,2,1226,3.36
8178,1202,1999,3,1617,4.43
8179,1202,2000,2,1505,4.12
8180,1202,2001,2,577,1.58
8181,1202,2002,2,992,2.72
8182,1202,2003,3,1049,2.87
8183,1202,2004,1,355,0.97
8184,1202,2005,2,1031,2.82
8185,1202,2006,3,1468,4.02
8186,1202,2007,4,1081,2.96
8187,1202,2008,1,358,0.98
8188,1202,2009,3,994,2.72
8189,1202,2010,5,2169,5.94
8190,1202,2011,2,609,1.67
8191,1202,2012,1,340,0.93
8192,1202,2013,3,912,2.5
8193,1202,2014,2,812,2.22
8194,1202,2015,2,684,1.87
8195,1202,2016,10,1929,5.28
8196,1202,2017,13,3638,9.97
8197,1202,2018,6,1583,4.34
8198,1202,2019,10,2452,6.72
8199,1202,2020,9,2706,7.41
8200,1202,2021,15,3995,10.95
8201,1202,2022,7,2971,8.14
8202,1202,2023,10,4250,11.64
8203,1202,2024,21,11816,32.37
8204,1202,2025,28,6846,18.76
8205,1203,2023,14,5558,15.23
8206,1203,2024,38,12182,33.38
8207,1203,2025,83,26587,72.84
8208,1204,2023,19,7459,20.44
8209,1204,2024,34,13223,36.23
8210,1204,2025,19,6676,18.29
8211,1205,2022,127,49847,136.57
8212,1205,2023,141,57461,157.43
8213,1205,2024,171,69829,191.31
8214,1205,2025,228,91302,250.14
8215,1206,2024,1,448,1.23
8216,1206,2025,37,14131,38.72
8217,1207,2025,4,1821,4.99
8218,1208,2022,1,369,1.01
8219,1208,2023,2,356,0.98
8220,1208,2024,84,29650,81.23
8221,1208,2025,212,73456,201.25
8222,1209,2023,12,6240,17.1
8223,1209,2024,25,12394,33.96
8224,1209,2025,14,5654,15.49
8225,1210,2025,198,55301,151.51
8226,1211,2012,1,213,0.58
8227,1211,2013,27,7970,21.84
8228,1211,2014,10,2310,6.33
8229,1211,2015,30,8662,23.73
8230,1211,2016,8,2271,6.22
8231,1211,2017,1,260,0.71
8232,1211,2018,3,1027,2.81
8233,1211,2019,3,566,1.55
8234,1211,2020,2,490,1.34
8235,1211,2021,6,1705,4.67
8236,1211,2022,25,8810,24.14
8237,1211,2023,20,5564,15.24
8238,1211,2024,49,14308,39.2
8239,1211,2025,53,16162,44.28
8240,1212,2022,7,2033,5.57
8241,1212,2023,19,6701,18.36
8242,1212,2024,22,8679,23.78
8243,1212,2025,79,32616,89.36
8244,1213,2022,3,2088,5.72
8245,1213,2023,1,219,0.6
8246,1213,2024,16,5541,15.18
8247,1213,2025,20,8109,22.22
8248,1214,2024,6,2346,6.43
8249,1214,2025,37,15349,42.05
8250,1215,2024,79,27340,74.9
8251,1215,2025,47,15973,43.76
8252,1216,2014,1,336,0.92
8253,1216,2015,0,0,0.0
8254,1216,2016,0,0,0.0
8255,1216,2017,0,0,0.0
8256,1216,2018,0,0,0.0
8257,1216,2019,0,0,0.0
8258,1216,2020,0,0,0.0
8259,1216,2021,1,345,0.95
8260,1216,2022,0,0,0.0
8261,1216,2023,1,239,0.65
8262,1216,2024,20,5659,15.5
8263,1216,2025,73,22576,61.85
8264,1217,2022,122,30638,83.94
8265,1217,2023,158,32750,89.73
8266,1217,2024,126,28724,78.7
8267,1217,2025,64,18592,50.94
8268,1218,2015,3,1389,3.81
8269,1218,2016,0,0,0.0
8270,1218,2017,0,0,0.0
8271,1218,2018,1,273,0.75
8272,1218,2019,38,12575,34.45
8273,1218,2020,52,17565,48.12
8274,1218,2021,55,17621,48.28
8275,1218,2022,50,15746,43.14
8276,1218,2023,50,17614,48.26
8277,1218,2024,68,21657,59.33
8278,1218,2025,113,37704,103.3
8279,1219,2022,20,7355,20.15
8280,1219,2023,24,8776,24.04
8281,1219,2024,24,9753,26.72
8282,1219,2025,39,15599,42.74
8283,1220,1993,1,160,0.44
8284,1220,1994,2,608,1.67
8285,1220,1995,0,0,0.0
8286,1220,1996,0,0,0.0
8287,1220,1997,0,0,0.0
8288,1220,1998,2,614,1.68
8289,1220,1999,0,0,0.0
8290,1220,2000,1,339,0.93
8291,1220,2001,0,0,0.0
8292,1220,2002,1,323,0.88
8293,1220,2003,1,416,1.14
8294,1220,2004,0,0,0.0
8295,1220,2005,0,0,0.0
8296,1220,2006,0,0,0.0
8297,1220,2007,1,327,0.9
8298,1220,2008,1,403,1.1
8299,1220,2009,0,0,0.0
8300,1220,2010,3,1728,4.73
8301,1220,2011,0,0,0.0
8302,1220,2012,1,80,0.22
8303,1220,2013,228,73183,200.5
8304,1220,2014,1,328,0.9
8305,1220,2015,175,54401,149.04
8306,1220,2016,223,70385,192.84
8307,1220,2017,206,67353,184.53
8308,1220,2018,140,46274,126.78
8309,1220,2019,166,60486,165.72
8310,1220,2020,172,55908,153.17
8311,1220,2021,130,47868,131.15
8312,1220,2022,172,59548,163.15
8313,1220,2023,188,54707,149.88
8314,1220,2024,224,72385,198.32
8315,1220,2025,192,60989,167.09
8316,1221,2024,1,339,0.93
8317,1221,2025,38,16095,44.1
8318,1222,2016,1,375,1.03
8319,1222,2017,0,0,0.0
8320,1222,2018,0,0,0.0
8321,1222,2019,1,368,1.01
8322,1222,2020,3,853,2.34
8323,1222,2021,55,16045,43.96
8324,1222,2022,82,30160,82.63
8325,1222,2023,18,4616,12.65
8326,1222,2024,28,8181,22.41
8327,1222,2025,50,16741,45.87
8328,1223,2015,1,361,0.99
8329,1223,2016,6,2372,6.5
8330,1223,2017,0,0,0.0
8331,1223,2018,0,0,0.0
8332,1223,2019,147,56078,153.64
8333,1223,2020,141,44831,122.82
8334,1223,2021,197,55329,151.59
8335,1223,2022,206,54276,148.7
8336,1223,2023,123,32303,88.5
8337,1223,2024,75,19955,54.67
8338,1223,2025,43,10653,29.19
8339,1224,2020,1,384,1.05
8340,1224,2021,25,8828,24.19
8341,1224,2022,44,15603,42.75
8342,1224,2023,186,59917,164.16
8343,1224,2024,249,78268,214.43
8344,1224,2025,223,73802,202.2
8345,1225,2023,116,39801,109.04
8346,1225,2024,247,90429,247.75
8347,1225,2025,221,77542,212.44
8348,1226,2020,3,673,1.84
8349,1226,2021,20,8235,22.56
8350,1226,2022,22,10742,29.43
8351,1226,2023,10,3924,10.75
8352,1226,2024,10,3231,8.85
8353,1226,2025,22,7687,21.06
8354,1227,2025,4,886,2.43
8355,1228,2024,80,23461,64.28
8356,1228,2025,74,23962,65.65
8357,1229,2011,3,469,1.28
8358,1229,2012,0,0,0.0
8359,1229,2013,3,1111,3.04
8360,1229,2014,0,0,0.0
8361,1229,2015,1,238,0.65
8362,1229,2016,0,0,0.0
8363,1229,2017,0,0,0.0
8364,1229,2018,0,0,0.0
8365,1229,2019,0,0,0.0
8366,1229,2020,0,0,0.0
8367,1229,2021,0,0,0.0
8368,1229,2022,5,867,2.38
8369,1229,2023,102,33626,92.13
8370,1229,2024,5,2177,5.96
8371,1229,2025,167,38280,104.88
8372,1230,2024,3,820,2.25
8373,1230,2025,19,7115,19.49
8374,1231,2025,5,1016,2.78
8375,1232,2011,1,40,0.11
8376,1232,2012,83,16891,46.28
8377,1232,2013,127,26685,73.11
8378,1232,2014,70,13744,37.65
8379,1232,2015,100,22144,60.67
8380,1232,2016,61,11095,30.4
8381,1232,2017,21,3008,8.24
8382,1232,2018,2,448,1.23
8383,1232,2019,1,352,0.96
8384,1232,2020,10,1939,5.31
8385,1232,2021,23,5098,13.97
8386,1232,2022,225,45651,125.07
8387,1232,2023,214,38649,105.89
8388,1232,2024,196,41691,114.22
8389,1232,2025,195,38202,104.66
8390,1233,2023,71,28500,78.08
8391,1233,2024,41,14484,39.68
8392,1233,2025,268,93245,255.47
8393,1234,2008,1,336,0.92
8394,1234,2009,1,373,1.02
8395,1234,2010,1,344,0.94
8396,1234,2011,5,1994,5.46
8397,1234,2012,2,583,1.6
8398,1234,2013,4,2328,6.38
8399,1234,2014,2,659,1.81
8400,1234,2015,0,0,0.0
8401,1234,2016,0,0,0.0
8402,1234,2017,0,0,0.0
8403,1234,2018,0,0,0.0
8404,1234,2019,0,0,0.0
8405,1234,2020,1,224,0.61
8406,1234,2021,10,3453,9.46
8407,1234,2022,5,1790,4.9
8408,1234,2023,5,2460,6.74
8409,1234,2024,2,544,1.49
8410,1234,2025,7,2585,7.08
8411,1235,2012,6,2949,8.08
8412,1235,2013,0,0,0.0
8413,1235,2014,0,0,0.0
8414,1235,2015,0,0,0.0
8415,1235,2016,0,0,0.0
8416,1235,2017,0,0,0.0
8417,1235,2018,0,0,0.0
8418,1235,2019,0,0,0.0
8419,1235,2020,0,0,0.0
8420,1235,2021,0,0,0.0
8421,1235,2022,98,29997,82.18
8422,1235,2023,125,43632,119.54
8423,1235,2024,86,34333,94.06
8424,1235,2025,135,50985,139.68
8425,1236,2015,3,895,2.45
8426,1236,2016,6,2030,5.56
8427,1236,2017,5,1798,4.93
8428,1236,2018,27,9110,24.96
8429,1236,2019,30,9245,25.33
8430,1236,2020,47,14823,40.61
8431,1236,2021,39,11780,32.27
8432,1236,2022,46,14089,38.6
8433,1236,2023,48,16521,45.26
8434,1236,2024,53,19115,52.37
8435,1236,2025,58,19520,53.48
8436,1237,2023,3,1184,3.24
8437,1237,2024,58,21768,59.64
8438,1237,2025,28,12920,35.4
8439,1238,2019,3,1083,2.97
8440,1238,2020,145,53799,147.39
8441,1238,2021,92,59280,162.41
8442,1238,2022,138,56612,155.1
8443,1238,2023,127,55619,152.38
8444,1238,2024,72,32914,90.18
8445,1238,2025,127,49450,135.48
8446,1239,2024,63,23572,64.58
8447,1239,2025,135,46266,126.76
8448,1240,2023,1,341,0.93
8449,1240,2024,7,1430,3.92
8450,1240,2025,19,5553,15.21
8451,1241,2024,3,754,2.07
8452,1241,2025,22,6452,17.68
8453,1242,2024,3,1341,3.67
8454,1242,2025,132,59258,162.35
8455,1243,2021,1,400,1.1
8456,1243,2022,42,13347,36.57
8457,1243,2023,102,34639,94.9
8458,1243,2024,169,52638,144.21
8459,1243,2025,167,51950,142.33
8460,1244,2020,36,11138,30.52
8461,1244,2021,41,11963,32.78
8462,1244,2022,74,22864,62.64
8463,1244,2023,103,30555,83.71
8464,1244,2024,87,25226,69.11
8465,1244,2025,87,29035,79.55
8466,1245,2011,8,3717,10.18
8467,1245,2012,6,2082,5.7
8468,1245,2013,0,0,0.0
8469,1245,2014,1,485,1.33
8470,1245,2015,6,2890,7.92
8471,1245,2016,3,1693,4.64
8472,1245,2017,20,6875,18.84
8473,1245,2018,11,3789,10.38
8474,1245,2019,24,8965,24.56
8475,1245,2020,45,13296,36.43
8476,1245,2021,31,11254,30.83
8477,1245,2022,42,13137,35.99
8478,1245,2023,13,4149,11.37
8479,1245,2024,24,11166,30.59
8480,1245,2025,62,28491,78.06
8481,1246,2024,1,264,0.72
8482,1246,2025,11,3801,10.41
8483,1247,2024,201,72274,198.01
8484,1247,2025,130,50818,139.23
8485,1248,2025,73,23869,65.39
8486,1249,2006,1,425,1.16
8487,1249,2007,0,0,0.0
8488,1249,2008,0,0,0.0
8489,1249,2009,3,986,2.7
8490,1249,2010,1,288,0.79
8491,1249,2011,3,1151,3.15
8492,1249,2012,0,0,0.0
8493,1249,2013,7,2710,7.42
8494,1249,2014,19,5954,16.31
8495,1249,2015,25,5348,14.65
8496,1249,2016,91,16444,45.05
8497,1249,2017,65,11825,32.4
8498,1249,2018,48,14899,40.82
8499,1249,2019,54,17742,48.61
8500,1249,2020,36,11136,30.51
8501,1249,2021,49,8972,24.58
8502,1249,2022,45,13703,37.54
8503,1249,2023,95,22457,61.53
8504,1249,2024,137,24398,66.84
8505,1249,2025,157,33556,91.93
8506,1250,2011,1,264,0.72
8507,1250,2012,0,0,0.0
8508,1250,2013,0,0,0.0
8509,1250,2014,0,0,0.0
8510,1250,2015,0,0,0.0
8511,1250,2016,0,0,0.0
8512,1250,2017,0,0,0.0
8513,1250,2018,1,545,1.49
8514,1250,2019,11,4617,12.65
8515,1250,2020,2,688,1.88
8516,1250,2021,6,1530,4.19
8517,1250,2022,9,2832,7.76
8518,1250,2023,9,3024,8.28
8519,1250,2024,40,11242,30.8
8520,1250,2025,70,20396,55.88
8521,1251,2018,1,248,0.68
8522,1251,2019,2,858,2.35
8523,1251,2020,30,8345,22.86
8524,1251,2021,133,35414,97.02
8525,1251,2022,228,64686,177.22
8526,1251,2023,276,69096,189.3
8527,1251,2024,177,62796,172.04
8528,1251,2025,212,61317,167.99
8529,1252,2020,5,1783,4.88
8530,1252,2021,41,9878,27.06
8531,1252,2022,419,91172,249.79
8532,1252,2023,449,95418,261.42
8533,1252,2024,325,68179,186.79
8534,1252,2025,275,59133,162.01
8535,1253,2022,3,1038,2.84
8536,1253,2023,18,5899,16.16
8537,1253,2024,17,6454,17.68
8538,1253,2025,22,7287,19.96
8539,1254,2020,6,2629,7.2
8540,1254,2021,6,3884,10.64
8541,1254,2022,2,693,1.9
8542,1254,2023,1,559,1.53
8543,1254,2024,95,30983,84.88
8544,1254,2025,149,46201,126.58
8545,1255,2023,7,2250,6.16
8546,1255,2024,98,38923,106.64
8547,1255,2025,129,52982,145.16
8548,1256,2022,2,744,2.04
8549,1256,2023,33,12203,33.43
8550,1256,2024,26,9765,26.75
8551,1256,2025,21,7822,21.43
8552,1257,2024,82,26331,72.14
8553,1257,2025,20,7706,21.11
8554,1258,2023,31,16283,44.61
8555,1258,2024,49,21532,58.99
8556,1258,2025,168,69357,190.02
8557,1259,2020,18,6146,16.84
8558,1259,2021,37,14068,38.54
8559,1259,2022,69,30938,84.76
8560,1259,2023,51,21232,58.17
8561,1259,2024,46,19111,52.36
8562,1259,2025,36,16188,44.35
8563,1260,2024,16,6438,17.64
8564,1260,2025,52,19325,52.95
8565,1261,2025,18,6767,18.54
8566,1262,2024,35,13607,37.28
8567,1262,2025,19,8437,23.12
8568,1263,2022,1,0,0.0
8569,1263,2023,0,0,0.0
8570,1263,2024,0,0,0.0
8571,1263,2025,59,23870,65.4
8572,1264,2023,1,904,2.48
8573,1264,2024,5,2126,5.82
8574,1264,2025,5,1437,3.94
8575,1265,2020,3,532,1.46
8576,1265,2021,0,0,0.0
8577,1265,2022,28,9013,24.69
8578,1265,2023,54,20812,57.02
8579,1265,2024,40,14206,38.92
8580,1265,2025,25,9652,26.44
8581,1266,2022,20,6891,18.88
8582,1266,2023,19,6458,17.69
8583,1266,2024,26,9370,25.67
8584,1266,2025,23,10654,29.19
8585,1267,2021,5,4782,13.1
8586,1267,2022,8,2530,6.93
8587,1267,2023,11,3621,9.92
8588,1267,2024,10,2656,7.28
8589,1267,2025,14,4919,13.48
8590,1268,2019,43,11252,30.83
8591,1268,2020,49,10895,29.85
8592,1268,2021,43,9409,25.78
8593,1268,2022,68,16336,44.76
8594,1268,2023,77,21186,58.04
8595,1268,2024,93,25791,70.66
8596,1268,2025,104,28057,76.87
8597,1269,2023,1,283,0.78
8598,1269,2024,52,21870,59.92
8599,1269,2025,48,22174,60.75
8600,1270,2012,1,672,1.84
8601,1270,2013,0,0,0.0
8602,1270,2014,1,1444,3.96
8603,1270,2015,0,0,0.0
8604,1270,2016,0,0,0.0
8605,1270,2017,0,0,0.0
8606,1270,2018,0,0,0.0
8607,1270,2019,0,0,0.0
8608,1270,2020,18,4441,12.17
8609,1270,2021,8,2336,6.4
8610,1270,2022,26,6290,17.23
8611,1270,2023,100,24814,67.98
8612,1270,2024,123,33208,90.98
8613,1270,2025,52,16311,44.69
8614,1271,2022,6,2793,7.65
8615,1271,2023,33,12094,33.13
8616,1271,2024,26,8799,24.11
8617,1271,2025,7,2386,6.54
8618,1272,1999,3,1333,3.65
8619,1272,2000,1,240,0.66
8620,1272,2001,2,429,1.18
8621,1272,2002,7,3569,9.78
8622,1272,2003,13,6126,16.78
8623,1272,2004,2,812,2.22
8624,1272,2005,10,7096,19.44
8625,1272,2006,3,1469,4.02
8626,1272,2007,1,313,0.86
8627,1272,2008,5,1645,4.51
8628,1272,2009,8,3945,10.81
8629,1272,2010,12,4183,11.46
8630,1272,2011,9,2977,8.16
8631,1272,2012,20,8478,23.23
8632,1272,2013,30,13582,37.21
8633,1272,2014,40,14200,38.9
8634,1272,2015,50,19303,52.88
8635,1272,2016,55,18474,50.61
8636,1272,2017,50,14611,40.03
8637,1272,2018,54,16350,44.79
8638,1272,2019,17,4758,13.04
8639,1272,2020,31,10140,27.78
8640,1272,2021,73,22302,61.1
8641,1272,2022,50,13917,38.13
8642,1272,2023,57,19845,54.37
8643,1272,2024,50,14845,40.67
8644,1272,2025,47,12769,34.98
8645,1273,2021,20,8130,22.27
8646,1273,2022,34,14038,38.46
8647,1273,2023,35,12663,34.69
8648,1273,2024,151,43458,119.06
8649,1273,2025,269,70401,192.88
8650,1274,2024,74,33553,91.93
8651,1274,2025,96,37312,102.22
8652,1275,2014,9,3424,9.38
8653,1275,2015,9,4040,11.07
8654,1275,2016,29,4621,12.66
8655,1275,2017,1,384,1.05
8656,1275,2018,2,538,1.47
8657,1275,2019,5,2064,5.65
8658,1275,2020,41,12332,33.79
8659,1275,2021,42,12821,35.13
8660,1275,2022,13,2683,7.35
8661,1275,2023,25,6853,18.78
8662,1275,2024,43,12488,34.21
8663,1275,2025,48,18107,49.61
8664,1276,2025,29,4688,12.84
8665,1277,2022,2,884,2.42
8666,1277,2023,2,694,1.9
8667,1277,2024,88,35571,97.45
8668,1277,2025,394,151020,413.75
8669,1278,2025,21,6751,18.5
8670,1279,2015,1,784,2.15
8671,1279,2016,0,0,0.0
8672,1279,2017,2,893,2.45
8673,1279,2018,0,0,0.0
8674,1279,2019,2,802,2.2
8675,1279,2020,8,3181,8.72
8676,1279,2021,70,24924,68.28
8677,1279,2022,84,31439,86.13
8678,1279,2023,141,49292,135.05
8679,1279,2024,133,50470,138.27
8680,1279,2025,116,44410,121.67
8681,1280,2013,1,336,0.92
8682,1280,2014,0,0,0.0
8683,1280,2015,0,0,0.0
8684,1280,2016,0,0,0.0
8685,1280,2017,0,0,0.0
8686,1280,2018,0,0,0.0
8687,1280,2019,0,0,0.0
8688,1280,2020,0,0,0.0
8689,1280,2021,0,0,0.0
8690,1280,2022,0,0,0.0
8691,1280,2023,0,0,0.0
8692,1280,2024,37,11535,31.6
8693,1280,2025,43,11699,32.05
8694,1281,2018,3,1249,3.42
8695,1281,2019,0,0,0.0
8696,1281,2020,0,0,0.0
8697,1281,2021,2,744,2.04
8698,1281,2022,63,29517,80.87
8699,1281,2023,67,29945,82.04
8700,1281,2024,86,41172,112.8
8701,1281,2025,87,36694,100.53
8702,1282,2022,29,7246,19.85
8703,1282,2023,16,4751,13.02
8704,1282,2024,35,10341,28.33
8705,1282,2025,192,60636,166.13
8706,1283,2024,104,33946,93.0
8707,1283,2025,100,32534,89.13
8708,1284,2016,1,64,0.18
8709,1284,2017,0,0,0.0
8710,1284,2018,0,0,0.0
8711,1284,2019,2,678,1.86
8712,1284,2020,5,1458,3.99
8713,1284,2021,8,2780,7.62
8714,1284,2022,1,196,0.54
8715,1284,2023,2,638,1.75
8716,1284,2024,34,11585,31.74
8717,1284,2025,164,66566,182.37
8718,1285,2021,1,559,1.53
8719,1285,2022,1,500,1.37
8720,1285,2023,27,14316,39.22
8721,1285,2024,25,10279,28.16
8722,1285,2025,21,8541,23.4
8723,1286,2024,70,20836,57.08
8724,1286,2025,87,26506,72.62
8725,1287,2024,54,22090,60.52
8726,1287,2025,50,19672,53.9
8727,1288,2021,1,224,0.61
8728,1288,2022,5,1536,4.21
8729,1288,2023,2,450,1.23
8730,1288,2024,5,1620,4.44
8731,1288,2025,17,7929,21.72
8732,1289,2025,48,18849,51.64
8733,1290,2021,4,1223,3.35
8734,1290,2022,7,2486,6.81
8735,1290,2023,10,4005,10.97
8736,1290,2024,6,2148,5.88
8737,1290,2025,6,1957,5.36
8738,1291,2018,46,19335,52.97
8739,1291,2019,38,15968,43.75
8740,1291,2020,29,11649,31.92
8741,1291,2021,0,0,0.0
8742,1291,2022,0,0,0.0
8743,1291,2023,29,10142,27.79
8744,1291,2024,46,18332,50.22
8745,1291,2025,35,13288,36.41
8746,1292,2021,5,2101,5.76
8747,1292,2022,0,0,0.0
8748,1292,2023,4,2228,6.1
8749,1292,2024,11,4348,11.91
8750,1292,2025,19,8078,22.13
8751,1293,2023,1,784,2.15
8752,1293,2024,24,9907,27.14
8753,1293,2025,13,5043,13.82
8754,1294,2012,76,27152,74.39
8755,1294,2013,183,59765,163.74
8756,1294,2014,175,53049,145.34
8757,1294,2015,156,49122,134.58
8758,1294,2016,154,49611,135.92
8759,1294,2017,120,40476,110.89
8760,1294,2018,113,38986,106.81
8761,1294,2019,139,44776,122.67
8762,1294,2020,117,38948,106.71
8763,1294,2021,64,20568,56.35
8764,1294,2022,1,259,0.71
8765,1294,2023,100,32226,88.29
8766,1294,2024,90,31067,85.12
8767,1294,2025,98,32662,89.48
8768,1295,2020,1,336,0.92
8769,1295,2021,0,0,0.0
8770,1295,2022,116,38329,105.01
8771,1295,2023,169,60100,164.66
8772,1295,2024,190,56196,153.96
8773,1295,2025,121,32567,89.22
8774,1296,2018,1,408,1.12
8775,1296,2019,0,0,0.0
8776,1296,2020,0,0,0.0
8777,1296,2021,0,0,0.0
8778,1296,2022,0,0,0.0
8779,1296,2023,0,0,0.0
8780,1296,2024,0,0,0.0
8781,1296,2025,28,11615,31.82
8782,1297,2013,7,3422,9.38
8783,1297,2014,1,372,1.02
8784,1297,2015,0,0,0.0
8785,1297,2016,0,0,0.0
8786,1297,2017,0,0,0.0
8787,1297,2018,0,0,0.0
8788,1297,2019,0,0,0.0
8789,1297,2020,0,0,0.0
8790,1297,2021,29,11316,31.0
8791,1297,2022,186,81572,223.48
8792,1297,2023,166,67523,184.99
8793,1297,2024,164,62864,172.23
8794,1297,2025,98,41855,114.67
8795,1298,2024,11,2567,7.03
8796,1298,2025,153,46585,127.63
8797,1299,2025,196,82057,224.81
8798,1300,2020,4,686,1.88
8799,1300,2021,3,902,2.47
8800,1300,2022,13,4758,13.04
8801,1300,2023,17,6868,18.82
8802,1300,2024,21,7337,20.1
8803,1300,2025,17,6150,16.85
8804,1301,2020,10,2890,7.92
8805,1301,2021,60,20357,55.77
8806,1301,2022,76,26672,73.07
8807,1301,2023,52,19595,53.68
8808,1301,2024,41,14455,39.6
8809,1301,2025,60,22877,62.68
8810,1302,2020,51,15907,43.58
8811,1302,2021,61,19060,52.22
8812,1302,2022,60,18955,51.93
8813,1302,2023,94,30283,82.97
8814,1302,2024,93,30969,84.85
8815,1302,2025,77,30046,82.32
8816,1303,2021,1,944,2.59
8817,1303,2022,2,768,2.1
8818,1303,2023,0,0,0.0
8819,1303,2024,12,4040,11.07
8820,1303,2025,59,19878,54.46
8821,1304,2002,1,309,0.85
8822,1304,2003,0,0,0.0
8823,1304,2004,0,0,0.0
8824,1304,2005,2,520,1.42
8825,1304,2006,2,488,1.34
8826,1304,2007,20,6398,17.53
8827,1304,2008,117,33600,92.05
8828,1304,2009,53,14776,40.48
8829,1304,2010,7,3284,9.0
8830,1304,2011,23,7779,21.31
8831,1304,2012,56,20995,57.52
8832,1304,2013,136,48186,132.02
8833,1304,2014,142,50761,139.07
8834,1304,2015,116,41261,113.04
8835,1304,2016,118,39305,107.68
8836,1304,2017,106,38293,104.91
8837,1304,2018,109,40504,110.97
8838,1304,2019,140,47025,128.84
8839,1304,2020,192,60365,165.38
8840,1304,2021,202,60699,166.3
8841,1304,2022,200,58853,161.24
8842,1304,2023,189,59430,162.82
8843,1304,2024,100,32747,89.72
8844,1304,2025,121,51242,140.39
8845,1305,1995,1,232,0.64
8846,1305,1996,0,0,0.0
8847,1305,1997,0,0,0.0
8848,1305,1998,0,0,0.0
8849,1305,1999,1,336,0.92
8850,1305,2000,0,0,0.0
8851,1305,2001,0,0,0.0
8852,1305,2002,0,0,0.0
8853,1305,2003,0,0,0.0
8854,1305,2004,0,0,0.0
8855,1305,2005,2,1232,3.38
8856,1305,2006,0,0,0.0
8857,1305,2007,3,1280,3.51
8858,1305,2008,8,3280,8.99
8859,1305,2009,3,1607,4.4
8860,1305,2010,5,2457,6.73
8861,1305,2011,1,0,0.0
8862,1305,2012,1,475,1.3
8863,1305,2013,0,0,0.0
8864,1305,2014,0,0,0.0
8865,1305,2015,0,0,0.0
8866,1305,2016,4,1617,4.43
8867,1305,2017,0,0,0.0
8868,1305,2018,0,0,0.0
8869,1305,2019,2,826,2.26
8870,1305,2020,1,369,1.01
8871,1305,2021,13,3561,9.76
8872,1305,2022,9,3857,10.57
8873,1305,2023,6,2291,6.28
8874,1305,2024,3,1020,2.79
8875,1305,2025,24,7131,19.54
8876,1306,2000,1,32,0.09
8877,1306,2001,0,0,0.0
8878,1306,2002,0,0,0.0
8879,1306,2003,0,0,0.0
8880,1306,2004,0,0,0.0
8881,1306,2005,0,0,0.0
8882,1306,2006,0,0,0.0
8883,1306,2007,0,0,0.0
8884,1306,2008,0,0,0.0
8885,1306,2009,1,253,0.69
8886,1306,2010,0,0,0.0
8887,1306,2011,0,0,0.0
8888,1306,2012,0,0,0.0
8889,1306,2013,1,461,1.26
8890,1306,2014,0,0,0.0
8891,1306,2015,0,0,0.0
8892,1306,2016,0,0,0.0
8893,1306,2017,2,1008,2.76
8894,1306,2018,12,3255,8.92
8895,1306,2019,6,2056,5.63
8896,1306,2020,46,16750,45.89
8897,1306,2021,52,16711,45.78
8898,1306,2022,260,59380,162.68
8899,1306,2023,246,64594,176.97
8900,1306,2024,176,57040,156.27
8901,1306,2025,167,59099,161.92
8902,1307,2018,4,1440,3.95
8903,1307,2019,152,47813,130.99
8904,1307,2020,137,46570,127.59
8905,1307,2021,137,39410,107.97
8906,1307,2022,76,22332,61.18
8907,1307,2023,99,23271,63.76
8908,1307,2024,58,15736,43.11
8909,1307,2025,76,21298,58.35
8910,1308,2024,8,2897,7.94
8911,1308,2025,85,30233,82.83
8912,1309,2019,2,1116,3.06
8913,1309,2020,0,0,0.0
8914,1309,2021,187,61578,168.71
8915,1309,2022,182,72285,198.04
8916,1309,2023,175,65754,180.15
8917,1309,2024,250,97619,267.45
8918,1309,2025,202,77976,213.63
8919,1310,2012,47,18132,49.68
8920,1310,2013,7,2741,7.51
8921,1310,2014,17,9975,27.33
8922,1310,2015,78,21847,59.85
8923,1310,2016,95,39837,109.14
8924,1310,2017,92,31036,85.03
8925,1310,2018,45,15941,43.67
8926,1310,2019,36,13769,37.72
8927,1310,2020,16,4309,11.81
8928,1310,2021,7,3023,8.28
8929,1310,2022,18,7843,21.49
8930,1310,2023,111,40620,111.29
8931,1310,2024,184,73240,200.66
8932,1310,2025,83,36005,98.64
8933,1311,2023,52,21251,58.22
8934,1311,2024,88,31522,86.36
8935,1311,2025,85,28535,78.18
8936,1312,2023,175,64257,176.05
8937,1312,2024,366,120397,329.85
8938,1312,2025,317,101925,279.25
8939,1313,2023,1,320,0.88
8940,1313,2024,41,14932,40.91
8941,1313,2025,50,16416,44.98
8942,1314,2023,21,9456,25.91
8943,1314,2024,26,13625,37.33
8944,1314,2025,21,7775,21.3
8945,1315,2023,13,4134,11.33
8946,1315,2024,13,4299,11.78
8947,1315,2025,16,4570,12.52
8948,1316,2025,9,3209,8.79
8949,1317,2023,1,449,1.23
8950,1317,2024,7,2573,7.05
8951,1317,2025,29,9579,26.24
8952,1318,2022,9,3917,10.73
8953,1318,2023,8,3895,10.67
8954,1318,2024,110,45003,123.3
8955,1318,2025,75,33929,92.96
8956,1319,2023,28,9920,27.18
8957,1319,2024,31,17214,47.16
8958,1319,2025,72,29904,81.93
8959,1320,2010,2,441,1.21
8960,1320,2011,1,289,0.79
8961,1320,2012,0,0,0.0
8962,1320,2013,1,384,1.05
8963,1320,2014,1,256,0.7
8964,1320,2015,9,2359,6.46
8965,1320,2016,12,2519,6.9
8966,1320,2017,4,1115,3.05
8967,1320,2018,4,849,2.33
8968,1320,2019,39,8042,22.03
8969,1320,2020,25,5871,16.08
8970,1320,2021,27,7244,19.85
8971,1320,2022,19,4732,12.96
8972,1320,2023,66,12811,35.1
8973,1320,2024,69,18874,51.71
8974,1320,2025,45,19172,52.53
8975,1321,1993,1,389,1.07
8976,1321,1994,0,0,0.0
8977,1321,1995,0,0,0.0
8978,1321,1996,0,0,0.0
8979,1321,1997,0,0,0.0
8980,1321,1998,0,0,0.0
8981,1321,1999,0,0,0.0
8982,1321,2000,0,0,0.0
8983,1321,2001,0,0,0.0
8984,1321,2002,0,0,0.0
8985,1321,2003,0,0,0.0
8986,1321,2004,2,686,1.88
8987,1321,2005,4,1220,3.34
8988,1321,2006,1,319,0.87
8989,1321,2007,4,1898,5.2
8990,1321,2008,1,226,0.62
8991,1321,2009,2,672,1.84
8992,1321,2010,0,0,0.0
8993,1321,2011,0,0,0.0
8994,1321,2012,17,4928,13.5
8995,1321,2013,34,10943,29.98
8996,1321,2014,25,8336,22.84
8997,1321,2015,4,1450,3.97
8998,1321,2016,0,0,0.0
8999,1321,2017,12,3441,9.43
9000,1321,2018,14,4092,11.21
9001,1321,2019,36,8826,24.18
9002,1321,2020,33,9463,25.93
9003,1321,2021,28,8789,24.08
9004,1321,2022,11,3754,10.28
9005,1321,2023,4,1136,3.11
9006,1321,2024,16,6151,16.85
9007,1321,2025,30,6958,19.06
9008,1322,2011,20,7311,20.03
9009,1322,2012,5,2295,6.29
9010,1322,2013,0,0,0.0
9011,1322,2014,4,1225,3.36
9012,1322,2015,13,5651,15.48
9013,1322,2016,19,4761,13.04
9014,1322,2017,4,1324,3.63
9015,1322,2018,12,4492,12.31
9016,1322,2019,17,6287,17.22
9017,1322,2020,21,8312,22.77
9018,1322,2021,16,5457,14.95
9019,1322,2022,11,4781,13.1
9020,1322,2023,41,13276,36.37
9021,1322,2024,105,33148,90.82
9022,1322,2025,89,30942,84.77
9023,1323,2025,61,24431,66.93
9024,1324,2025,81,23691,64.91
9025,1325,2025,23,8868,24.3
9026,1326,2011,1,346,0.95
9027,1326,2012,13,5472,14.99
9028,1326,2013,34,12584,34.48
9029,1326,2014,29,12857,35.22
9030,1326,2015,48,17567,48.13
9031,1326,2016,100,20816,57.03
9032,1326,2017,26,6857,18.79
9033,1326,2018,146,38987,106.81
9034,1326,2019,148,44821,122.8
9035,1326,2020,121,35666,97.72
9036,1326,2021,43,12005,32.89
9037,1326,2022,183,46202,126.58
9038,1326,2023,253,60685,166.26
9039,1326,2024,200,51633,141.46
9040,1326,2025,167,47222,129.38
9041,1327,2011,10,5217,14.29
9042,1327,2012,0,0,0.0
9043,1327,2013,113,50611,138.66
9044,1327,2014,133,50743,139.02
9045,1327,2015,139,49976,136.92
9046,1327,2016,145,50887,139.42
9047,1327,2017,176,58221,159.51
9048,1327,2018,122,37232,102.01
9049,1327,2019,78,25957,71.12
9050,1327,2020,42,13880,38.03
9051,1327,2021,1,332,0.91
9052,1327,2022,0,0,0.0
9053,1327,2023,0,0,0.0
9054,1327,2024,0,0,0.0
9055,1327,2025,113,32176,88.15
9056,1328,2021,5,1724,4.72
9057,1328,2022,14,4054,11.11
9058,1328,2023,1,337,0.92
9059,1328,2024,2,776,2.13
9060,1328,2025,27,7945,21.77
9061,1329,2011,31,14774,40.48
9062,1329,2012,36,14264,39.08
9063,1329,2013,22,7927,21.72
9064,1329,2014,10,4199,11.5
9065,1329,2015,13,4272,11.7
9066,1329,2016,11,3990,10.93
9067,1329,2017,14,5886,16.13
9068,1329,2018,31,13741,37.65
9069,1329,2019,48,17910,49.07
9070,1329,2020,43,17853,48.91
9071,1329,2021,44,16326,44.73
9072,1329,2022,42,16185,44.34
9073,1329,2023,80,27140,74.36
9074,1329,2024,125,47020,128.82
9075,1329,2025,120,44644,122.31
9076,1330,2025,2,993,2.72
9077,1331,2025,1,503,1.38
9078,1332,2022,172,46956,128.65
9079,1332,2023,190,57073,156.36
9080,1332,2024,115,45618,124.98
9081,1332,2025,135,52727,144.46
9082,1333,2024,38,18917,51.83
9083,1333,2025,28,10297,28.21
9084,1334,2024,77,39095,107.11
9085,1334,2025,62,30638,83.94
9086,1335,2016,1,565,1.55
9087,1335,2017,0,0,0.0
9088,1335,2018,0,0,0.0
9089,1335,2019,1,565,1.55
9090,1335,2020,1,358,0.98
9091,1335,2021,3,1678,4.6
9092,1335,2022,73,27365,74.97
9093,1335,2023,115,46392,127.1
9094,1335,2024,84,34250,93.84
9095,1335,2025,100,39523,108.28
9096,1336,2018,4,1008,2.76
9097,1336,2019,101,23960,65.64
9098,1336,2020,110,32612,89.35
9099,1336,2021,46,16318,44.71
9100,1336,2022,33,8881,24.33
9101,1336,2023,30,7625,20.89
9102,1336,2024,52,13118,35.94
9103,1336,2025,31,7870,21.56
9104,1337,2022,1,361,0.99
9105,1337,2023,3,1226,3.36
9106,1337,2024,7,2642,7.24
9107,1337,2025,33,12421,34.03
9108,1338,2024,35,13566,37.17
9109,1338,2025,27,11338,31.06
9110,1339,2023,30,15370,42.11
9111,1339,2024,159,67702,185.48
9112,1339,2025,106,46079,126.24
9113,1340,2016,1,387,1.06
9114,1340,2017,0,669,1.83
9115,1340,2018,4,1701,4.66
9116,1340,2019,2,2669,7.31
9117,1340,2020,2,770,2.11
9118,1340,2021,6,1934,5.3
9119,1340,2022,18,5047,13.83
9120,1340,2023,23,6877,18.84
9121,1340,2024,22,6157,16.87
9122,1340,2025,14,4256,11.66
9123,1341,2012,32,9959,27.28
9124,1341,2013,21,7345,20.12
9125,1341,2014,14,4615,12.64
9126,1341,2015,12,4025,11.03
9127,1341,2016,9,2977,8.16
9128,1341,2017,2,642,1.76
9129,1341,2018,0,0,0.0
9130,1341,2019,8,3020,8.27
9131,1341,2020,2,816,2.24
9132,1341,2021,0,0,0.0
9133,1341,2022,0,0,0.0
9134,1341,2023,7,2597,7.12
9135,1341,2024,33,10672,29.24
9136,1341,2025,38,13959,38.24
9137,1342,2025,46,15331,42.0
9138,1343,2014,1,307,0.84
9139,1343,2015,3,600,1.64
9140,1343,2016,1,300,0.82
9141,1343,2017,8,2544,6.97
9142,1343,2018,4,1425,3.9
9143,1343,2019,0,0,0.0
9144,1343,2020,4,1017,2.79
9145,1343,2021,0,0,0.0
9146,1343,2022,0,0,0.0
9147,1343,2023,0,0,0.0
9148,1343,2024,16,4885,13.38
9149,1343,2025,53,9641,26.41
9150,1344,2013,1,442,1.21
9151,1344,2014,1,374,1.02
9152,1344,2015,0,0,0.0
9153,1344,2016,0,0,0.0
9154,1344,2017,0,0,0.0
9155,1344,2018,3,834,2.28
9156,1344,2019,28,9374,25.68
9157,1344,2020,62,16332,44.75
9158,1344,2021,27,6858,18.79
9159,1344,2022,33,10556,28.92
9160,1344,2023,26,9376,25.69
9161,1344,2024,28,10171,27.87
9162,1344,2025,39,12178,33.36
9163,1345,2010,1,320,0.88
9164,1345,2011,3,939,2.57
9165,1345,2012,1,219,0.6
9166,1345,2013,0,0,0.0
9167,1345,2014,0,0,0.0
9168,1345,2015,0,0,0.0
9169,1345,2016,2,568,1.56
9170,1345,2017,2,648,1.78
9171,1345,2018,2,347,0.95
9172,1345,2019,8,4098,11.23
9173,1345,2020,11,3559,9.75
9174,1345,2021,15,3282,8.99
9175,1345,2022,18,6051,16.58
9176,1345,2023,12,3630,9.95
9177,1345,2024,9,4486,12.29
9178,1345,2025,24,12614,34.56
9179,1346,2023,104,37583,102.97
9180,1346,2024,120,42408,116.19
9181,1346,2025,91,28563,78.25
9182,1347,2025,74,24355,66.73
9183,1348,2016,4,796,2.18
9184,1348,2017,20,5431,14.88
9185,1348,2018,16,5335,14.62
9186,1348,2019,12,4938,13.53
9187,1348,2020,10,3358,9.2
9188,1348,2021,11,3364,9.22
9189,1348,2022,5,1965,5.38
9190,1348,2023,4,856,2.35
9191,1348,2024,3,784,2.15
9192,1348,2025,7,2465,6.75
9193,1349,2020,64,22916,62.78
9194,1349,2021,66,23165,63.47
9195,1349,2022,152,53367,146.21
9196,1349,2023,150,50381,138.03
9197,1349,2024,134,46731,128.03
9198,1349,2025,119,43089,118.05
9199,1350,2023,1,176,0.48
9200,1350,2024,3,1167,3.2
9201,1350,2025,1,320,0.88
9202,1351,2024,10,3418,9.36
9203,1351,2025,35,12561,34.41
9204,1352,2014,6,1726,4.73
9205,1352,2015,12,2819,7.72
9206,1352,2016,12,3643,9.98
9207,1352,2017,3,934,2.56
9208,1352,2018,8,3036,8.32
9209,1352,2019,1,368,1.01
9210,1352,2020,3,1000,2.74
9211,1352,2021,2,336,0.92
9212,1352,2022,24,8426,23.08
9213,1352,2023,17,4969,13.61
9214,1352,2024,6,1524,4.18
9215,1352,2025,123,32740,89.7
9216,1353,2023,85,32464,88.94
9217,1353,2024,108,41484,113.65
9218,1353,2025,106,39329,107.75
9219,1354,2005,1,503,1.38
9220,1354,2006,0,0,0.0
9221,1354,2007,0,0,0.0
9222,1354,2008,0,0,0.0
9223,1354,2009,0,0,0.0
9224,1354,2010,3,1155,3.16
9225,1354,2011,1,487,1.33
9226,1354,2012,0,0,0.0
9227,1354,2013,0,0,0.0
9228,1354,2014,0,0,0.0
9229,1354,2015,0,0,0.0
9230,1354,2016,0,0,0.0
9231,1354,2017,0,0,0.0
9232,1354,2018,0,0,0.0
9233,1354,2019,0,0,0.0
9234,1354,2020,0,0,0.0
9235,1354,2021,25,11262,30.85
9236,1354,2022,20,8985,24.62
9237,1354,2023,32,14094,38.61
9238,1354,2024,43,17766,48.67
9239,1354,2025,65,22512,61.68
9240,1355,2020,1,416,1.14
9241,1355,2021,0,0,0.0
9242,1355,2022,18,2526,6.92
9243,1355,2023,36,7335,20.1
9244,1355,2024,41,12234,33.52
9245,1355,2025,59,11259,30.85
9246,1356,2013,2,686,1.88
9247,1356,2014,52,13912,38.12
9248,1356,2015,76,17006,46.59
9249,1356,2016,36,7181,19.67
9250,1356,2017,33,5350,14.66
9251,1356,2018,0,0,0.0
9252,1356,2019,0,0,0.0
9253,1356,2020,12,3139,8.6
9254,1356,2021,34,11329,31.04
9255,1356,2022,19,3622,9.92
9256,1356,2023,2,535,1.47
9257,1356,2024,81,19370,53.07
9258,1356,2025,101,31778,87.06
9259,1357,2022,3,1238,3.39
9260,1357,2023,0,0,0.0
9261,1357,2024,54,19676,53.91
9262,1357,2025,44,15350,42.05
9263,1358,2024,1,416,1.14
9264,1358,2025,70,23367,64.02
9265,1359,2023,221,77526,212.4
9266,1359,2024,363,129386,354.48
9267,1359,2025,218,76592,209.84
9268,1360,2021,4,3110,8.52
9269,1360,2022,11,5372,14.72
9270,1360,2023,66,22592,61.9
9271,1360,2024,77,29453,80.69
9272,1360,2025,75,28477,78.02
9273,1361,2012,21,7614,20.86
9274,1361,2013,24,8323,22.8
9275,1361,2014,10,3357,9.2
9276,1361,2015,16,5788,15.86
9277,1361,2016,2,612,1.68
9278,1361,2017,8,2727,7.47
9279,1361,2018,0,0,0.0
9280,1361,2019,11,4335,11.88
9281,1361,2020,14,5493,15.05
9282,1361,2021,21,7821,21.43
9283,1361,2022,20,7115,19.49
9284,1361,2023,44,16298,44.65
9285,1361,2024,108,38181,104.61
9286,1361,2025,88,32635,89.41
9287,1362,2022,1,409,1.12
9288,1362,2023,18,7360,20.16
9289,1362,2024,34,13942,38.2
9290,1362,2025,46,19146,52.45
9291,1363,2025,32,9506,26.04
9292,1364,2024,54,16431,45.02
9293,1364,2025,49,18131,49.67
9294,1365,2023,111,33302,91.24
9295,1365,2024,134,38744,106.15
9296,1365,2025,53,16039,43.94
9297,1366,2022,30,10223,28.01
9298,1366,2023,8,2633,7.21
9299,1366,2024,39,11819,32.38
9300,1366,2025,24,7238,19.83
9301,1367,2018,55,18337,50.24
9302,1367,2019,71,22494,61.63
9303,1367,2020,83,27613,75.65
9304,1367,2021,79,27147,74.38
9305,1367,2022,106,36486,99.96
9306,1367,2023,90,30523,83.62
9307,1367,2024,115,37379,102.41
9308,1367,2025,91,30754,84.26
9309,1368,2018,7,2380,6.52
9310,1368,2019,70,20063,54.97
9311,1368,2020,36,10228,28.02
9312,1368,2021,47,11287,30.92
9313,1368,2022,150,43941,120.39
9314,1368,2023,22,5153,14.12
9315,1368,2024,11,2328,6.38
9316,1368,2025,20,5142,14.09
9317,1369,2025,31,9026,24.73
9318,1370,2020,1,97,0.27
9319,1370,2021,1,256,0.7
9320,1370,2022,1,288,0.79
9321,1370,2023,26,11167,30.59
9322,1370,2024,93,35886,98.32
9323,1370,2025,98,32712,89.62
9324,1371,2013,45,14351,39.32
9325,1371,2014,45,14413,39.49
9326,1371,2015,33,11726,32.13
9327,1371,2016,18,6010,16.47
9328,1371,2017,29,6900,18.9
9329,1371,2018,34,9268,25.39
9330,1371,2019,48,14927,40.9
9331,1371,2020,74,16851,46.17
9332,1371,2021,86,17607,48.24
9333,1371,2022,80,19634,53.79
9334,1371,2023,76,24699,67.67
9335,1371,2024,82,29450,80.68
9336,1371,2025,77,24855,68.1
9337,1372,2012,5,1991,5.45
9338,1372,2013,2,597,1.64
9339,1372,2014,0,0,0.0
9340,1372,2015,0,0,0.0
9341,1372,2016,1,480,1.32
9342,1372,2017,1,305,0.84
9343,1372,2018,2,504,1.38
9344,1372,2019,3,1601,4.39
9345,1372,2020,20,7921,21.7
9346,1372,2021,37,14733,40.36
9347,1372,2022,48,17994,49.3
9348,1372,2023,59,21672,59.38
9349,1372,2024,67,24867,68.13
9350,1372,2025,163,59461,162.91
9351,1373,2021,106,32785,89.82
9352,1373,2022,133,42000,115.07
9353,1373,2023,86,25939,71.07
9354,1373,2024,121,41550,113.84
9355,1373,2025,104,32238,88.32
9356,1374,2024,37,15290,41.89
9357,1374,2025,18,8365,22.92
9358,1375,2019,3,1289,3.53
9359,1375,2020,7,2835,7.77
9360,1375,2021,17,6150,16.85
9361,1375,2022,8,2717,7.44
9362,1375,2023,26,9853,26.99
9363,1375,2024,45,18250,50.0
9364,1375,2025,73,27310,74.82
9365,1376,2001,1,309,0.85
9366,1376,2002,5,1697,4.65
9367,1376,2003,5,1641,4.5
9368,1376,2004,6,2553,6.99
9369,1376,2005,1,870,2.38
9370,1376,2006,1,652,1.79
9371,1376,2007,3,1687,4.62
9372,1376,2008,3,1020,2.79
9373,1376,2009,2,880,2.41
9374,1376,2010,0,0,0.0
9375,1376,2011,1,596,1.63
9376,1376,2012,0,0,0.0
9377,1376,2013,0,0,0.0
9378,1376,2014,0,0,0.0
9379,1376,2015,3,1280,3.51
9380,1376,2016,2,805,2.21
9381,1376,2017,0,0,0.0
9382,1376,2018,2,971,2.66
9383,1376,2019,11,4903,13.43
9384,1376,2020,8,4015,11.0
9385,1376,2021,1,272,0.75
9386,1376,2022,4,2767,7.58
9387,1376,2023,47,22725,62.26
9388,1376,2024,59,24722,67.73
9389,1376,2025,59,24859,68.11
9390,1377,2022,74,25781,70.63
9391,1377,2023,76,25608,70.16
9392,1377,2024,99,37927,103.91
9393,1377,2025,99,35715,97.85
9394,1378,2025,18,7223,19.79
9395,1379,2019,1,319,0.87
9396,1379,2020,3,949,2.6
9397,1379,2021,15,5438,14.9
9398,1379,2022,2,526,1.44
9399,1379,2023,8,2937,8.05
9400,1379,2024,2,1148,3.15
9401,1379,2025,13,4103,11.24
9402,1380,2018,2,1058,2.9
9403,1380,2019,0,0,0.0
9404,1380,2020,0,0,0.0
9405,1380,2021,82,30305,83.03
9406,1380,2022,91,34385,94.21
9407,1380,2023,20,8150,22.33
9408,1380,2024,54,21905,60.01
9409,1380,2025,180,75718,207.45
9410,1381,2021,61,23630,64.74
9411,1381,2022,8,3958,10.84
9412,1381,2023,114,58256,159.61
9413,1381,2024,119,45319,124.16
9414,1381,2025,88,37151,101.78
9415,1382,2024,1,390,1.07
9416,1382,2025,57,22912,62.77
9417,1383,2019,1,233,0.64
9418,1383,2020,0,0,0.0
9419,1383,2021,0,0,0.0
9420,1383,2022,0,0,0.0
9421,1383,2023,7,2483,6.8
9422,1383,2024,20,7074,19.38
9423,1383,2025,52,17836,48.87
9424,1384,2024,13,4491,12.3
9425,1384,2025,51,15855,43.44
9426,1385,2011,2,597,1.64
9427,1385,2012,0,0,0.0
9428,1385,2013,0,0,0.0
9429,1385,2014,0,0,0.0
9430,1385,2015,0,0,0.0
9431,1385,2016,6,2167,5.94
9432,1385,2017,5,1480,4.05
9433,1385,2018,13,4046,11.08
9434,1385,2019,7,2594,7.11
9435,1385,2020,1,384,1.05
9436,1385,2021,0,0,0.0
9437,1385,2022,0,0,0.0
9438,1385,2023,0,0,0.0
9439,1385,2024,104,27997,76.7
9440,1385,2025,154,53070,145.4
9441,1386,2013,65,15108,41.39
9442,1386,2014,8,3213,8.8
9443,1386,2015,28,8904,24.39
9444,1386,2016,54,17259,47.28
9445,1386,2017,54,17596,48.21
9446,1386,2018,50,15097,41.36
9447,1386,2019,43,12025,32.95
9448,1386,2020,5,1830,5.01
9449,1386,2021,6,1955,5.36
9450,1386,2022,18,5774,15.82
9451,1386,2023,5,1393,3.82
9452,1386,2024,12,2842,7.79
9453,1386,2025,32,11397,31.22
9454,1387,2023,1,304,0.83
9455,1387,2024,26,8634,23.65
9456,1387,2025,65,22056,60.43
9457,1388,2023,2,415,1.14
9458,1388,2024,48,16562,45.38
9459,1388,2025,53,18591,50.93
9460,1389,1995,1,195,0.53
9461,1389,1996,0,0,0.0
9462,1389,1997,0,0,0.0
9463,1389,1998,0,0,0.0
9464,1389,1999,0,0,0.0
9465,1389,2000,0,0,0.0
9466,1389,2001,0,0,0.0
9467,1389,2002,0,0,0.0
9468,1389,2003,0,0,0.0
9469,1389,2004,0,0,0.0
9470,1389,2005,0,0,0.0
9471,1389,2006,0,0,0.0
9472,1389,2007,0,0,0.0
9473,1389,2008,0,0,0.0
9474,1389,2009,0,0,0.0
9475,1389,2010,0,0,0.0
9476,1389,2011,0,0,0.0
9477,1389,2012,0,0,0.0
9478,1389,2013,0,0,0.0
9479,1389,2014,0,0,0.0
9480,1389,2015,0,0,0.0
9481,1389,2016,0,0,0.0
9482,1389,2017,47,15512,42.5
9483,1389,2018,113,33990,93.12
9484,1389,2019,141,37853,103.71
9485,1389,2020,157,43610,119.48
9486,1389,2021,146,36347,99.58
9487,1389,2022,159,43347,118.76
9488,1389,2023,159,50585,138.59
9489,1389,2024,200,70889,194.22
9490,1389,2025,219,78652,215.48
9491,1390,2020,44,17523,48.01
9492,1390,2021,181,69223,189.65
9493,1390,2022,192,69524,190.48
9494,1390,2023,186,61559,168.65
9495,1390,2024,163,59696,163.55
9496,1390,2025,149,48149,131.92
9497,1391,2014,1,178,0.49
9498,1391,2015,0,0,0.0
9499,1391,2016,0,0,0.0
9500,1391,2017,1,172,0.47
9501,1391,2018,1,40,0.11
9502,1391,2019,24,9321,25.54
9503,1391,2020,9,1556,4.26
9504,1391,2021,42,13734,37.63
9505,1391,2022,26,7045,19.3
9506,1391,2023,22,6244,17.11
9507,1391,2024,56,15745,43.14
9508,1391,2025,545,22012,60.31
9509,1392,2025,24,10316,28.26
9510,1393,2024,108,45186,123.8
9511,1393,2025,96,35155,96.32
9512,1394,2014,1,336,0.92
9513,1394,2015,0,0,0.0
9514,1394,2016,0,0,0.0
9515,1394,2017,6,3408,9.34
9516,1394,2018,0,0,0.0
9517,1394,2019,0,0,0.0
9518,1394,2020,0,0,0.0
9519,1394,2021,1,400,1.1
9520,1394,2022,35,11542,31.62
9521,1394,2023,17,4659,12.76
9522,1394,2024,1,168,0.46
9523,1394,2025,4,1114,3.05
9524,1395,2009,3,2123,5.82
9525,1395,2010,3,1155,3.16
9526,1395,2011,2,392,1.07
9527,1395,2012,9,4001,10.96
9528,1395,2013,0,0,0.0
9529,1395,2014,0,0,0.0
9530,1395,2015,1,387,1.06
9531,1395,2016,0,0,0.0
9532,1395,2017,0,0,0.0
9533,1395,2018,21,6813,18.67
9534,1395,2019,7,2546,6.98
9535,1395,2020,6,2430,6.66
9536,1395,2021,18,6707,18.38
9537,1395,2022,13,4240,11.62
9538,1395,2023,11,3800,10.41
9539,1395,2024,6,2634,7.22
9540,1395,2025,30,12359,33.86
9541,1396,2023,2,770,2.11
9542,1396,2024,22,12323,33.76
9543,1396,2025,52,28511,78.11
9544,1397,2025,5,2213,6.06
9545,1398,2021,82,27158,74.41
9546,1398,2022,146,55213,151.27
9547,1398,2023,96,36088,98.87
9548,1398,2024,61,25203,69.05
9549,1398,2025,97,36461,99.89
9550,1399,2025,25,8941,24.5
9551,1400,2022,10,3364,9.22
9552,1400,2023,59,24592,67.38
9553,1400,2024,52,16622,45.54
9554,1400,2025,42,17086,46.81
9555,1401,2023,1,352,0.96
9556,1401,2024,32,9056,24.81
9557,1401,2025,15,5532,15.16
9558,1402,2011,60,18858,51.67
9559,1402,2012,113,37056,101.52
9560,1402,2013,117,39433,108.04
9561,1402,2014,132,42418,116.21
9562,1402,2015,110,35579,97.48
9563,1402,2016,98,30825,84.45
9564,1402,2017,125,34152,93.57
9565,1402,2018,97,30017,82.24
9566,1402,2019,87,27119,74.3
9567,1402,2020,151,48729,133.5
9568,1402,2021,140,40801,111.78
9569,1402,2022,137,41898,114.79
9570,1402,2023,150,47878,131.17
9571,1402,2024,130,44039,120.65
9572,1402,2025,124,40913,112.09
9573,1403,2017,12,3524,9.65
9574,1403,2018,31,12062,33.05
9575,1403,2019,29,11368,31.15
9576,1403,2020,44,15293,41.9
9577,1403,2021,32,10945,29.99
9578,1403,2022,48,17345,47.52
9579,1403,2023,75,27350,74.93
9580,1403,2024,95,35744,97.93
9581,1403,2025,156,57399,157.26
9582,1404,2025,55,17853,48.91
9583,1405,2019,73,24113,66.06
9584,1405,2020,51,18511,50.72
9585,1405,2021,68,20158,55.23
9586,1405,2022,60,21559,59.07
9587,1405,2023,56,18246,49.99
9588,1405,2024,96,27290,74.77
9589,1405,2025,82,26588,72.84
9590,1406,2023,5,1782,4.88
9591,1406,2024,31,10093,27.65
9592,1406,2025,135,41388,113.39
9593,1407,2012,1,1637,4.48
9594,1407,2013,0,0,0.0
9595,1407,2014,1,320,0.88
9596,1407,2015,1,336,0.92
9597,1407,2016,2,606,1.66
9598,1407,2017,3,904,2.48
9599,1407,2018,0,0,0.0
9600,1407,2019,5,1516,4.15
9601,1407,2020,10,3532,9.68
9602,1407,2021,43,15478,42.41
9603,1407,2022,33,12116,33.19
9604,1407,2023,17,5622,15.4
9605,1407,2024,48,19364,53.05
9606,1407,2025,66,25160,68.93
9607,1408,2020,1,328,0.9
9608,1408,2021,1,336,0.92
9609,1408,2022,2,672,1.84
9610,1408,2023,8,4048,11.09
9611,1408,2024,35,15483,42.42
9612,1408,2025,48,20128,55.15
9613,1409,2024,24,7850,21.51
9614,1409,2025,12,5259,14.41
9615,1410,2022,11,3733,10.23
9616,1410,2023,13,4671,12.8
9617,1410,2024,18,6409,17.56
9618,1410,2025,24,8235,22.56
9619,1411,2021,67,25887,70.92
9620,1411,2022,109,43004,117.82
9621,1411,2023,84,36499,100.0
9622,1411,2024,84,33181,90.91
9623,1411,2025,70,30580,83.78
9624,1412,2025,49,16194,44.37
9625,1413,2004,2,826,2.26
9626,1413,2005,1,448,1.23
9627,1413,2006,0,0,0.0
9628,1413,2007,0,0,0.0
9629,1413,2008,4,2458,6.73
9630,1413,2009,0,0,0.0
9631,1413,2010,0,0,0.0
9632,1413,2011,0,0,0.0
9633,1413,2012,0,0,0.0
9634,1413,2013,3,1538,4.21
9635,1413,2014,0,0,0.0
9636,1413,2015,3,1025,2.81
9637,1413,2016,2,1389,3.81
9638,1413,2017,0,0,0.0
9639,1413,2018,3,2117,5.8
9640,1413,2019,5,3220,8.82
9641,1413,2020,18,8434,23.11
9642,1413,2021,7,3195,8.75
9643,1413,2022,8,3331,9.13
9644,1413,2023,2,846,2.32
9645,1413,2024,5,2427,6.65
9646,1413,2025,41,15164,41.55
9647,1414,2024,40,12597,34.51
9648,1414,2025,70,24706,67.69
9649,1415,2024,143,57740,158.19
9650,1415,2025,120,40480,110.9
9651,1416,2023,1,8,0.02
9652,1416,2024,0,0,0.0
9653,1416,2025,13,772,2.12
9654,1417,2021,10,4699,12.87
9655,1417,2022,73,27587,75.58
9656,1417,2023,79,33638,92.16
9657,1417,2024,80,30285,82.97
9658,1417,2025,90,30117,82.51
9659,1418,1989,1,64,0.18
9660,1418,1990,1,56,0.15
9661,1418,1991,0,0,0.0
9662,1418,1992,1,64,0.18
9663,1418,1993,2,808,2.21
9664,1418,1994,8,1786,4.89
9665,1418,1995,1,123,0.34
9666,1418,1996,4,1058,2.9
9667,1418,1997,0,0,0.0
9668,1418,1998,1,152,0.42
9669,1418,1999,2,836,2.29
9670,1418,2000,4,1214,3.33
9671,1418,2001,3,1411,3.87
9672,1418,2002,7,3115,8.53
9673,1418,2003,3,1318,3.61
9674,1418,2004,0,0,0.0
9675,1418,2005,4,1806,4.95
9676,1418,2006,3,705,1.93
9677,1418,2007,8,3919,10.74
9678,1418,2008,0,0,0.0
9679,1418,2009,5,1854,5.08
9680,1418,2010,4,2228,6.1
9681,1418,2011,11,5594,15.33
9682,1418,2012,25,9764,26.75
9683,1418,2013,91,33675,92.26
9684,1418,2014,32,12327,33.77
9685,1418,2015,28,8888,24.35
9686,1418,2016,48,15808,43.31
9687,1418,2017,1,319,0.87
9688,1418,2018,39,28414,77.85
9689,1418,2019,13,6047,16.57
9690,1418,2020,19,19090,52.3
9691,1418,2021,21,9502,26.03
9692,1418,2022,19,6212,17.02
9693,1418,2023,12,4842,13.27
9694,1418,2024,25,11591,31.76
9695,1418,2025,44,16588,45.45
9696,1419,2021,15,5239,14.35
9697,1419,2022,7,2553,6.99
9698,1419,2023,8,3731,10.22
9699,1419,2024,29,14728,40.35
9700,1419,2025,47,21541,59.02
9701,1420,2025,5,1711,4.69
9702,1421,2013,6,2553,6.99
9703,1421,2014,11,4302,11.79
9704,1421,2015,6,2031,5.56
9705,1421,2016,26,12468,34.16
9706,1421,2017,13,4042,11.07
9707,1421,2018,19,7589,20.79
9708,1421,2019,25,12153,33.3
9709,1421,2020,110,40159,110.02
9710,1421,2021,123,44662,122.36
9711,1421,2022,177,66382,181.87
9712,1421,2023,217,76280,208.99
9713,1421,2024,208,76994,210.94
9714,1421,2025,211,79767,218.54
9715,1422,2011,2,675,1.85
9716,1422,2012,13,4925,13.49
9717,1422,2013,21,7007,19.2
9718,1422,2014,16,2860,7.84
9719,1422,2015,15,6953,19.05
9720,1422,2016,10,3033,8.31
9721,1422,2017,33,8851,24.25
9722,1422,2018,11,3118,8.54
9723,1422,2019,18,5336,14.62
9724,1422,2020,25,17734,48.59
9725,1422,2021,32,19197,52.59
9726,1422,2022,21,21993,60.25
9727,1422,2023,35,22818,62.52
9728,1422,2024,16,15423,42.25
9729,1422,2025,16,6818,18.68
9730,1423,2025,73,24609,67.42
9731,1424,2024,2,474,1.3
9732,1424,2025,5,1404,3.85
9733,1425,2022,3,1089,2.98
9734,1425,2023,9,2506,6.87
9735,1425,2024,34,10286,28.18
9736,1425,2025,43,13880,38.03
9737,1426,2022,4,1248,3.42
9738,1426,2023,10,5142,14.09
9739,1426,2024,26,12915,35.38
9740,1426,2025,20,7475,20.48
9741,1427,2023,4,1446,3.96
9742,1427,2024,47,19724,54.04
9743,1427,2025,135,54596,149.58
9744,1428,2023,7,2413,6.61
9745,1428,2024,60,20792,56.96
9746,1428,2025,52,21060,57.7
9747,1429,1997,1,112,0.31
9748,1429,1998,1,331,0.91
9749,1429,1999,0,0,0.0
9750,1429,2000,0,0,0.0
9751,1429,2001,1,497,1.36
9752,1429,2002,0,0,0.0
9753,1429,2003,0,0,0.0
9754,1429,2004,0,0,0.0
9755,1429,2005,0,0,0.0
9756,1429,2006,0,0,0.0
9757,1429,2007,0,0,0.0
9758,1429,2008,0,0,0.0
9759,1429,2009,2,615,1.68
9760,1429,2010,27,10163,27.84
9761,1429,2011,5,2248,6.16
9762,1429,2012,29,8956,24.54
9763,1429,2013,7,2405,6.59
9764,1429,2014,20,5966,16.35
9765,1429,2015,17,4983,13.65
9766,1429,2016,1,303,0.83
9767,1429,2017,2,714,1.96
9768,1429,2018,2,876,2.4
9769,1429,2019,1,384,1.05
9770,1429,2020,0,0,0.0
9771,1429,2021,1,32,0.09
9772,1429,2022,2,244,0.67
9773,1429,2023,19,6101,16.72
9774,1429,2024,30,9291,25.45
9775,1429,2025,28,9371,25.67
9776,1430,2024,14,3563,9.76
9777,1430,2025,167,42928,117.61
9778,1431,2025,6,2260,6.19
9779,1432,2020,6,2349,6.44
9780,1432,2021,33,12663,34.69
9781,1432,2022,69,23701,64.93
9782,1432,2023,48,17144,46.97
9783,1432,2024,87,27573,75.54
9784,1432,2025,71,25099,68.76
9785,1433,2025,213,73146,200.4
9786,1434,2012,1,303,0.83
9787,1434,2013,1,262,0.72
9788,1434,2014,0,0,0.0
9789,1434,2015,1,447,1.22
9790,1434,2016,0,0,0.0
9791,1434,2017,0,0,0.0
9792,1434,2018,0,0,0.0
9793,1434,2019,0,0,0.0
9794,1434,2020,0,0,0.0
9795,1434,2021,0,0,0.0
9796,1434,2022,0,0,0.0
9797,1434,2023,47,15940,43.67
9798,1434,2024,60,22873,62.67
9799,1434,2025,71,30304,83.02
9800,1435,2025,9,3060,8.38
9801,1436,2018,26,9422,25.81
9802,1436,2019,22,11960,32.77
9803,1436,2020,14,5663,15.52
9804,1436,2021,76,28124,77.05
9805,1436,2022,73,24920,68.27
9806,1436,2023,57,23974,65.68
9807,1436,2024,26,9736,26.67
9808,1436,2025,83,27817,76.21
9809,1437,1985,2,96,0.26
9810,1437,1986,0,0,0.0
9811,1437,1987,0,0,0.0
9812,1437,1988,0,0,0.0
9813,1437,1989,1,37,0.1
9814,1437,1990,0,0,0.0
9815,1437,1991,0,0,0.0
9816,1437,1992,0,0,0.0
9817,1437,1993,1,192,0.53
9818,1437,1994,1,212,0.58
9819,1437,1995,0,0,0.0
9820,1437,1996,2,544,1.49
9821,1437,1997,2,339,0.93
9822,1437,1998,3,1126,3.08
9823,1437,1999,0,0,0.0
9824,1437,2000,3,915,2.51
9825,1437,2001,2,465,1.27
9826,1437,2002,11,4210,11.53
9827,1437,2003,9,2901,7.95
9828,1437,2004,4,533,1.46
9829,1437,2005,12,2772,7.59
9830,1437,2006,11,3386,9.28
9831,1437,2007,11,3926,10.76
9832,1437,2008,12,4848,13.28
9833,1437,2009,12,3916,10.73
9834,1437,2010,9,2943,8.06
9835,1437,2011,19,5388,14.76
9836,1437,2012,25,8262,22.64
9837,1437,2013,13,4167,11.42
9838,1437,2014,26,9304,25.49
9839,1437,2015,17,5873,16.09
9840,1437,2016,34,9207,25.22
9841,1437,2017,38,11647,31.91
9842,1437,2018,39,12287,33.66
9843,1437,2019,23,7428,20.35
9844,1437,2020,31,9097,24.92
9845,1437,2021,74,23924,65.55
9846,1437,2022,63,21617,59.22
9847,1437,2023,77,24176,66.24
9848,1437,2024,89,31565,86.48
9849,1437,2025,95,32186,88.18
9850,1438,2025,48,15352,42.06
9851,1439,1994,1,219,0.6
9852,1439,1995,0,0,0.0
9853,1439,1996,0,0,0.0
9854,1439,1997,0,0,0.0
9855,1439,1998,1,195,0.53
9856,1439,1999,0,0,0.0
9857,1439,2000,0,0,0.0
9858,1439,2001,0,0,0.0
9859,1439,2002,0,0,0.0
9860,1439,2003,0,0,0.0
9861,1439,2004,0,0,0.0
9862,1439,2005,2,518,1.42
9863,1439,2006,0,0,0.0
9864,1439,2007,1,292,0.8
9865,1439,2008,1,406,1.11
9866,1439,2009,0,0,0.0
9867,1439,2010,0,0,0.0
9868,1439,2011,13,4520,12.38
9869,1439,2012,14,4332,11.87
9870,1439,2013,10,3067,8.4
9871,1439,2014,3,941,2.58
9872,1439,2015,11,3477,9.53
9873,1439,2016,9,2713,7.43
9874,1439,2017,18,6755,18.51
9875,1439,2018,27,10390,28.47
9876,1439,2019,64,26174,71.71
9877,1439,2020,86,30547,83.69
9878,1439,2021,136,50095,137.25
9879,1439,2022,120,41387,113.39
9880,1439,2023,87,31245,85.6
9881,1439,2024,98,34388,94.21
9882,1439,2025,106,40231,110.22
9883,1440,2021,2,224,0.61
9884,1440,2022,66,22527,61.72
9885,1440,2023,122,43609,119.48
9886,1440,2024,130,45643,125.05
9887,1440,2025,131,45897,125.75
9888,1441,2002,3,1420,3.89
9889,1441,2003,1,313,0.86
9890,1441,2004,2,409,1.12
9891,1441,2005,1,403,1.1
9892,1441,2006,4,1175,3.22
9893,1441,2007,6,2593,7.1
9894,1441,2008,12,3420,9.37
9895,1441,2009,8,3051,8.36
9896,1441,2010,5,1816,4.98
9897,1441,2011,7,2745,7.52
9898,1441,2012,24,6671,18.28
9899,1441,2013,56,20473,56.09
9900,1441,2014,46,13506,37.0
9901,1441,2015,17,6029,16.52
9902,1441,2016,5,1994,5.46
9903,1441,2017,0,0,0.0
9904,1441,2018,7,2149,5.89
9905,1441,2019,61,22232,60.91
9906,1441,2020,58,22030,60.36
9907,1441,2021,18,6272,17.18
9908,1441,2022,4,1390,3.81
9909,1441,2023,0,0,0.0
9910,1441,2024,0,0,0.0
9911,1441,2025,7,2612,7.16
9912,1442,2016,21,8556,23.44
9913,1442,2017,18,6708,18.38
9914,1442,2018,10,3476,9.52
9915,1442,2019,31,11742,32.17
9916,1442,2020,43,15066,41.28
9917,1442,2021,58,20806,57.0
9918,1442,2022,95,32034,87.76
9919,1442,2023,158,54721,149.92
9920,1442,2024,186,65438,179.28
9921,1442,2025,149,52973,145.13
9922,1443,2022,6,2128,5.83
9923,1443,2023,52,12795,35.05
9924,1443,2024,81,22745,62.32
9925,1443,2025,119,34634,94.89
9926,1444,2011,1,159,0.44
9927,1444,2012,0,0,0.0
9928,1444,2013,0,0,0.0
9929,1444,2014,5,1779,4.87
9930,1444,2015,2,530,1.45
9931,1444,2016,4,1021,2.8
9932,1444,2017,95,34205,93.71
9933,1444,2018,159,56003,153.43
9934,1444,2019,95,33668,92.24
9935,1444,2020,102,33775,92.53
9936,1444,2021,63,24112,66.06
9937,1444,2022,2,1108,3.04
9938,1444,2023,108,41922,114.85
9939,1444,2024,177,62311,170.72
9940,1444,2025,137,51360,140.71
9941,1445,2023,1,323,0.88
9942,1445,2024,15,7068,19.36
9943,1445,2025,11,3543,9.71
9944,1446,2011,2,741,2.03
9945,1446,2012,0,0,0.0
9946,1446,2013,2,579,1.59
9947,1446,2014,0,0,0.0
9948,1446,2015,0,0,0.0
9949,1446,2016,1,232,0.64
9950,1446,2017,10,2348,6.43
9951,1446,2018,7,1959,5.37
9952,1446,2019,9,2931,8.03
9953,1446,2020,18,3747,10.27
9954,1446,2021,39,9801,26.85
9955,1446,2022,22,7309,20.02
9956,1446,2023,3,1727,4.73
9957,1446,2024,5,1731,4.74
9958,1446,2025,12,4424,12.12
9959,1447,2015,7,2338,6.41
9960,1447,2016,0,0,0.0
9961,1447,2017,17,6369,17.45
9962,1447,2018,11,3533,9.68
9963,1447,2019,4,1262,3.46
9964,1447,2020,22,5653,15.49
9965,1447,2021,32,9916,27.17
9966,1447,2022,12,3039,8.33
9967,1447,2023,10,2865,7.85
9968,1447,2024,18,4615,12.64
9969,1447,2025,31,9958,27.28
9970,1448,2016,1,322,0.88
9971,1448,2017,13,4377,11.99
9972,1448,2018,36,12027,32.95
9973,1448,2019,22,8035,22.01
9974,1448,2020,18,5927,16.24
9975,1448,2021,41,13992,38.33
9976,1448,2022,69,21901,60.0
9977,1448,2023,52,17514,47.98
9978,1448,2024,61,16414,44.97
9979,1448,2025,39,12220,33.48
9980,1449,2022,1,389,1.07
9981,1449,2023,5,1947,5.33
9982,1449,2024,41,16083,44.06
9983,1449,2025,52,16681,45.7
9984,1450,2022,11,3543,9.71
9985,1450,2023,16,5441,14.91
9986,1450,2024,31,11476,31.44
9987,1450,2025,49,18432,50.5
9988,1451,2024,3,1025,2.81
9989,1451,2025,38,13329,36.52
9990,1452,2022,68,24197,66.29
9991,1452,2023,47,16180,44.33
9992,1452,2024,43,14903,40.83
9993,1452,2025,43,17569,48.13
9994,1453,2015,1,570,1.56
9995,1453,2016,2,547,1.5
9996,1453,2017,0,0,0.0
9997,1453,2018,0,0,0.0
9998,1453,2019,0,0,0.0
9999,1453,2020,0,0,0.0
10000,1453,2021,0,0,0.0
10001,1453,2022,0,0,0.0
10002,1453,2023,0,0,0.0
10003,1453,2024,0,0,0.0
10004,1453,2025,49,17759,48.65
10005,1454,1992,1,1424,3.9
10006,1454,1993,1,176,0.48
10007,1454,1994,0,0,0.0
10008,1454,1995,0,0,0.0
10009,1454,1996,0,0,0.0
10010,1454,1997,0,0,0.0
10011,1454,1998,0,0,0.0
10012,1454,1999,0,0,0.0
10013,1454,2000,1,480,1.32
10014,1454,2001,0,0,0.0
10015,1454,2002,0,0,0.0
10016,1454,2003,0,0,0.0
10017,1454,2004,0,0,0.0
10018,1454,2005,0,0,0.0
10019,1454,2006,0,0,0.0
10020,1454,2007,0,0,0.0
10021,1454,2008,0,0,0.0
10022,1454,2009,21,8312,22.77
10023,1454,2010,12,4227,11.58
10024,1454,2011,65,27189,74.49
10025,1454,2012,83,25284,69.27
10026,1454,2013,92,30785,84.34
10027,1454,2014,65,22020,60.33
10028,1454,2015,85,24932,68.31
10029,1454,2016,79,25249,69.18
10030,1454,2017,114,38207,104.68
10031,1454,2018,82,26007,71.25
10032,1454,2019,82,29432,80.64
10033,1454,2020,67,24682,67.62
10034,1454,2021,79,30721,84.17
10035,1454,2022,50,15980,43.78
10036,1454,2023,41,13745,37.66
10037,1454,2024,61,20849,57.12
10038,1454,2025,78,25907,70.98
10039,1455,2023,8,2943,8.06
10040,1455,2024,32,12535,34.34
10041,1455,2025,34,9947,27.25
10042,1456,2012,1,167,0.46
10043,1456,2013,0,0,0.0
10044,1456,2014,0,0,0.0
10045,1456,2015,0,0,0.0
10046,1456,2016,0,0,0.0
10047,1456,2017,0,0,0.0
10048,1456,2018,0,0,0.0
10049,1456,2019,0,0,0.0
10050,1456,2020,0,0,0.0
10051,1456,2021,0,0,0.0
10052,1456,2022,1,167,0.46
10053,1456,2023,0,0,0.0
10054,1456,2024,95,34611,94.82
10055,1456,2025,130,48060,131.67
10056,1457,2023,2,525,1.44
10057,1457,2024,8,2728,7.47
10058,1457,2025,28,8524,23.35
10059,1458,2019,2,800,2.19
10060,1458,2020,1,365,1.0
10061,1458,2021,9,2881,7.89
10062,1458,2022,17,5736,15.72
10063,1458,2023,80,24018,65.8
10064,1458,2024,68,18671,51.15
10065,1458,2025,56,18683,51.19
10066,1459,2012,2,621,1.7
10067,1459,2013,0,0,0.0
10068,1459,2014,0,0,0.0
10069,1459,2015,0,0,0.0
10070,1459,2016,0,0,0.0
10071,1459,2017,0,0,0.0
10072,1459,2018,1,784,2.15
10073,1459,2019,3,1063,2.91
10074,1459,2020,8,2545,6.97
10075,1459,2021,10,3469,9.5
10076,1459,2022,15,5136,14.07
10077,1459,2023,17,6257,17.14
10078,1459,2024,51,21350,58.49
10079,1459,2025,68,26311,72.08
10080,1460,2018,1,992,2.72
10081,1460,2019,0,0,0.0
10082,1460,2020,6,2257,6.18
10083,1460,2021,153,58119,159.23
10084,1460,2022,328,120150,329.18
10085,1460,2023,380,144073,394.72
10086,1460,2024,386,152192,416.96
10087,1460,2025,387,144590,396.14
10088,1461,2021,33,15593,42.72
10089,1461,2022,37,15244,41.76
10090,1461,2023,99,37578,102.95
10091,1461,2024,26,7976,21.85
10092,1461,2025,63,28721,78.69
10093,1462,2025,1,571,1.56
10094,1463,2023,3,1199,3.28
10095,1463,2024,39,25243,69.16
10096,1463,2025,66,33008,90.43
10097,1464,2023,38,13609,37.28
10098,1464,2024,76,21604,59.19
10099,1464,2025,99,32713,89.62
10100,1465,2015,1,1296,3.55
10101,1465,2016,0,0,0.0
10102,1465,2017,0,0,0.0
10103,1465,2018,7,2538,6.95
10104,1465,2019,30,11247,30.81
10105,1465,2020,37,12037,32.98
10106,1465,2021,34,11463,31.41
10107,1465,2022,30,10447,28.62
10108,1465,2023,36,13442,36.83
10109,1465,2024,20,9737,26.68
10110,1465,2025,31,11257,30.84
10111,1466,2023,13,4499,12.33
10112,1466,2024,41,13909,38.11
10113,1466,2025,65,19908,54.54
10114,1467,2020,6,2179,5.97
10115,1467,2021,8,2277,6.24
10116,1467,2022,13,4761,13.04
10117,1467,2023,34,10085,27.63
10118,1467,2024,53,17715,48.53
10119,1467,2025,45,15488,42.43
10120,1468,2023,3,844,2.31
10121,1468,2024,6,1925,5.27
10122,1468,2025,18,6275,17.19
10123,1469,2000,1,183,0.5
10124,1469,2001,0,0,0.0
10125,1469,2002,2,516,1.41
10126,1469,2003,0,0,0.0
10127,1469,2004,0,0,0.0
10128,1469,2005,0,0,0.0
10129,1469,2006,2,763,2.09
10130,1469,2007,3,1000,2.74
10131,1469,2008,5,913,2.5
10132,1469,2009,11,2424,6.64
10133,1469,2010,8,1928,5.28
10134,1469,2011,10,3068,8.41
10135,1469,2012,4,824,2.26
10136,1469,2013,5,2082,5.7
10137,1469,2014,3,960,2.63
10138,1469,2015,4,2321,6.36
10139,1469,2016,41,16438,45.04
10140,1469,2017,38,14831,40.63
10141,1469,2018,59,18967,51.96
10142,1469,2019,47,15774,43.22
10143,1469,2020,62,23494,64.37
10144,1469,2021,66,28233,77.35
10145,1469,2022,56,19618,53.75
10146,1469,2023,55,20370,55.81
10147,1469,2024,53,17173,47.05
10148,1469,2025,50,18635,51.05
10149,1470,2024,3,1330,3.64
10150,1470,2025,84,34095,93.41
10151,1471,2023,55,19752,54.12
10152,1471,2024,12,5444,14.92
10153,1471,2025,16,4741,12.99
10154,1472,2008,5,1899,5.2
10155,1472,2009,1,316,0.87
10156,1472,2010,1,31,0.08
10157,1472,2011,1,361,0.99
10158,1472,2012,0,0,0.0
10159,1472,2013,0,0,0.0
10160,1472,2014,7,2575,7.05
10161,1472,2015,27,8390,22.99
10162,1472,2016,7,1931,5.29
10163,1472,2017,3,653,1.79
10164,1472,2018,8,2576,7.06
10165,1472,2019,23,7750,21.23
10166,1472,2020,27,8031,22.0
10167,1472,2021,34,10611,29.07
10168,1472,2022,45,14226,38.98
10169,1472,2023,37,10604,29.05
10170,1472,2024,25,8175,22.4
10171,1472,2025,28,8135,22.29
10172,1473,2020,63,23593,64.64
10173,1473,2021,85,27877,76.38
10174,1473,2022,63,18564,50.86
10175,1473,2023,65,18700,51.23
10176,1473,2024,43,12566,34.43
10177,1473,2025,61,20693,56.69
10178,1474,2017,138,43316,118.67
10179,1474,2018,25,8683,23.79
10180,1474,2019,20,6418,17.58
10181,1474,2020,58,22033,60.36
10182,1474,2021,15,5409,14.82
10183,1474,2022,10,3283,8.99
10184,1474,2023,59,19243,52.72
10185,1474,2024,93,31013,84.97
10186,1474,2025,79,26572,72.8
10187,1475,2024,361,93638,256.54
10188,1475,2025,362,92446,253.28
10189,1476,2025,40,13958,38.24
10190,1477,2009,1,349,0.96
10191,1477,2010,0,0,0.0
10192,1477,2011,0,0,0.0
10193,1477,2012,0,0,0.0
10194,1477,2013,8,2701,7.4
10195,1477,2014,6,1676,4.59
10196,1477,2015,12,3752,10.28
10197,1477,2016,10,3603,9.87
10198,1477,2017,20,6171,16.91
10199,1477,2018,13,4663,12.78
10200,1477,2019,15,3601,9.87
10201,1477,2020,14,3933,10.78
10202,1477,2021,16,4230,11.59
10203,1477,2022,6,2198,6.02
10204,1477,2023,4,1363,3.73
10205,1477,2024,8,3433,9.41
10206,1477,2025,10,4192,11.48
10207,1478,2012,4,1198,3.28
10208,1478,2013,2,639,1.75
10209,1478,2014,0,0,0.0
10210,1478,2015,0,0,0.0
10211,1478,2016,0,0,0.0
10212,1478,2017,10,3055,8.37
10213,1478,2018,151,51165,140.18
10214,1478,2019,113,32334,88.59
10215,1478,2020,113,37105,101.66
10216,1478,2021,161,49070,134.44
10217,1478,2022,84,24450,66.99
10218,1478,2023,140,43212,118.39
10219,1478,2024,221,73204,200.56
10220,1478,2025,274,85775,235.0
10221,1479,2011,1,205,0.56
10222,1479,2012,0,0,0.0
10223,1479,2013,0,0,0.0
10224,1479,2014,0,0,0.0
10225,1479,2015,4,1157,3.17
10226,1479,2016,1,257,0.7
10227,1479,2017,0,0,0.0
10228,1479,2018,2,719,1.97
10229,1479,2019,8,2406,6.59
10230,1479,2020,5,626,1.72
10231,1479,2021,50,12507,34.27
10232,1479,2022,32,8766,24.02
10233,1479,2023,51,12350,33.84
10234,1479,2024,63,14468,39.64
10235,1479,2025,47,10537,28.87
10236,1480,2019,3,427,1.17
10237,1480,2020,52,14186,38.87
10238,1480,2021,53,16071,44.03
10239,1480,2022,46,12354,33.85
10240,1480,2023,32,9413,25.79
10241,1480,2024,20,5517,15.12
10242,1480,2025,22,4650,12.74
10243,1481,2015,1,336,0.92
10244,1481,2016,0,0,0.0
10245,1481,2017,0,0,0.0
10246,1481,2018,0,0,0.0
10247,1481,2019,0,0,0.0
10248,1481,2020,0,0,0.0
10249,1481,2021,0,0,0.0
10250,1481,2022,0,0,0.0
10251,1481,2023,1,343,0.94
10252,1481,2024,0,0,0.0
10253,1481,2025,48,16997,46.57
10254,1482,2018,2,656,1.8
10255,1482,2019,29,9848,26.98
10256,1482,2020,39,13272,36.36
10257,1482,2021,38,13108,35.91
10258,1482,2022,47,16301,44.66
10259,1482,2023,34,11508,31.53
10260,1482,2024,37,12561,34.41
10261,1482,2025,19,6314,17.3
10262,1483,2023,8,4887,13.39
10263,1483,2024,42,14188,38.87
10264,1483,2025,24,9170,25.12
10265,1484,2021,1,419,1.15
10266,1484,2022,14,7505,20.56
10267,1484,2023,114,49846,136.56
10268,1484,2024,115,43739,119.83
10269,1484,2025,110,37641,103.13
10270,1485,2021,61,22941,62.85
10271,1485,2022,120,29960,82.08
10272,1485,2023,130,45362,124.28
10273,1485,2024,150,52454,143.71
10274,1485,2025,123,43635,119.55
10275,1486,2008,1,519,1.42
10276,1486,2009,1,306,0.84
10277,1486,2010,1,328,0.9
10278,1486,2011,0,0,0.0
10279,1486,2012,0,0,0.0
10280,1486,2013,0,0,0.0
10281,1486,2014,0,0,0.0
10282,1486,2015,0,0,0.0
10283,1486,2016,0,0,0.0
10284,1486,2017,0,0,0.0
10285,1486,2018,0,0,0.0
10286,1486,2019,0,0,0.0
10287,1486,2020,2,660,1.81
10288,1486,2021,6,2417,6.62
10289,1486,2022,40,15522,42.53
10290,1486,2023,75,28260,77.42
10291,1486,2024,138,36532,100.09
10292,1486,2025,204,56715,155.38
10293,1487,2019,1,289,0.79
10294,1487,2020,0,0,0.0
10295,1487,2021,0,0,0.0
10296,1487,2022,0,0,0.0
10297,1487,2023,2,883,2.42
10298,1487,2024,12,4477,12.27
10299,1487,2025,28,8935,24.48
10300,1488,2008,1,374,1.02
10301,1488,2009,1,498,1.36
10302,1488,2010,0,0,0.0
10303,1488,2011,0,0,0.0
10304,1488,2012,0,0,0.0
10305,1488,2013,0,0,0.0
10306,1488,2014,0,0,0.0
10307,1488,2015,0,0,0.0
10308,1488,2016,0,0,0.0
10309,1488,2017,0,0,0.0
10310,1488,2018,0,0,0.0
10311,1488,2019,0,0,0.0
10312,1488,2020,3,1102,3.02
10313,1488,2021,6,1502,4.12
10314,1488,2022,4,876,2.4
10315,1488,2023,48,15442,42.31
10316,1488,2024,53,12148,33.28
10317,1488,2025,69,19801,54.25
10318,1489,2025,4,1940,5.32
10319,1490,2021,1,481,1.32
10320,1490,2022,0,0,0.0
10321,1490,2023,2,1125,3.08
10322,1490,2024,137,50018,137.04
10323,1490,2025,138,52153,142.88
10324,1491,2022,8,2845,7.79
10325,1491,2023,9,3272,8.96
10326,1491,2024,18,8393,22.99
10327,1491,2025,26,12486,34.21
10328,1492,2025,35,11574,31.71
10329,1493,2022,40,13969,38.27
10330,1493,2023,232,77256,211.66
10331,1493,2024,252,82607,226.32
10332,1493,2025,287,98168,268.95
10333,1494,2022,3,1241,3.4
10334,1494,2023,34,13186,36.13
10335,1494,2024,39,14446,39.58
10336,1494,2025,50,17503,47.95
10337,1495,2024,1,288,0.79
10338,1495,2025,7,1930,5.29
10339,1496,2025,16,5419,14.85
10340,1497,2023,66,24340,66.68
10341,1497,2024,75,30602,83.84
10342,1497,2025,61,18602,50.96
10343,1498,2024,94,38268,104.84
10344,1498,2025,96,43094,118.07
10345,1499,2010,170,50016,137.03
10346,1499,2011,3,1348,3.69
10347,1499,2012,0,0,0.0
10348,1499,2013,135,44356,121.52
10349,1499,2014,0,0,0.0
10350,1499,2015,47,8355,22.89
10351,1499,2016,46,13831,37.89
10352,1499,2017,44,11879,32.55
10353,1499,2018,146,42977,117.75
10354,1499,2019,106,35964,98.53
10355,1499,2020,109,38262,104.83
10356,1499,2021,80,25638,70.24
10357,1499,2022,82,26685,73.11
10358,1499,2023,73,24291,66.55
10359,1499,2024,67,19108,52.35
10360,1499,2025,87,28277,77.47
10361,1500,2024,20,9436,25.85
10362,1500,2025,40,15010,41.12
10363,1501,2019,1,368,1.01
10364,1501,2020,3,1404,3.85
10365,1501,2021,9,1748,4.79
10366,1501,2022,14,3601,9.87
10367,1501,2023,4,1123,3.08
10368,1501,2024,7,1880,5.15
10369,1501,2025,21,5377,14.73
10370,1502,2010,1,246,0.67
10371,1502,2011,1,246,0.67
10372,1502,2012,26,7048,19.31
10373,1502,2013,27,6342,17.38
10374,1502,2014,24,7040,19.29
10375,1502,2015,90,27743,76.01
10376,1502,2016,168,46038,126.13
10377,1502,2017,164,42755,117.14
10378,1502,2018,171,39005,106.86
10379,1502,2019,66,15248,41.78
10380,1502,2020,74,18871,51.7
10381,1502,2021,46,9997,27.39
10382,1502,2022,52,14750,40.41
10383,1502,2023,24,8200,22.47
10384,1502,2024,30,6952,19.05
10385,1502,2025,11,3260,8.93
10386,1503,1995,1,122,0.33
10387,1503,1996,0,0,0.0
10388,1503,1997,0,0,0.0
10389,1503,1998,0,0,0.0
10390,1503,1999,0,0,0.0
10391,1503,2000,0,0,0.0
10392,1503,2001,0,0,0.0
10393,1503,2002,0,0,0.0
10394,1503,2003,0,0,0.0
10395,1503,2004,0,0,0.0
10396,1503,2005,0,0,0.0
10397,1503,2006,0,0,0.0
10398,1503,2007,2,1040,2.85
10399,1503,2008,0,0,0.0
10400,1503,2009,0,0,0.0
10401,1503,2010,0,0,0.0
10402,1503,2011,0,0,0.0
10403,1503,2012,11,3078,8.43
10404,1503,2013,3,761,2.08
10405,1503,2014,4,1286,3.52
10406,1503,2015,0,0,0.0
10407,1503,2016,2,559,1.53
10408,1503,2017,4,1481,4.06
10409,1503,2018,9,1799,4.93
10410,1503,2019,16,2512,6.88
10411,1503,2020,23,5175,14.18
10412,1503,2021,15,2798,7.67
10413,1503,2022,2,485,1.33
10414,1503,2023,4,661,1.81
10415,1503,2024,7,1804,4.94
10416,1503,2025,71,24585,67.36
10417,1504,2024,18,9082,24.88
10418,1504,2025,51,22289,61.07
10419,1505,2023,111,38262,104.83
10420,1505,2024,109,36526,100.07
10421,1505,2025,57,24713,67.71
10422,1506,2019,5,1460,4.0
10423,1506,2020,23,7082,19.4
10424,1506,2021,23,7735,21.19
10425,1506,2022,20,5934,16.26
10426,1506,2023,50,16207,44.4
10427,1506,2024,69,23235,63.66
10428,1506,2025,72,26408,72.35
10429,1507,2016,47,15959,43.72
10430,1507,2017,10,2906,7.96
10431,1507,2018,13,5066,13.88
10432,1507,2019,28,10677,29.25
10433,1507,2020,63,22896,62.73
10434,1507,2021,89,32972,90.33
10435,1507,2022,188,65125,178.42
10436,1507,2023,223,82163,225.1
10437,1507,2024,179,69033,189.13
10438,1507,2025,141,59423,162.8
10439,1508,2025,195,57355,157.14
10440,1509,2022,74,25664,70.31
10441,1509,2023,1,368,1.01
10442,1509,2024,0,0,0.0
10443,1509,2025,73,23082,63.24
10444,1510,2020,2,876,2.4
10445,1510,2021,0,0,0.0
10446,1510,2022,125,57082,156.39
10447,1510,2023,270,95505,261.66
10448,1510,2024,567,171859,470.85
10449,1510,2025,615,202622,555.13
10450,1511,2014,1,464,1.27
10451,1511,2015,12,6404,17.55
10452,1511,2016,75,30338,83.12
10453,1511,2017,56,23900,65.48
10454,1511,2018,56,21094,57.79
10455,1511,2019,62,24873,68.15
10456,1511,2020,62,23766,65.11
10457,1511,2021,44,17234,47.22
10458,1511,2022,16,5660,15.51
10459,1511,2023,6,3269,8.96
10460,1511,2024,36,12002,32.88
10461,1511,2025,70,23719,64.98
10462,1512,2021,3,1007,2.76
10463,1512,2022,2,538,1.47
10464,1512,2023,1,176,0.48
10465,1512,2024,84,28554,78.23
10466,1512,2025,94,32010,87.7
10467,1513,2019,4,1299,3.56
10468,1513,2020,32,11426,31.3
10469,1513,2021,54,15058,41.25
10470,1513,2022,81,21796,59.72
10471,1513,2023,119,26617,72.92
10472,1513,2024,84,22007,60.29
10473,1513,2025,83,24875,68.15
10474,1514,2024,6,2143,5.87
10475,1514,2025,13,6154,16.86
10476,1515,2024,1,214,0.59
10477,1515,2025,48,14554,39.87
10478,1516,2024,20,7603,20.83
10479,1516,2025,114,28546,78.21
10480,1517,2018,1,272,0.75
10481,1517,2019,2,491,1.35
10482,1517,2020,0,0,0.0
10483,1517,2021,2,448,1.23
10484,1517,2022,6,3343,9.16
10485,1517,2023,14,6331,17.35
10486,1517,2024,24,9930,27.21
10487,1517,2025,50,22114,60.59
10488,1518,2022,290,129292,354.22
10489,1518,2023,240,99964,273.87
10490,1518,2024,108,46288,126.82
10491,1518,2025,168,70102,192.06
10492,1519,2003,9,4566,12.51
10493,1519,2004,1,64,0.18
10494,1519,2005,2,1104,3.02
10495,1519,2006,1,152,0.42
10496,1519,2007,2,989,2.71
10497,1519,2008,1,128,0.35
10498,1519,2009,0,0,0.0
10499,1519,2010,0,0,0.0
10500,1519,2011,0,0,0.0
10501,1519,2012,0,0,0.0
10502,1519,2013,0,0,0.0
10503,1519,2014,0,0,0.0
10504,1519,2015,0,0,0.0
10505,1519,2016,0,0,0.0
10506,1519,2017,0,0,0.0
10507,1519,2018,0,0,0.0
10508,1519,2019,3,839,2.3
10509,1519,2020,16,7307,20.02
10510,1519,2021,1,382,1.05
10511,1519,2022,7,2136,5.85
10512,1519,2023,41,14866,40.73
10513,1519,2024,51,17902,49.05
10514,1519,2025,56,18156,49.74
10515,1520,2010,1,96,0.26
10516,1520,2011,7,4770,13.07
10517,1520,2012,3,2058,5.64
10518,1520,2013,7,3295,9.03
10519,1520,2014,29,11869,32.52
10520,1520,2015,44,13471,36.91
10521,1520,2016,46,16643,45.6
10522,1520,2017,29,8633,23.65
10523,1520,2018,35,12676,34.73
10524,1520,2019,39,15296,41.91
10525,1520,2020,68,23062,63.18
10526,1520,2021,50,18227,49.94
10527,1520,2022,50,17734,48.59
10528,1520,2023,172,49642,136.01
10529,1520,2024,255,68676,188.15
10530,1520,2025,440,154185,422.42
10531,1521,2024,34,11370,31.15
10532,1521,2025,37,12498,34.24
10533,1522,2020,204,74631,204.47
10534,1522,2021,226,73489,201.34
10535,1522,2022,234,76241,208.88
10536,1522,2023,174,59665,163.47
10537,1522,2024,158,54687,149.83
10538,1522,2025,186,60906,166.87
10539,1523,1990,2,352,0.96
10540,1523,1991,0,0,0.0
10541,1523,1992,0,0,0.0
10542,1523,1993,0,0,0.0
10543,1523,1994,0,0,0.0
10544,1523,1995,0,0,0.0
10545,1523,1996,0,0,0.0
10546,1523,1997,0,0,0.0
10547,1523,1998,0,0,0.0
10548,1523,1999,1,260,0.71
10549,1523,2000,0,0,0.0
10550,1523,2001,0,0,0.0
10551,1523,2002,0,0,0.0
10552,1523,2003,0,0,0.0
10553,1523,2004,0,0,0.0
10554,1523,2005,0,0,0.0
10555,1523,2006,0,0,0.0
10556,1523,2007,0,0,0.0
10557,1523,2008,0,0,0.0
10558,1523,2009,0,0,0.0
10559,1523,2010,0,0,0.0
10560,1523,2011,0,0,0.0
10561,1523,2012,1,144,0.39
10562,1523,2013,4,1045,2.86
10563,1523,2014,24,8104,22.2
10564,1523,2015,20,6811,18.66
10565,1523,2016,83,25704,70.42
10566,1523,2017,118,39183,107.35
10567,1523,2018,75,22121,60.61
10568,1523,2019,61,21952,60.14
10569,1523,2020,67,22848,62.6
10570,1523,2021,28,9271,25.4
10571,1523,2022,60,20484,56.12
10572,1523,2023,65,25297,69.31
10573,1523,2024,127,40846,111.91
10574,1523,2025,203,69678,190.9
10575,1524,2021,76,29806,81.66
10576,1524,2022,66,24929,68.3
10577,1524,2023,90,38556,105.63
10578,1524,2024,78,32215,88.26
10579,1524,2025,93,38407,105.22
10580,1525,2010,6,1724,4.72
10581,1525,2011,3,863,2.36
10582,1525,2012,1,302,0.83
10583,1525,2013,0,0,0.0
10584,1525,2014,10,3854,10.56
10585,1525,2015,38,12691,34.77
10586,1525,2016,37,9810,26.88
10587,1525,2017,16,4229,11.59
10588,1525,2018,6,1091,2.99
10589,1525,2019,2,444,1.22
10590,1525,2020,0,0,0.0
10591,1525,2021,20,5050,13.84
10592,1525,2022,80,21111,57.84
10593,1525,2023,458,159311,436.47
10594,1525,2024,365,129531,354.88
10595,1525,2025,457,152299,417.26
10596,1526,2016,2,845,2.32
10597,1526,2017,12,4494,12.31
10598,1526,2018,17,6142,16.83
10599,1526,2019,19,6814,18.67
10600,1526,2020,24,8924,24.45
10601,1526,2021,17,5829,15.97
10602,1526,2022,31,11964,32.78
10603,1526,2023,101,35585,97.49
10604,1526,2024,100,35176,96.37
10605,1526,2025,141,47806,130.98
10606,1527,2010,8,2755,7.55
10607,1527,2011,0,0,0.0
10608,1527,2012,0,0,0.0
10609,1527,2013,0,0,0.0
10610,1527,2014,0,0,0.0
10611,1527,2015,0,0,0.0
10612,1527,2016,0,0,0.0
10613,1527,2017,0,0,0.0
10614,1527,2018,8,3869,10.6
10615,1527,2019,0,0,0.0
10616,1527,2020,0,0,0.0
10617,1527,2021,78,28585,78.32
10618,1527,2022,144,52284,143.24
10619,1527,2023,141,50389,138.05
10620,1527,2024,151,55092,150.94
10621,1527,2025,129,45277,124.05
10622,1528,2025,43,11181,30.63
10623,1529,2012,1,300,0.82
10624,1529,2013,6,1698,4.65
10625,1529,2014,1,269,0.74
10626,1529,2015,0,0,0.0
10627,1529,2016,0,0,0.0
10628,1529,2017,0,0,0.0
10629,1529,2018,0,0,0.0
10630,1529,2019,0,0,0.0
10631,1529,2020,0,0,0.0
10632,1529,2021,11,4205,11.52
10633,1529,2022,31,9270,25.4
10634,1529,2023,66,19015,52.1
10635,1529,2024,82,26400,72.33
10636,1529,2025,104,27836,76.26
10637,1530,2019,5,2094,5.74
10638,1530,2020,324,115622,316.77
10639,1530,2021,181,59771,163.76
10640,1530,2022,32,10788,29.56
10641,1530,2023,10,4796,13.14
10642,1530,2024,85,30067,82.38
10643,1530,2025,113,44682,122.42
10644,1531,2012,8,2572,7.05
10645,1531,2013,6,2023,5.54
10646,1531,2014,0,0,0.0
10647,1531,2015,10,3834,10.5
10648,1531,2016,15,4689,12.85
10649,1531,2017,11,5034,13.79
10650,1531,2018,15,6685,18.32
10651,1531,2019,20,8004,21.93
10652,1531,2020,33,13050,35.75
10653,1531,2021,40,15459,42.35
10654,1531,2022,48,20502,56.17
10655,1531,2023,78,27776,76.1
10656,1531,2024,114,42463,116.34
10657,1531,2025,193,70394,192.86
10658,1532,2025,50,19703,53.98
10659,1533,2010,12,3444,9.44
10660,1533,2011,0,0,0.0
10661,1533,2012,3,2063,5.65
10662,1533,2013,12,4739,12.98
10663,1533,2014,0,0,0.0
10664,1533,2015,0,0,0.0
10665,1533,2016,0,0,0.0
10666,1533,2017,68,25512,69.9
10667,1533,2018,81,27436,75.17
10668,1533,2019,97,31785,87.08
10669,1533,2020,123,39724,108.83
10670,1533,2021,132,39128,107.2
10671,1533,2022,250,68537,187.77
10672,1533,2023,356,81393,222.99
10673,1533,2024,441,103341,283.13
10674,1533,2025,363,86879,238.02
10675,1534,2025,80,29082,79.68
10676,1535,2025,17,7139,19.56
10677,1536,2020,4,1575,4.32
10678,1536,2021,1,192,0.53
10679,1536,2022,118,30751,84.25
10680,1536,2023,165,38041,104.22
10681,1536,2024,200,45751,125.35
10682,1536,2025,200,49529,135.7
10683,1537,2024,1,517,1.42
10684,1537,2025,15,5630,15.42
10685,1538,2018,2,803,2.2
10686,1538,2019,28,7842,21.48
10687,1538,2020,35,13137,35.99
10688,1538,2021,45,16408,44.95
10689,1538,2022,84,24590,67.37
10690,1538,2023,125,31698,86.84
10691,1538,2024,118,31423,86.09
10692,1538,2025,92,24829,68.02
10693,1539,2004,1,320,0.88
10694,1539,2005,3,1090,2.99
10695,1539,2006,1,460,1.26
10696,1539,2007,4,1601,4.39
10697,1539,2008,2,1193,3.27
10698,1539,2009,2,913,2.5
10699,1539,2010,2,567,1.55
10700,1539,2011,5,1867,5.12
10701,1539,2012,11,5101,13.98
10702,1539,2013,48,17096,46.84
10703,1539,2014,15,5924,16.23
10704,1539,2015,13,5365,14.7
10705,1539,2016,12,4412,12.09
10706,1539,2017,13,6266,17.17
10707,1539,2018,12,4546,12.45
10708,1539,2019,9,3491,9.56
10709,1539,2020,3,1466,4.02
10710,1539,2021,8,4111,11.26
10711,1539,2022,10,5700,15.62
10712,1539,2023,136,57550,157.67
10713,1539,2024,137,54606,149.61
10714,1539,2025,174,68577,187.88
10715,1540,2022,1,369,1.01
10716,1540,2023,78,28751,78.77
10717,1540,2024,145,56419,154.57
10718,1540,2025,132,49633,135.98
10719,1541,2024,26,6577,18.02
10720,1541,2025,26,7525,20.62
10721,1542,2025,74,30319,83.07
10722,1543,2008,9,3753,10.28
10723,1543,2009,1,835,2.29
10724,1543,2010,2,1006,2.76
10725,1543,2011,1,824,2.26
10726,1543,2012,1,417,1.14
10727,1543,2013,18,7109,19.48
10728,1543,2014,10,4383,12.01
10729,1543,2015,17,6370,17.45
10730,1543,2016,13,5140,14.08
10731,1543,2017,11,4279,11.72
10732,1543,2018,14,7799,21.37
10733,1543,2019,11,6646,18.21
10734,1543,2020,12,6495,17.79
10735,1543,2021,37,17463,47.84
10736,1543,2022,96,33489,91.75
10737,1543,2023,114,42429,116.24
10738,1543,2024,104,45729,125.28
10739,1543,2025,102,44133,120.91
10740,1544,2014,1,392,1.07
10741,1544,2015,0,0,0.0
10742,1544,2016,2,938,2.57
10743,1544,2017,0,0,0.0
10744,1544,2018,1,503,1.38
10745,1544,2019,0,0,0.0
10746,1544,2020,0,0,0.0
10747,1544,2021,0,0,0.0
10748,1544,2022,0,0,0.0
10749,1544,2023,0,0,0.0
10750,1544,2024,5,2193,6.01
10751,1544,2025,26,11953,32.75
10752,1545,2023,155,58794,161.08
10753,1545,2024,172,65705,180.01
10754,1545,2025,145,55924,153.22
10755,1546,2018,59,18988,52.02
10756,1546,2019,55,16070,44.03
10757,1546,2020,24,9097,24.92
10758,1546,2021,14,4860,13.32
10759,1546,2022,8,2304,6.31
10760,1546,2023,70,20349,55.75
10761,1546,2024,97,34981,95.84
10762,1546,2025,88,29267,80.18
10763,1547,2024,4,874,2.39
10764,1547,2025,6,1288,3.53
10765,1548,2018,3,1226,3.36
10766,1548,2019,101,34404,94.26
10767,1548,2020,127,43670,119.64
10768,1548,2021,106,34329,94.05
10769,1548,2022,102,32239,88.33
10770,1548,2023,125,35632,97.62
10771,1548,2024,129,37734,103.38
10772,1548,2025,140,44973,123.21
10773,1549,2024,4,1501,4.11
10774,1549,2025,68,23007,63.03
10775,1550,2025,95,43177,118.29
10776,1551,2023,110,45284,124.07
10777,1551,2024,83,34373,94.17
10778,1551,2025,52,19811,54.28
10779,1552,2008,5,1478,4.05
10780,1552,2009,9,2295,6.29
10781,1552,2010,27,5632,15.43
10782,1552,2011,5,1047,2.87
10783,1552,2012,15,2166,5.93
10784,1552,2013,12,2814,7.71
10785,1552,2014,29,8258,22.62
10786,1552,2015,15,2625,7.19
10787,1552,2016,19,3975,10.89
10788,1552,2017,15,3178,8.71
10789,1552,2018,25,4638,12.71
10790,1552,2019,11,1692,4.64
10791,1552,2020,42,14346,39.3
10792,1552,2021,50,12053,33.02
10793,1552,2022,41,9667,26.48
10794,1552,2023,40,10450,28.63
10795,1552,2024,55,16492,45.18
10796,1552,2025,41,10849,29.72
10797,1553,2024,203,71947,197.12
10798,1553,2025,210,73042,200.12
10799,1554,2025,2,441,1.21
10800,1555,2023,11,5694,15.6
10801,1555,2024,153,65423,179.24
10802,1555,2025,225,76682,210.09
10803,1556,2021,1,255,0.7
10804,1556,2022,1,479,1.31
10805,1556,2023,0,0,0.0
10806,1556,2024,4,1860,5.1
10807,1556,2025,138,50069,137.18
10808,1557,2025,35,11826,32.4
10809,1558,2014,61,22990,62.99
10810,1558,2015,27,9956,27.28
10811,1558,2016,20,7304,20.01
10812,1558,2017,26,11180,30.63
10813,1558,2018,21,9701,26.58
10814,1558,2019,11,4157,11.39
10815,1558,2020,16,6182,16.94
10816,1558,2021,7,2749,7.53
10817,1558,2022,9,3129,8.57
10818,1558,2023,25,9664,26.48
10819,1558,2024,27,10890,29.84
10820,1558,2025,63,25443,69.71
10821,1559,2023,47,19855,54.4
10822,1559,2024,28,9937,27.22
10823,1559,2025,66,25329,69.39
10824,1560,2017,14,5113,14.01
10825,1560,2018,13,4445,12.18
10826,1560,2019,13,5265,14.42
10827,1560,2020,16,5866,16.07
10828,1560,2021,25,8580,23.51
10829,1560,2022,5,2486,6.81
10830,1560,2023,13,5067,13.88
10831,1560,2024,15,5746,15.74
10832,1560,2025,54,20358,55.78
10833,1561,2024,32,14331,39.26
10834,1561,2025,38,18270,50.05
10835,1562,2022,34,14005,38.37
10836,1562,2023,34,14427,39.53
10837,1562,2024,38,14286,39.14
10838,1562,2025,51,21937,60.1
10839,1563,2022,8,3367,9.22
10840,1563,2023,117,45301,124.11
10841,1563,2024,154,59723,163.62
10842,1563,2025,258,95281,261.04
10843,1564,2022,3,1659,4.55
10844,1564,2023,0,0,0.0
10845,1564,2024,30,13739,37.64
10846,1564,2025,27,13980,38.3
10847,1565,2025,76,24852,68.09
10848,1566,2025,5,1787,4.9
10849,1567,2025,15,4543,12.45
10850,1568,2016,1,639,1.75
10851,1568,2017,0,0,0.0
10852,1568,2018,0,0,0.0
10853,1568,2019,0,0,0.0
10854,1568,2020,0,0,0.0
10855,1568,2021,0,0,0.0
10856,1568,2022,15,5828,15.97
10857,1568,2023,21,8396,23.0
10858,1568,2024,36,14777,40.48
10859,1568,2025,39,14962,40.99
10860,1569,2022,148,53345,146.15
10861,1569,2023,381,129081,353.65
10862,1569,2024,665,207683,568.99
10863,1569,2025,517,170030,465.84
10864,1570,2025,248,100089,274.22
10865,1571,2018,1,289,0.79
10866,1571,2019,0,0,0.0
10867,1571,2020,6,2013,5.52
10868,1571,2021,40,10120,27.73
10869,1571,2022,101,27725,75.96
10870,1571,2023,64,15039,41.2
10871,1571,2024,130,29691,81.35
10872,1571,2025,87,19842,54.36
10873,1572,2025,67,21750,59.59
10874,1573,2020,4,1148,3.15
10875,1573,2021,3,1224,3.35
10876,1573,2022,3,1126,3.08
10877,1573,2023,7,2926,8.02
10878,1573,2024,79,31268,85.67
10879,1573,2025,63,21768,59.64
10880,1574,1986,2,524,1.44
10881,1574,1987,0,0,0.0
10882,1574,1988,0,0,0.0
10883,1574,1989,0,0,0.0
10884,1574,1990,0,0,0.0
10885,1574,1991,1,229,0.63
10886,1574,1992,1,249,0.68
10887,1574,1993,0,0,0.0
10888,1574,1994,0,0,0.0
10889,1574,1995,0,0,0.0
10890,1574,1996,0,0,0.0
10891,1574,1997,0,0,0.0
10892,1574,1998,2,414,1.13
10893,1574,1999,1,376,1.03
10894,1574,2000,0,0,0.0
10895,1574,2001,1,288,0.79
10896,1574,2002,0,0,0.0
10897,1574,2003,0,0,0.0
10898,1574,2004,1,375,1.03
10899,1574,2005,0,0,0.0
10900,1574,2006,0,0,0.0
10901,1574,2007,0,0,0.0
10902,1574,2008,0,0,0.0
10903,1574,2009,1,291,0.8
10904,1574,2010,0,0,0.0
10905,1574,2011,0,0,0.0
10906,1574,2012,0,0,0.0
10907,1574,2013,51,13948,38.21
10908,1574,2014,5,1250,3.42
10909,1574,2015,11,3373,9.24
10910,1574,2016,0,0,0.0
10911,1574,2017,65,13565,37.16
10912,1574,2018,124,31895,87.38
10913,1574,2019,74,21843,59.84
10914,1574,2020,477,143099,392.05
10915,1574,2021,382,110332,302.28
10916,1574,2022,100,31956,87.55
10917,1574,2023,409,135599,371.5
10918,1574,2024,369,100408,275.09
10919,1574,2025,646,185268,507.58
10920,1575,2013,1,284,0.78
10921,1575,2014,0,0,0.0
10922,1575,2015,0,0,0.0
10923,1575,2016,0,0,0.0
10924,1575,2017,2,556,1.52
10925,1575,2018,1,160,0.44
10926,1575,2019,0,0,0.0
10927,1575,2020,0,0,0.0
10928,1575,2021,0,0,0.0
10929,1575,2022,18,7064,19.35
10930,1575,2023,26,8410,23.04
10931,1575,2024,22,6834,18.72
10932,1575,2025,17,5066,13.88
10933,1576,2025,156,52975,145.14
10934,1577,2024,52,20608,56.46
10935,1577,2025,34,15380,42.14
10936,1578,1995,2,500,1.37
10937,1578,1996,0,0,0.0
10938,1578,1997,1,478,1.31
10939,1578,1998,0,0,0.0
10940,1578,1999,0,0,0.0
10941,1578,2000,2,377,1.03
10942,1578,2001,4,1448,3.97
10943,1578,2002,3,932,2.55
10944,1578,2003,4,1141,3.13
10945,1578,2004,10,4392,12.03
10946,1578,2005,1,608,1.67
10947,1578,2006,1,329,0.9
10948,1578,2007,0,0,0.0
10949,1578,2008,1,204,0.56
10950,1578,2009,0,0,0.0
10951,1578,2010,0,0,0.0
10952,1578,2011,1,203,0.56
10953,1578,2012,0,0,0.0
10954,1578,2013,2,416,1.14
10955,1578,2014,2,341,0.93
10956,1578,2015,2,1262,3.46
10957,1578,2016,1,348,0.95
10958,1578,2017,11,2929,8.02
10959,1578,2018,19,5403,14.8
10960,1578,2019,50,14985,41.05
10961,1578,2020,77,24029,65.83
10962,1578,2021,33,12346,33.82
10963,1578,2022,85,26009,71.26
10964,1578,2023,114,33479,91.72
10965,1578,2024,109,34353,94.12
10966,1578,2025,88,28111,77.02
10967,1579,2021,1,112,0.31
10968,1579,2022,0,0,0.0
10969,1579,2023,0,0,0.0
10970,1579,2024,0,0,0.0
10971,1579,2025,19,7149,19.59
10972,1580,2024,58,18162,49.76
10973,1580,2025,146,45178,123.78
10974,1581,2016,3,856,2.35
10975,1581,2017,1,30,0.08
10976,1581,2018,0,0,0.0
10977,1581,2019,4,1186,3.25
10978,1581,2020,44,14349,39.31
10979,1581,2021,26,7698,21.09
10980,1581,2022,40,12307,33.72
10981,1581,2023,22,6451,17.67
10982,1581,2024,21,5618,15.39
10983,1581,2025,14,3650,10.0
10984,1582,2025,10,4158,11.39
10985,1583,2018,1,720,1.97
10986,1583,2019,5,1843,5.05
10987,1583,2020,8,1986,5.44
10988,1583,2021,11,2887,7.91
10989,1583,2022,20,5925,16.23
10990,1583,2023,89,28141,77.1
10991,1583,2024,112,35958,98.52
10992,1583,2025,131,42684,116.94
10993,1584,2011,10,4266,11.69
10994,1584,2012,18,9382,25.7
10995,1584,2013,8,4807,13.17
10996,1584,2014,5,2541,6.96
10997,1584,2015,15,6549,17.94
10998,1584,2016,24,9173,25.13
10999,1584,2017,19,6448,17.67
11000,1584,2018,25,7580,20.77
11001,1584,2019,36,10286,28.18
11002,1584,2020,51,16620,45.53
11003,1584,2021,79,26507,72.62
11004,1584,2022,82,28323,77.6
11005,1584,2023,41,15634,42.83
11006,1584,2024,37,17038,46.68
11007,1584,2025,38,18120,49.64
11008,1585,2021,2,782,2.14
11009,1585,2022,0,0,0.0
11010,1585,2023,1,640,1.75
11011,1585,2024,67,25209,69.07
11012,1585,2025,73,28622,78.42
11013,1586,2023,30,10189,27.92
11014,1586,2024,26,8850,24.25
11015,1586,2025,25,9406,25.77
11016,1587,2007,1,352,0.96
11017,1587,2008,0,0,0.0
11018,1587,2009,0,0,0.0
11019,1587,2010,0,0,0.0
11020,1587,2011,0,0,0.0
11021,1587,2012,0,0,0.0
11022,1587,2013,0,0,0.0
11023,1587,2014,0,0,0.0
11024,1587,2015,0,0,0.0
11025,1587,2016,0,0,0.0
11026,1587,2017,23,6990,19.15
11027,1587,2018,10,3231,8.85
11028,1587,2019,25,6802,18.64
11029,1587,2020,24,9567,26.21
11030,1587,2021,27,8985,24.62
11031,1587,2022,9,3853,10.56
11032,1587,2023,12,4230,11.59
11033,1587,2024,3,1253,3.43
11034,1587,2025,7,3037,8.32
11035,1588,2022,4,1093,2.99
11036,1588,2023,34,13022,35.68
11037,1588,2024,52,19277,52.81
11038,1588,2025,78,27891,76.41
11039,1589,1994,3,785,2.15
11040,1589,1995,1,182,0.5
11041,1589,1996,2,352,0.96
11042,1589,1997,1,295,0.81
11043,1589,1998,0,0,0.0
11044,1589,1999,0,0,0.0
11045,1589,2000,0,0,0.0
11046,1589,2001,0,0,0.0
11047,1589,2002,0,0,0.0
11048,1589,2003,0,0,0.0
11049,1589,2004,0,0,0.0
11050,1589,2005,0,0,0.0
11051,1589,2006,0,0,0.0
11052,1589,2007,0,0,0.0
11053,1589,2008,0,0,0.0
11054,1589,2009,0,0,0.0
11055,1589,2010,0,0,0.0
11056,1589,2011,0,0,0.0
11057,1589,2012,0,0,0.0
11058,1589,2013,0,0,0.0
11059,1589,2014,0,0,0.0
11060,1589,2015,0,0,0.0
11061,1589,2016,0,0,0.0
11062,1589,2017,0,0,0.0
11063,1589,2018,0,0,0.0
11064,1589,2019,0,0,0.0
11065,1589,2020,0,0,0.0
11066,1589,2021,0,0,0.0
11067,1589,2022,0,0,0.0
11068,1589,2023,0,0,0.0
11069,1589,2024,8,1291,3.54
11070,1589,2025,8,1760,4.82
11071,1590,2010,1,137,0.38
11072,1590,2011,23,7543,20.67
11073,1590,2012,6,1881,5.15
11074,1590,2013,11,4020,11.01
11075,1590,2014,32,13308,36.46
11076,1590,2015,3,889,2.44
11077,1590,2016,8,2969,8.13
11078,1590,2017,10,3204,8.78
11079,1590,2018,10,3563,9.76
11080,1590,2019,29,11175,30.62
11081,1590,2020,4,1859,5.09
11082,1590,2021,29,13305,36.45
11083,1590,2022,254,81695,223.82
11084,1590,2023,368,122461,335.51
11085,1590,2024,23,4441,12.17
11086,1590,2025,195,56672,155.27
11087,1591,2014,7,1503,4.12
11088,1591,2015,7,3458,9.47
11089,1591,2016,4,1623,4.45
11090,1591,2017,0,0,0.0
11091,1591,2018,0,0,0.0
11092,1591,2019,11,4808,13.17
11093,1591,2020,12,3899,10.68
11094,1591,2021,1,320,0.88
11095,1591,2022,8,2449,6.71
11096,1591,2023,0,0,0.0
11097,1591,2024,5,1759,4.82
11098,1591,2025,20,5238,14.35
11099,1592,2003,1,261,0.72
11100,1592,2004,1,464,1.27
11101,1592,2005,0,0,0.0
11102,1592,2006,1,452,1.24
11103,1592,2007,0,0,0.0
11104,1592,2008,0,0,0.0
11105,1592,2009,0,0,0.0
11106,1592,2010,0,0,0.0
11107,1592,2011,0,0,0.0
11108,1592,2012,0,0,0.0
11109,1592,2013,0,0,0.0
11110,1592,2014,0,0,0.0
11111,1592,2015,0,0,0.0
11112,1592,2016,0,0,0.0
11113,1592,2017,0,0,0.0
11114,1592,2018,1,385,1.05
11115,1592,2019,2,704,1.93
11116,1592,2020,1,256,0.7
11117,1592,2021,3,1449,3.97
11118,1592,2022,25,7832,21.46
11119,1592,2023,65,20909,57.28
11120,1592,2024,56,22786,62.43
11121,1592,2025,33,9213,25.24
11122,1593,2010,26,8295,22.73
11123,1593,2011,4,1218,3.34
11124,1593,2012,0,0,0.0
11125,1593,2013,0,0,0.0
11126,1593,2014,1,352,0.96
11127,1593,2015,0,0,0.0
11128,1593,2016,2,1072,2.94
11129,1593,2017,10,3403,9.32
11130,1593,2018,52,14184,38.86
11131,1593,2019,4,1532,4.2
11132,1593,2020,4,1803,4.94
11133,1593,2021,0,0,0.0
11134,1593,2022,0,0,0.0
11135,1593,2023,4,1957,5.36
11136,1593,2024,17,7829,21.45
11137,1593,2025,26,11255,30.84
11138,1594,2009,4,1261,3.45
11139,1594,2010,2,655,1.79
11140,1594,2011,2,613,1.68
11141,1594,2012,0,0,0.0
11142,1594,2013,0,0,0.0
11143,1594,2014,0,0,0.0
11144,1594,2015,0,0,0.0
11145,1594,2016,0,0,0.0
11146,1594,2017,0,0,0.0
11147,1594,2018,0,0,0.0
11148,1594,2019,2,1202,3.29
11149,1594,2020,1,368,1.01
11150,1594,2021,17,4648,12.73
11151,1594,2022,3,703,1.93
11152,1594,2023,3,735,2.01
11153,1594,2024,35,11220,30.74
11154,1594,2025,71,20192,55.32
11155,1595,2022,1,288,0.79
11156,1595,2023,28,9384,25.71
11157,1595,2024,50,12483,34.2
11158,1595,2025,37,10646,29.17
11159,1596,2003,5,2697,7.39
11160,1596,2004,0,0,0.0
11161,1596,2005,1,652,1.79
11162,1596,2006,0,0,0.0
11163,1596,2007,1,759,2.08
11164,1596,2008,4,2446,6.7
11165,1596,2009,0,0,0.0
11166,1596,2010,0,0,0.0
11167,1596,2011,0,0,0.0
11168,1596,2012,0,0,0.0
11169,1596,2013,0,0,0.0
11170,1596,2014,0,0,0.0
11171,1596,2015,3,1732,4.75
11172,1596,2016,0,0,0.0
11173,1596,2017,0,0,0.0
11174,1596,2018,0,0,0.0
11175,1596,2019,0,0,0.0
11176,1596,2020,1,422,1.16
11177,1596,2021,2,1203,3.3
11178,1596,2022,1,320,0.88
11179,1596,2023,29,10952,30.01
11180,1596,2024,57,19310,52.9
11181,1596,2025,93,30586,83.8
11182,1597,2019,6,1207,3.31
11183,1597,2020,14,4929,13.5
11184,1597,2021,18,5983,16.39
11185,1597,2022,19,6356,17.41
11186,1597,2023,19,6518,17.86
11187,1597,2024,26,7791,21.35
11188,1597,2025,29,8984,24.61
11189,1598,2022,15,4396,12.04
11190,1598,2023,116,40505,110.97
11191,1598,2024,14,5083,13.93
11192,1598,2025,22,6594,18.07
11193,1599,2018,26,6418,17.58
11194,1599,2019,43,10884,29.82
11195,1599,2020,72,17996,49.3
11196,1599,2021,51,14443,39.57
11197,1599,2022,56,14217,38.95
11198,1599,2023,54,11927,32.68
11199,1599,2024,20,5059,13.86
11200,1599,2025,21,4623,12.67
11201,1600,2022,28,9187,25.17
11202,1600,2023,225,93734,256.81
11203,1600,2024,193,76850,210.55
11204,1600,2025,132,57839,158.46
11205,1601,2024,20,7245,19.85
11206,1601,2025,84,30223,82.8
11207,1602,2021,2,613,1.68
11208,1602,2022,3,960,2.63
11209,1602,2023,0,0,0.0
11210,1602,2024,65,25278,69.25
11211,1602,2025,165,75390,206.55
11212,1603,2019,28,10742,29.43
11213,1603,2020,23,9292,25.46
11214,1603,2021,27,9845,26.97
11215,1603,2022,17,6730,18.44
11216,1603,2023,34,13264,36.34
11217,1603,2024,45,17325,47.47
11218,1603,2025,46,17095,46.84
11219,1604,2023,37,12157,33.31
11220,1604,2024,139,40481,110.91
11221,1604,2025,153,41463,113.6
11222,1605,2024,7,2480,6.79
11223,1605,2025,26,10954,30.01
11224,1606,2023,55,20258,55.5
11225,1606,2024,64,22617,61.96
11226,1606,2025,64,25031,68.58
11227,1607,2022,23,6618,18.13
11228,1607,2023,21,7324,20.07
11229,1607,2024,17,5681,15.56
11230,1607,2025,52,19983,54.75
11231,1608,2023,65,22744,62.31
11232,1608,2024,60,21448,58.76
11233,1608,2025,59,18801,51.51
11234,1609,2023,53,22171,60.74
11235,1609,2024,71,30673,84.04
11236,1609,2025,21,9543,26.15
11237,1610,2010,2,759,2.08
11238,1610,2011,0,0,0.0
11239,1610,2012,0,0,0.0
11240,1610,2013,149,42329,115.97
11241,1610,2014,153,41615,114.01
11242,1610,2015,163,39453,108.09
11243,1610,2016,162,39586,108.45
11244,1610,2017,132,45124,123.63
11245,1610,2018,71,20475,56.1
11246,1610,2019,86,25977,71.17
11247,1610,2020,172,51071,139.92
11248,1610,2021,185,53412,146.33
11249,1610,2022,273,58406,160.02
11250,1610,2023,260,52983,145.16
11251,1610,2024,250,46432,127.21
11252,1610,2025,390,58762,160.99
11253,1611,2024,126,62150,170.27
11254,1611,2025,117,58038,159.01
11255,1612,2020,21,4321,11.84
11256,1612,2021,18,3288,9.01
11257,1612,2022,0,0,0.0
11258,1612,2023,39,7881,21.59
11259,1612,2024,23,4674,12.81
11260,1612,2025,62,22039,60.38
11261,1613,2006,1,184,0.5
11262,1613,2007,2,513,1.41
11263,1613,2008,3,1194,3.27
11264,1613,2009,8,2985,8.18
11265,1613,2010,8,3675,10.07
11266,1613,2011,1,288,0.79
11267,1613,2012,4,1481,4.06
11268,1613,2013,19,5961,16.33
11269,1613,2014,2,785,2.15
11270,1613,2015,6,1471,4.03
11271,1613,2016,10,2773,7.6
11272,1613,2017,3,997,2.73
11273,1613,2018,3,944,2.59
11274,1613,2019,4,885,2.42
11275,1613,2020,50,10729,29.39
11276,1613,2021,35,11468,31.42
11277,1613,2022,41,13113,35.93
11278,1613,2023,51,18029,49.39
11279,1613,2024,50,13758,37.69
11280,1613,2025,50,14155,38.78
11281,1614,2011,16,5492,15.05
11282,1614,2012,49,14214,38.94
11283,1614,2013,117,34264,93.87
11284,1614,2014,91,30668,84.02
11285,1614,2015,106,26360,72.22
11286,1614,2016,23,6687,18.32
11287,1614,2017,2,868,2.38
11288,1614,2018,27,9542,26.14
11289,1614,2019,40,11573,31.71
11290,1614,2020,43,14275,39.11
11291,1614,2021,82,23402,64.12
11292,1614,2022,68,24287,66.54
11293,1614,2023,73,23984,65.71
11294,1614,2024,85,27043,74.09
11295,1614,2025,119,37004,101.38
11296,1615,2022,406,115000,315.07
11297,1615,2023,900,268347,735.2
11298,1615,2024,1200,257660,705.92
11299,1615,2025,1275,210885,577.77
11300,1616,2013,4,1278,3.5
11301,1616,2014,3,784,2.15
11302,1616,2015,15,5610,15.37
11303,1616,2016,7,2430,6.66
11304,1616,2017,13,4448,12.19
11305,1616,2018,0,0,0.0
11306,1616,2019,1,120,0.33
11307,1616,2020,14,5845,16.01
11308,1616,2021,61,23447,64.24
11309,1616,2022,76,28597,78.35
11310,1616,2023,119,48863,133.87
11311,1616,2024,127,54132,148.31
11312,1616,2025,177,77537,212.43
11313,1617,2023,18,5548,15.2
11314,1617,2024,135,51584,141.33
11315,1617,2025,69,23437,64.21
11316,1618,2022,29,12671,34.72
11317,1618,2023,22,11081,30.36
11318,1618,2024,57,20553,56.31
11319,1618,2025,92,29851,81.78
11320,1619,2025,3,1237,3.39
11321,1620,2021,5,1642,4.5
11322,1620,2022,325,113387,310.65
11323,1620,2023,413,138140,378.47
11324,1620,2024,381,133814,366.61
11325,1620,2025,395,130697,358.07
11326,1621,2022,15,5569,15.26
11327,1621,2023,44,17268,47.31
11328,1621,2024,59,23191,63.54
11329,1621,2025,61,24779,67.89
11330,1622,2019,4,1757,4.81
11331,1622,2020,202,66151,181.24
11332,1622,2021,238,78375,214.73
11333,1622,2022,252,85414,234.01
11334,1622,2023,256,89963,246.47
11335,1622,2024,231,81942,224.5
11336,1622,2025,214,70973,194.45
11337,1623,2020,1,274,0.75
11338,1623,2021,6,2330,6.38
11339,1623,2022,40,16795,46.01
11340,1623,2023,45,20988,57.5
11341,1623,2024,78,34801,95.35
11342,1623,2025,60,22898,62.73
11343,1624,2023,5,3129,8.57
11344,1624,2024,28,16103,44.12
11345,1624,2025,21,9570,26.22
11346,1625,2025,32,12036,32.98
11347,1626,2023,14,5875,16.1
11348,1626,2024,51,18763,51.41
11349,1626,2025,49,17153,46.99
11350,1627,2023,3,2004,5.49
11351,1627,2024,13,5394,14.78
11352,1627,2025,43,25885,70.92
11353,1628,2024,3,767,2.1
11354,1628,2025,14,4956,13.58
11355,1629,2025,1,261,0.72
11356,1630,2023,31,10319,28.27
11357,1630,2024,39,12877,35.28
11358,1630,2025,35,10881,29.81
11359,1631,2024,2,633,1.73
11360,1631,2025,42,16463,45.1
11361,1632,2025,10,4165,11.41
11362,1633,2023,2,710,1.95
11363,1633,2024,1,474,1.3
11364,1634,2024,64,25288,69.28
11365,1634,2025,80,24886,68.18
11366,1635,2022,34,13463,36.88
11367,1635,2023,33,12371,33.89
11368,1635,2024,23,9027,24.73
11369,1635,2025,30,11158,30.57
11370,1636,2022,184,57331,157.07
11371,1636,2023,149,56443,154.64
11372,1636,2024,139,52331,143.37
11373,1636,2025,231,78953,216.31
11374,1637,2013,7,2506,6.87
11375,1637,2014,42,15474,42.39
11376,1637,2015,86,19461,53.32
11377,1637,2016,75,29059,79.61
11378,1637,2017,99,36546,100.13
11379,1637,2018,39,18329,50.22
11380,1637,2019,41,13596,37.25
11381,1637,2020,37,14192,38.88
11382,1637,2021,179,58785,161.05
11383,1637,2022,34,12147,33.28
11384,1637,2023,35,11619,31.83
11385,1637,2024,16,3985,10.92
11386,1637,2025,10,2765,7.58
11387,1638,2020,1,288,0.79
11388,1638,2021,1,464,1.27
11389,1638,2022,0,0,0.0
11390,1638,2023,12,4033,11.05
11391,1638,2024,28,9510,26.05
11392,1638,2025,32,11489,31.48
11393,1639,2022,2,369,1.01
11394,1639,2023,44,15162,41.54
11395,1639,2024,46,23550,64.52
11396,1639,2025,165,50605,138.64
11397,1640,2018,1,313,0.86
11398,1640,2019,0,0,0.0
11399,1640,2020,2,589,1.61
11400,1640,2021,36,11752,32.2
11401,1640,2022,45,16660,45.64
11402,1640,2023,47,17699,48.49
11403,1640,2024,47,18199,49.86
11404,1640,2025,45,16937,46.4
11405,1641,2013,9,2074,5.68
11406,1641,2014,11,3365,9.22
11407,1641,2015,7,1667,4.57
11408,1641,2016,29,9464,25.93
11409,1641,2017,7,1776,4.87
11410,1641,2018,6,3163,8.67
11411,1641,2019,7,679,1.86
11412,1641,2020,2,564,1.55
11413,1641,2021,0,0,0.0
11414,1641,2022,0,0,0.0
11415,1641,2023,0,0,0.0
11416,1641,2024,0,0,0.0
11417,1641,2025,2,1430,3.92
11418,1642,2025,61,20675,56.64
11419,1643,2025,22,7753,21.24
11420,1644,2025,3,2081,5.7
11421,1645,2023,103,44171,121.02
11422,1645,2024,100,42401,116.17
11423,1645,2025,105,45031,123.37
11424,1646,2025,26,11275,30.89
11425,1647,2015,7,3077,8.43
11426,1647,2016,19,7085,19.41
11427,1647,2017,5,1887,5.17
11428,1647,2018,9,3808,10.43
11429,1647,2019,10,3670,10.05
11430,1647,2020,13,4656,12.76
11431,1647,2021,1,298,0.82
11432,1647,2022,0,0,0.0
11433,1647,2023,0,0,0.0
11434,1647,2024,29,13371,36.63
11435,1647,2025,33,14988,41.06
11436,1648,2022,19,6768,18.54
11437,1648,2023,13,4615,12.64
11438,1648,2024,50,18428,50.49
11439,1648,2025,62,22034,60.37
11440,1649,2022,1,352,0.96
11441,1649,2023,112,42519,116.49
11442,1649,2024,106,44673,122.39
11443,1649,2025,125,50488,138.32
11444,1650,2022,41,11584,31.74
11445,1650,2023,100,34665,94.97
11446,1650,2024,119,40542,111.07
11447,1650,2025,161,57430,157.34
11448,1651,2022,24,7086,19.41
11449,1651,2023,0,0,0.0
11450,1651,2024,72,25305,69.33
11451,1651,2025,91,31930,87.48
11452,1652,2015,12,3720,10.19
11453,1652,2016,51,16516,45.25
11454,1652,2017,127,39906,109.33
11455,1652,2018,186,45162,123.73
11456,1652,2019,141,41308,113.17
11457,1652,2020,104,32394,88.75
11458,1652,2021,100,30987,84.9
11459,1652,2022,81,27163,74.42
11460,1652,2023,110,36213,99.21
11461,1652,2024,90,30614,83.87
11462,1652,2025,106,37086,101.61
11463,1653,2023,66,26708,73.17
11464,1653,2024,60,29189,79.97
11465,1653,2025,55,29046,79.58
11466,1654,2025,42,16583,45.43
11467,1655,2012,45,18173,49.79
11468,1655,2013,31,13542,37.1
11469,1655,2014,21,8959,24.55
11470,1655,2015,14,4742,12.99
11471,1655,2016,15,5606,15.36
11472,1655,2017,16,5464,14.97
11473,1655,2018,26,9978,27.34
11474,1655,2019,21,6897,18.9
11475,1655,2020,15,4987,13.66
11476,1655,2021,23,8316,22.78
11477,1655,2022,38,11387,31.2
11478,1655,2023,28,9994,27.38
11479,1655,2024,28,12491,34.22
11480,1655,2025,114,46292,126.83
11481,1656,2021,5,1670,4.58
11482,1656,2022,38,12271,33.62
11483,1656,2023,61,20543,56.28
11484,1656,2024,56,18841,51.62
11485,1656,2025,44,15055,41.25
11486,1657,2005,1,403,1.1
11487,1657,2006,3,954,2.61
11488,1657,2007,3,1024,2.81
11489,1657,2008,4,1199,3.28
11490,1657,2009,0,0,0.0
11491,1657,2010,0,0,0.0
11492,1657,2011,0,0,0.0
11493,1657,2012,1,112,0.31
11494,1657,2013,0,0,0.0
11495,1657,2014,3,1090,2.99
11496,1657,2015,0,0,0.0
11497,1657,2016,0,0,0.0
11498,1657,2017,8,2796,7.66
11499,1657,2018,33,12288,33.67
11500,1657,2019,169,54604,149.6
11501,1657,2020,119,39910,109.34
11502,1657,2021,82,27223,74.58
11503,1657,2022,30,9428,25.83
11504,1657,2023,99,34651,94.93
11505,1657,2024,93,30549,83.7
11506,1657,2025,109,37827,103.64
11507,1658,2023,36,10388,28.46
11508,1658,2024,24,8670,23.75
11509,1658,2025,22,7799,21.37
11510,1659,2025,27,12217,33.47
11511,1660,2023,6,3012,8.25
11512,1660,2024,38,15671,42.93
11513,1660,2025,44,14897,40.81
11514,1661,2024,44,14531,39.81
11515,1661,2025,99,30611,83.87
11516,1662,2022,21,7036,19.28
11517,1662,2023,56,19408,53.17
11518,1662,2024,89,31411,86.06
11519,1662,2025,64,24804,67.96
11520,1663,2014,5,2019,5.53
11521,1663,2015,0,0,0.0
11522,1663,2016,73,25988,71.2
11523,1663,2017,93,31705,86.86
11524,1663,2018,70,21024,57.6
11525,1663,2019,100,30429,83.37
11526,1663,2020,105,31624,86.64
11527,1663,2021,97,30551,83.7
11528,1663,2022,134,46555,127.55
11529,1663,2023,100,35614,97.57
11530,1663,2024,103,32785,89.82
11531,1663,2025,101,33442,91.62
11532,1664,2000,2,588,1.61
11533,1664,2001,1,398,1.09
11534,1664,2002,0,0,0.0
11535,1664,2003,1,274,0.75
11536,1664,2004,3,691,1.89
11537,1664,2005,3,1867,5.12
11538,1664,2006,2,669,1.83
11539,1664,2007,0,0,0.0
11540,1664,2008,2,642,1.76
11541,1664,2009,0,0,0.0
11542,1664,2010,0,0,0.0
11543,1664,2011,1,374,1.02
11544,1664,2012,28,9785,26.81
11545,1664,2013,33,12187,33.39
11546,1664,2014,10,3980,10.9
11547,1664,2015,9,3746,10.26
11548,1664,2016,4,1167,3.2
11549,1664,2017,19,6634,18.18
11550,1664,2018,33,11418,31.28
11551,1664,2019,20,6410,17.56
11552,1664,2020,23,7546,20.67
11553,1664,2021,87,28257,77.42
11554,1664,2022,47,15424,42.26
11555,1664,2023,81,28558,78.24
11556,1664,2024,150,49729,136.24
11557,1664,2025,155,49340,135.18
11558,1665,2025,1,940,2.58
11559,1666,2024,5,1066,2.92
11560,1666,2025,120,33600,92.05
11561,1667,1998,1,32,0.09
11562,1667,1999,0,0,0.0
11563,1667,2000,0,0,0.0
11564,1667,2001,0,0,0.0
11565,1667,2002,2,104,0.28
11566,1667,2003,3,208,0.57
11567,1667,2004,4,412,1.13
11568,1667,2005,3,200,0.55
11569,1667,2006,0,0,0.0
11570,1667,2007,6,1092,2.99
11571,1667,2008,8,1492,4.09
11572,1667,2009,3,507,1.39
11573,1667,2010,7,1273,3.49
11574,1667,2011,6,1540,4.22
11575,1667,2012,14,3283,8.99
11576,1667,2013,11,3214,8.81
11577,1667,2014,28,8438,23.12
11578,1667,2015,27,8522,23.35
11579,1667,2016,25,10045,27.52
11580,1667,2017,4,2656,7.28
11581,1667,2018,6,2576,7.06
11582,1667,2019,3,1139,3.12
11583,1667,2020,6,2035,5.58
11584,1667,2021,12,5426,14.87
11585,1667,2022,12,4706,12.89
11586,1667,2023,61,23004,63.02
11587,1667,2024,41,16276,44.59
11588,1667,2025,46,18532,50.77
11589,1668,2019,1,400,1.1
11590,1668,2020,0,0,0.0
11591,1668,2021,0,0,0.0
11592,1668,2022,0,0,0.0
11593,1668,2023,9,3165,8.67
11594,1668,2024,36,10988,30.1
11595,1668,2025,74,24296,66.56
11596,1669,2025,10,3472,9.51
11597,1670,2017,4,1101,3.02
11598,1670,2018,29,10483,28.72
11599,1670,2019,60,24047,65.88
11600,1670,2020,125,43602,119.46
11601,1670,2021,201,61380,168.16
11602,1670,2022,255,73764,202.09
11603,1670,2023,409,120008,328.79
11604,1670,2024,280,78867,216.07
11605,1670,2025,302,83565,228.95
11606,1671,2018,14,5327,14.59
11607,1671,2019,32,11305,30.97
11608,1671,2020,17,3765,10.32
11609,1671,2021,9,2695,7.38
11610,1671,2022,0,0,0.0
11611,1671,2023,40,13865,37.99
11612,1671,2024,61,21632,59.27
11613,1671,2025,107,33575,91.99
11614,1672,2006,1,394,1.08
11615,1672,2007,0,0,0.0
11616,1672,2008,0,0,0.0
11617,1672,2009,0,0,0.0
11618,1672,2010,0,0,0.0
11619,1672,2011,0,0,0.0
11620,1672,2012,0,0,0.0
11621,1672,2013,0,0,0.0
11622,1672,2014,37,13609,37.28
11623,1672,2015,43,15271,41.84
11624,1672,2016,62,16654,45.63
11625,1672,2017,59,14861,40.72
11626,1672,2018,3,433,1.19
11627,1672,2019,5,1859,5.09
11628,1672,2020,27,8322,22.8
11629,1672,2021,37,11315,31.0
11630,1672,2022,36,10797,29.58
11631,1672,2023,43,13899,38.08
11632,1672,2024,49,15493,42.45
11633,1672,2025,36,13561,37.15
11634,1673,2024,4,1496,4.1
11635,1673,2025,50,15476,42.4
11636,1674,2019,6,1827,5.01
11637,1674,2020,10,3295,9.03
11638,1674,2021,146,51568,141.28
11639,1674,2022,217,74805,204.95
11640,1674,2023,179,61905,169.6
11641,1674,2024,218,69759,191.12
11642,1674,2025,130,44345,121.49
11643,1675,2021,8,2982,8.17
11644,1675,2022,7,2961,8.11
11645,1675,2023,9,3213,8.8
11646,1675,2024,11,3572,9.79
11647,1675,2025,14,4709,12.9
11648,1676,2022,44,19767,54.16
11649,1676,2023,88,37120,101.7
11650,1676,2024,92,38256,104.81
11651,1676,2025,111,43444,119.02
11652,1677,2022,8,2494,6.83
11653,1677,2023,51,17469,47.86
11654,1677,2024,65,23634,64.75
11655,1677,2025,81,29672,81.29
11656,1678,2022,3,1146,3.14
11657,1678,2023,78,27154,74.39
11658,1678,2024,14,5403,14.8
11659,1678,2025,46,16375,44.86
11660,1679,2022,17,5140,14.08
11661,1679,2023,78,23702,64.94
11662,1679,2024,102,33781,92.55
11663,1679,2025,109,34028,93.23
11664,1680,2016,3,1222,3.35
11665,1680,2017,10,3847,10.54
11666,1680,2018,11,3663,10.04
11667,1680,2019,9,1924,5.27
11668,1680,2020,22,5888,16.13
11669,1680,2021,24,5399,14.79
11670,1680,2022,10,3637,9.96
11671,1680,2023,15,5090,13.95
11672,1680,2024,27,10756,29.47
11673,1680,2025,27,9094,24.92
11674,1681,2021,1,288,0.79
11675,1681,2022,0,0,0.0
11676,1681,2023,26,11292,30.94
11677,1681,2024,67,26063,71.41
11678,1681,2025,60,25971,71.15
11679,1682,2022,15,4207,11.53
11680,1682,2023,17,3919,10.74
11681,1682,2024,12,3611,9.89
11682,1682,2025,19,3083,8.45
11683,1683,2022,15,5260,14.41
11684,1683,2023,24,9496,26.02
11685,1683,2024,33,11539,31.61
11686,1683,2025,21,7169,19.64
11687,1684,2022,12,4141,11.35
11688,1684,2023,17,5571,15.26
11689,1684,2024,3,1007,2.76
11690,1684,2025,33,12258,33.58
11691,1685,2021,52,17237,47.22
11692,1685,2022,113,38263,104.83
11693,1685,2023,134,44004,120.56
11694,1685,2024,166,54949,150.55
11695,1685,2025,158,53068,145.39
11696,1686,2024,84,32931,90.22
11697,1686,2025,94,36916,101.14
11698,1687,2016,3,1668,4.57
11699,1687,2017,0,0,0.0
11700,1687,2018,1,432,1.18
11701,1687,2019,0,0,0.0
11702,1687,2020,0,0,0.0
11703,1687,2021,0,0,0.0
11704,1687,2022,11,4551,12.47
11705,1687,2023,0,0,0.0
11706,1687,2024,0,0,0.0
11707,1687,2025,9,3603,9.87
11708,1688,2012,4,1724,4.72
11709,1688,2013,27,7864,21.55
11710,1688,2014,46,17470,47.86
11711,1688,2015,33,10110,27.7
11712,1688,2016,96,32423,88.83
11713,1688,2017,45,16077,44.05
11714,1688,2018,38,11123,30.47
11715,1688,2019,31,9610,26.33
11716,1688,2020,31,7864,21.55
11717,1688,2021,33,9310,25.51
11718,1688,2022,37,11050,30.27
11719,1688,2023,46,11748,32.19
11720,1688,2024,41,11687,32.02
11721,1688,2025,25,7195,19.71
11722,1689,2018,1,1034,2.83
11723,1689,2019,1,850,2.33
11724,1689,2020,33,14214,38.94
11725,1689,2021,37,15493,42.45
11726,1689,2022,35,13571,37.18
11727,1689,2023,31,11752,32.2
11728,1689,2024,39,14683,40.23
11729,1689,2025,38,12426,34.04
11730,1690,2001,2,218,0.6
11731,1690,2002,0,0,0.0
11732,1690,2003,0,0,0.0
11733,1690,2004,0,0,0.0
11734,1690,2005,0,0,0.0
11735,1690,2006,0,0,0.0
11736,1690,2007,0,0,0.0
11737,1690,2008,0,0,0.0
11738,1690,2009,0,0,0.0
11739,1690,2010,3,834,2.28
11740,1690,2011,0,0,0.0
11741,1690,2012,4,2681,7.35
11742,1690,2013,0,0,0.0
11743,1690,2014,0,0,0.0
11744,1690,2015,0,0,0.0
11745,1690,2016,0,0,0.0
11746,1690,2017,17,3108,8.52
11747,1690,2018,9,2981,8.17
11748,1690,2019,22,4487,12.29
11749,1690,2020,28,2907,7.96
11750,1690,2021,41,7166,19.63
11751,1690,2022,7,2936,8.04
11752,1690,2023,43,9014,24.7
11753,1690,2024,35,6090,16.68
11754,1690,2025,14,3012,8.25
11755,1691,2023,19,5843,16.01
11756,1691,2024,95,28280,77.48
11757,1691,2025,95,29573,81.02
11758,1692,2021,1,272,0.75
11759,1692,2022,3,1166,3.19
11760,1692,2023,58,17099,46.85
11761,1692,2024,60,18037,49.42
11762,1692,2025,71,22496,61.63
11763,1693,2022,49,16653,45.62
11764,1693,2023,61,19532,53.51
11765,1693,2024,65,21885,59.96
11766,1693,2025,46,13724,37.6
11767,1694,2025,36,13725,37.6
11768,1695,2011,4,1003,2.75
11769,1695,2012,3,895,2.45
11770,1695,2013,6,1792,4.91
11771,1695,2014,4,1126,3.08
11772,1695,2015,3,1122,3.07
11773,1695,2016,3,794,2.18
11774,1695,2017,4,1843,5.05
11775,1695,2018,1,867,2.38
11776,1695,2019,2,1416,3.88
11777,1695,2020,31,13418,36.76
11778,1695,2021,13,4949,13.56
11779,1695,2022,57,20863,57.16
11780,1695,2023,162,60120,164.71
11781,1695,2024,127,42725,117.05
11782,1695,2025,98,36565,100.18
11783,1696,2025,48,13051,35.76
11784,1697,2025,16,5186,14.21
11785,1698,2008,1,24,0.07
11786,1698,2009,0,0,0.0
11787,1698,2010,0,0,0.0
11788,1698,2011,0,0,0.0
11789,1698,2012,2,578,1.58
11790,1698,2013,22,7418,20.32
11791,1698,2014,23,10278,28.16
11792,1698,2015,14,5332,14.61
11793,1698,2016,52,18341,50.25
11794,1698,2017,96,21581,59.13
11795,1698,2018,35,11363,31.13
11796,1698,2019,43,17515,47.99
11797,1698,2020,45,17616,48.26
11798,1698,2021,25,7433,20.36
11799,1698,2022,32,10929,29.94
11800,1698,2023,11,3488,9.56
11801,1698,2024,52,17214,47.16
11802,1698,2025,27,8405,23.03
11803,1699,2020,1,266,0.73
11804,1699,2021,1,297,0.81
11805,1699,2022,8,2805,7.68
11806,1699,2023,19,5653,15.49
11807,1699,2024,18,5607,15.36
11808,1699,2025,35,11822,32.39
11809,1700,2000,1,435,1.19
11810,1700,2001,0,0,0.0
11811,1700,2002,0,0,0.0
11812,1700,2003,1,450,1.23
11813,1700,2004,0,0,0.0
11814,1700,2005,1,652,1.79
11815,1700,2006,0,0,0.0
11816,1700,2007,0,0,0.0
11817,1700,2008,0,0,0.0
11818,1700,2009,0,0,0.0
11819,1700,2010,1,200,0.55
11820,1700,2011,0,0,0.0
11821,1700,2012,0,0,0.0
11822,1700,2013,0,0,0.0
11823,1700,2014,0,0,0.0
11824,1700,2015,0,0,0.0
11825,1700,2016,5,2092,5.73
11826,1700,2017,3,1030,2.82
11827,1700,2018,15,5707,15.64
11828,1700,2019,11,5169,14.16
11829,1700,2020,31,12513,34.28
11830,1700,2021,16,6505,17.82
11831,1700,2022,58,25966,71.14
11832,1700,2023,68,29850,81.78
11833,1700,2024,104,46142,126.42
11834,1700,2025,99,44288,121.34
11835,1701,2025,28,12119,33.2
11836,1702,2024,13,4037,11.06
11837,1702,2025,38,11814,32.37
11838,1703,2011,4,1400,3.84
11839,1703,2012,3,1284,3.52
11840,1703,2013,1,288,0.79
11841,1703,2014,6,1693,4.64
11842,1703,2015,1,329,0.9
11843,1703,2016,0,0,0.0
11844,1703,2017,7,2142,5.87
11845,1703,2018,25,8378,22.95
11846,1703,2019,57,17236,47.22
11847,1703,2020,99,29590,81.07
11848,1703,2021,193,55288,151.47
11849,1703,2022,200,54744,149.98
11850,1703,2023,161,52330,143.37
11851,1703,2024,160,48629,133.23
11852,1703,2025,115,31297,85.75
11853,1704,2025,38,20415,55.93
11854,1705,2006,1,141,0.39
11855,1705,2007,5,2387,6.54
11856,1705,2008,1,768,2.1
11857,1705,2009,1,359,0.98
11858,1705,2010,3,937,2.57
11859,1705,2011,8,4293,11.76
11860,1705,2012,7,3250,8.9
11861,1705,2013,16,7039,19.28
11862,1705,2014,32,11831,32.41
11863,1705,2015,22,8310,22.77
11864,1705,2016,15,6455,17.68
11865,1705,2017,25,7841,21.48
11866,1705,2018,26,10123,27.73
11867,1705,2019,88,9774,26.78
11868,1705,2020,30,8184,22.42
11869,1705,2021,34,12281,33.65
11870,1705,2022,20,4521,12.39
11871,1705,2023,97,8525,23.36
11872,1705,2024,44,12673,34.72
11873,1705,2025,47,13431,36.8
11874,1706,2024,1,613,1.68
11875,1706,2025,21,6644,18.2
11876,1707,2020,11,3814,10.45
11877,1707,2021,6,1697,4.65
11878,1707,2022,5,1709,4.68
11879,1707,2023,1,288,0.79
11880,1707,2024,52,16285,44.62
11881,1707,2025,85,27659,75.78
11882,1708,2023,1,100,0.27
11883,1708,2024,3,426,1.17
11884,1708,2025,11,3526,9.66
11885,1709,2023,1,197,0.54
11886,1709,2024,3,1504,4.12
11887,1709,2025,84,27396,75.06
11888,1710,2003,1,389,1.07
11889,1710,2004,0,0,0.0
11890,1710,2005,0,0,0.0
11891,1710,2006,0,0,0.0
11892,1710,2007,0,0,0.0
11893,1710,2008,0,0,0.0
11894,1710,2009,0,0,0.0
11895,1710,2010,0,0,0.0
11896,1710,2011,0,0,0.0
11897,1710,2012,0,0,0.0
11898,1710,2013,2,959,2.63
11899,1710,2014,1,849,2.33
11900,1710,2015,0,0,0.0
11901,1710,2016,0,0,0.0
11902,1710,2017,4,1411,3.87
11903,1710,2018,0,0,0.0
11904,1710,2019,0,0,0.0
11905,1710,2020,0,0,0.0
11906,1710,2021,0,0,0.0
11907,1710,2022,0,0,0.0
11908,1710,2023,0,0,0.0
11909,1710,2024,0,0,0.0
11910,1710,2025,28,8539,23.39
11911,1711,2024,120,40521,111.02
11912,1711,2025,102,36523,100.06
11913,1712,2022,1,358,0.98
11914,1712,2023,0,0,0.0
11915,1712,2024,0,0,0.0
11916,1712,2025,74,31281,85.7
11917,1713,2024,114,37238,102.02
11918,1713,2025,116,37439,102.57
11919,1714,2012,1,485,1.33
11920,1714,2013,0,0,0.0
11921,1714,2014,0,0,0.0
11922,1714,2015,2,658,1.8
11923,1714,2016,0,0,0.0
11924,1714,2017,4,1358,3.72
11925,1714,2018,3,1009,2.76
11926,1714,2019,0,0,0.0
11927,1714,2020,7,2728,7.47
11928,1714,2021,17,6153,16.86
11929,1714,2022,78,19677,53.91
11930,1714,2023,450,104558,286.46
11931,1714,2024,410,108733,297.9
11932,1714,2025,408,116907,320.29
11933,1715,2024,75,41644,114.09
11934,1715,2025,76,32896,90.13
11935,1716,2025,163,54178,148.43
11936,1717,2023,1,275,0.75
11937,1717,2024,0,0,0.0
11938,1717,2025,27,11101,30.41
11939,1718,2023,3,1076,2.95
11940,1718,2024,8,2876,7.88
11941,1718,2025,18,6271,17.18
11942,1719,2018,1,538,1.47
11943,1719,2019,1,538,1.47
11944,1719,2020,0,0,0.0
11945,1719,2021,60,23178,63.5
11946,1719,2022,92,33774,92.53
11947,1719,2023,1,412,1.13
11948,1719,2024,57,21842,59.84
11949,1719,2025,90,35507,97.28
11950,1720,2013,10,3058,8.38
11951,1720,2014,4,858,2.35
11952,1720,2015,16,3258,8.93
11953,1720,2016,53,9545,26.15
11954,1720,2017,19,3447,9.44
11955,1720,2018,26,6001,16.44
11956,1720,2019,32,9688,26.54
11957,1720,2020,26,6908,18.93
11958,1720,2021,12,4961,13.59
11959,1720,2022,19,5527,15.14
11960,1720,2023,20,6801,18.63
11961,1720,2024,26,7850,21.51
11962,1720,2025,66,14742,40.39
11963,1721,2024,25,8318,22.79
11964,1721,2025,24,7574,20.75
11965,1722,2021,45,16090,44.08
11966,1722,2022,76,27166,74.43
11967,1722,2023,85,29122,79.79
11968,1722,2024,2,2438,6.68
11969,1722,2025,118,35164,96.34
11970,1723,2024,39,9873,27.05
11971,1723,2025,78,22262,60.99
11972,1724,2005,2,747,2.05
11973,1724,2006,0,0,0.0
11974,1724,2007,6,1844,5.05
11975,1724,2008,4,2446,6.7
11976,1724,2009,0,0,0.0
11977,1724,2010,0,0,0.0
11978,1724,2011,2,408,1.12
11979,1724,2012,3,907,2.48
11980,1724,2013,2,766,2.1
11981,1724,2014,2,1051,2.88
11982,1724,2015,1,167,0.46
11983,1724,2016,0,0,0.0
11984,1724,2017,1,387,1.06
11985,1724,2018,0,0,0.0
11986,1724,2019,1,288,0.79
11987,1724,2020,1,202,0.55
11988,1724,2021,11,4519,12.38
11989,1724,2022,17,5726,15.69
11990,1724,2023,54,23099,63.28
11991,1724,2024,75,33260,91.12
11992,1724,2025,42,18342,50.25
11993,1725,2015,58,19677,53.91
11994,1725,2016,96,31493,86.28
11995,1725,2017,56,18065,49.49
11996,1725,2018,118,34853,95.49
11997,1725,2019,78,20069,54.98
11998,1725,2020,53,19043,52.17
11999,1725,2021,54,20463,56.06
12000,1725,2022,172,89785,245.99
12001,1725,2023,188,77118,211.28
12002,1725,2024,212,69984,191.74
12003,1725,2025,217,75127,205.83
12004,1726,2021,2,1138,3.12
12005,1726,2022,4,2674,7.33
12006,1726,2023,49,22134,60.64
12007,1726,2024,104,39020,106.9
12008,1726,2025,195,66259,181.53
12009,1727,2022,10,4171,11.43
12010,1727,2023,30,9981,27.35
12011,1727,2024,32,10294,28.2
12012,1727,2025,25,7475,20.48
12013,1728,2024,12,5869,16.08
12014,1728,2025,27,12669,34.71
12015,1729,2022,9,3207,8.79
12016,1729,2023,30,13032,35.7
12017,1729,2024,42,16521,45.26
12018,1729,2025,51,20248,55.47
12019,1730,2010,2,1218,3.34
12020,1730,2011,0,0,0.0
12021,1730,2012,2,1230,3.37
12022,1730,2013,0,0,0.0
12023,1730,2014,0,0,0.0
12024,1730,2015,0,0,0.0
12025,1730,2016,0,0,0.0
12026,1730,2017,0,0,0.0
12027,1730,2018,0,0,0.0
12028,1730,2019,1,284,0.78
12029,1730,2020,0,0,0.0
12030,1730,2021,3,890,2.44
12031,1730,2022,0,0,0.0
12032,1730,2023,13,6420,17.59
12033,1730,2024,40,16828,46.1
12034,1730,2025,32,12086,33.11
12035,1731,2017,7,3104,8.5
12036,1731,2018,4,1184,3.24
12037,1731,2019,2,384,1.05
12038,1731,2020,2,896,2.45
12039,1731,2021,2,753,2.06
12040,1731,2022,9,3222,8.83
12041,1731,2023,2,801,2.19
12042,1731,2024,22,9088,24.9
12043,1731,2025,48,18416,50.45
12044,1732,2025,43,15871,43.48
12045,1733,2024,48,17317,47.44
12046,1733,2025,120,38853,106.45
12047,1734,2022,14,5826,15.96
12048,1734,2023,24,9542,26.14
12049,1734,2024,11,3675,10.07
12050,1734,2025,11,5009,13.72
12051,1735,2008,1,456,1.25
12052,1735,2009,0,0,0.0
12053,1735,2010,0,0,0.0
12054,1735,2011,0,0,0.0
12055,1735,2012,0,0,0.0
12056,1735,2013,0,0,0.0
12057,1735,2014,0,0,0.0
12058,1735,2015,0,0,0.0
12059,1735,2016,0,0,0.0
12060,1735,2017,0,0,0.0
12061,1735,2018,0,0,0.0
12062,1735,2019,0,0,0.0
12063,1735,2020,1,355,0.97
12064,1735,2021,2,729,2.0
12065,1735,2022,8,3285,9.0
12066,1735,2023,28,9439,25.86
12067,1735,2024,62,20968,57.45
12068,1735,2025,51,17910,49.07
12069,1736,2024,1,548,1.5
12070,1736,2025,55,19497,53.42
12071,1737,2021,58,23985,65.71
12072,1737,2022,1,479,1.31
12073,1737,2023,63,26710,73.18
12074,1737,2024,40,17168,47.04
12075,1737,2025,34,15970,43.75
12076,1738,2020,5,1948,5.34
12077,1738,2021,39,14764,40.45
12078,1738,2022,2,768,2.1
12079,1738,2023,0,0,0.0
12080,1738,2024,4,1581,4.33
12081,1738,2025,81,30760,84.27
12082,1739,1987,3,786,2.15
12083,1739,1988,0,0,0.0
12084,1739,1989,3,665,1.82
12085,1739,1990,0,0,0.0
12086,1739,1991,1,0,0.0
12087,1739,1992,2,627,1.72
12088,1739,1993,1,404,1.11
12089,1739,1994,12,5693,15.6
12090,1739,1995,10,2578,7.06
12091,1739,1996,5,1498,4.1
12092,1739,1997,3,892,2.44
12093,1739,1998,1,240,0.66
12094,1739,1999,3,871,2.39
12095,1739,2000,7,3657,10.02
12096,1739,2001,4,1603,4.39
12097,1739,2002,5,1845,5.05
12098,1739,2003,4,1493,4.09
12099,1739,2004,1,345,0.95
12100,1739,2005,2,1022,2.8
12101,1739,2006,10,2335,6.4
12102,1739,2007,14,4384,12.01
12103,1739,2008,77,11200,30.68
12104,1739,2009,136,16633,45.57
12105,1739,2010,96,14538,39.83
12106,1739,2011,32,7516,20.59
12107,1739,2012,68,15625,42.81
12108,1739,2013,48,14136,38.73
12109,1739,2014,102,15816,43.33
12110,1739,2015,99,12863,35.24
12111,1739,2016,105,23896,65.47
12112,1739,2017,47,7489,20.52
12113,1739,2018,58,14659,40.16
12114,1739,2019,58,11946,32.73
12115,1739,2020,55,11980,32.82
12116,1739,2021,55,9614,26.34
12117,1739,2022,50,10616,29.08
12118,1739,2023,31,7270,19.92
12119,1739,2024,39,16367,44.84
12120,1739,2025,62,23863,65.38
12121,1740,2016,2,816,2.24
12122,1740,2017,19,7331,20.08
12123,1740,2018,12,4440,12.16
12124,1740,2019,11,4967,13.61
12125,1740,2020,10,3582,9.81
12126,1740,2021,13,4674,12.81
12127,1740,2022,0,0,0.0
12128,1740,2023,17,5533,15.16
12129,1740,2024,12,4396,12.04
12130,1740,2025,14,5352,14.66
12131,1741,2019,59,21316,58.4
12132,1741,2020,196,73959,202.63
12133,1741,2021,233,80329,220.08
12134,1741,2022,195,67084,183.79
12135,1741,2023,150,54487,149.28
12136,1741,2024,160,57836,158.45
12137,1741,2025,179,66301,181.65
12138,1742,2023,55,18157,49.75
12139,1742,2024,46,12996,35.61
12140,1742,2025,39,10622,29.1
12141,1743,2021,30,8530,23.37
12142,1743,2022,105,33660,92.22
12143,1743,2023,99,40040,109.7
12144,1743,2024,87,42577,116.65
12145,1743,2025,72,34149,93.56
12146,1744,2019,1,279,0.76
12147,1744,2020,0,0,0.0
12148,1744,2021,0,0,0.0
12149,1744,2022,13,5734,15.71
12150,1744,2023,10,2929,8.02
12151,1744,2024,4,1290,3.53
12152,1744,2025,11,4234,11.6
12153,1745,2021,25,7310,20.03
12154,1745,2022,47,14634,40.09
12155,1745,2023,38,9797,26.84
12156,1745,2024,40,12562,34.42
12157,1745,2025,45,10878,29.8
12158,1746,2019,3,998,2.73
12159,1746,2020,0,0,0.0
12160,1746,2021,19,7864,21.55
12161,1746,2022,2,783,2.15
12162,1746,2023,2,816,2.24
12163,1746,2024,78,31189,85.45
12164,1746,2025,153,61489,168.46
12165,1747,2007,9,3725,10.21
12166,1747,2008,7,3857,10.57
12167,1747,2009,4,1112,3.05
12168,1747,2010,2,866,2.37
12169,1747,2011,0,0,0.0
12170,1747,2012,3,988,2.71
12171,1747,2013,5,2608,7.15
12172,1747,2014,7,3016,8.26
12173,1747,2015,6,2984,8.18
12174,1747,2016,7,2698,7.39
12175,1747,2017,0,0,0.0
12176,1747,2018,26,9712,26.61
12177,1747,2019,101,36150,99.04
12178,1747,2020,102,30850,84.52
12179,1747,2021,88,28621,78.41
12180,1747,2022,81,25188,69.01
12181,1747,2023,81,24931,68.3
12182,1747,2024,99,30180,82.68
12183,1747,2025,108,30130,82.55
12184,1748,2014,47,19180,52.55
12185,1748,2015,63,21958,60.16
12186,1748,2016,68,23240,63.67
12187,1748,2017,67,20938,57.36
12188,1748,2018,65,19814,54.28
12189,1748,2019,22,6135,16.81
12190,1748,2020,21,6545,17.93
12191,1748,2021,27,8553,23.43
12192,1748,2022,26,8444,23.13
12193,1748,2023,37,11139,30.52
12194,1748,2024,48,19086,52.29
12195,1748,2025,43,11624,31.85
12196,1749,2021,4,620,1.7
12197,1749,2022,8,476,1.3
12198,1749,2023,36,9966,27.3
12199,1749,2024,86,20559,56.33
12200,1749,2025,138,25716,70.45
12201,1750,2023,5,1821,4.99
12202,1750,2024,45,15223,41.71
12203,1750,2025,36,14343,39.3
12204,1751,2023,8,2868,7.86
12205,1751,2024,19,6467,17.72
12206,1751,2025,21,5997,16.43
12207,1752,2006,1,456,1.25
12208,1752,2007,1,280,0.77
12209,1752,2008,0,0,0.0
12210,1752,2009,35,11230,30.77
12211,1752,2010,61,21080,57.75
12212,1752,2011,58,17052,46.72
12213,1752,2012,38,11495,31.49
12214,1752,2013,11,3981,10.91
12215,1752,2014,3,699,1.92
12216,1752,2015,0,0,0.0
12217,1752,2016,2,705,1.93
12218,1752,2017,51,15338,42.02
12219,1752,2018,2,640,1.75
12220,1752,2019,0,0,0.0
12221,1752,2020,1,1007,2.76
12222,1752,2021,0,0,0.0
12223,1752,2022,4,1515,4.15
12224,1752,2023,13,4727,12.95
12225,1752,2024,100,34632,94.88
12226,1752,2025,212,72433,198.45
12227,1753,2020,123,44764,122.64
12228,1753,2021,80,30243,82.86
12229,1753,2022,46,15244,41.76
12230,1753,2023,17,6075,16.64
12231,1753,2024,30,9720,26.63
12232,1753,2025,32,11249,30.82
12233,1754,2022,22,7482,20.5
12234,1754,2023,35,16459,45.09
12235,1754,2024,18,7780,21.32
12236,1754,2025,47,19209,52.63
12237,1755,2021,1,269,0.74
12238,1755,2022,0,0,0.0
12239,1755,2023,2,1140,3.12
12240,1755,2024,6,1513,4.15
12241,1755,2025,86,30883,84.61
12242,1756,2025,16,5516,15.11
12243,1757,2021,18,6722,18.42
12244,1757,2022,30,8506,23.3
12245,1757,2023,27,11333,31.05
12246,1757,2024,55,20575,56.37
12247,1757,2025,67,20354,55.76
12248,1758,2023,18,6838,18.73
12249,1758,2024,78,25962,71.13
12250,1758,2025,70,15435,42.29
12251,1759,2025,43,15120,41.42
12252,1760,2020,107,39146,107.25
12253,1760,2021,0,0,0.0
12254,1760,2022,11,5401,14.8
12255,1760,2023,20,7887,21.61
12256,1760,2024,248,97435,266.95
12257,1760,2025,203,79334,217.35
12258,1761,1997,1,592,1.62
12259,1761,1998,0,0,0.0
12260,1761,1999,0,0,0.0
12261,1761,2000,0,0,0.0
12262,1761,2001,0,0,0.0
12263,1761,2002,0,0,0.0
12264,1761,2003,0,0,0.0
12265,1761,2004,0,0,0.0
12266,1761,2005,0,0,0.0
12267,1761,2006,1,468,1.28
12268,1761,2007,1,800,2.19
12269,1761,2008,0,0,0.0
12270,1761,2009,0,0,0.0
12271,1761,2010,0,0,0.0
12272,1761,2011,1,416,1.14
12273,1761,2012,1,358,0.98
12274,1761,2013,5,1892,5.18
12275,1761,2014,1,375,1.03
12276,1761,2015,2,742,2.03
12277,1761,2016,3,1140,3.12
12278,1761,2017,4,1691,4.63
12279,1761,2018,1,338,0.93
12280,1761,2019,6,2336,6.4
12281,1761,2020,98,30703,84.12
12282,1761,2021,186,62445,171.08
12283,1761,2022,202,66990,183.53
12284,1761,2023,350,115598,316.71
12285,1761,2024,397,144951,397.13
12286,1761,2025,428,149290,409.01
12287,1762,2022,42,13483,36.94
12288,1762,2023,33,10866,29.77
12289,1762,2024,9,3668,10.05
12290,1762,2025,20,6572,18.01
12291,1763,2023,2,1318,3.61
12292,1763,2024,0,0,0.0
12293,1763,2025,83,40627,111.31
12294,1764,2015,6,4263,11.68
12295,1764,2016,9,2456,6.73
12296,1764,2017,3,1079,2.96
12297,1764,2018,4,2501,6.85
12298,1764,2019,4,1649,4.52
12299,1764,2020,4,1725,4.73
12300,1764,2021,3,1301,3.56
12301,1764,2022,31,11115,30.45
12302,1764,2023,53,23635,64.75
12303,1764,2024,62,27708,75.91
12304,1764,2025,59,28966,79.36
12305,1765,2020,1,382,1.05
12306,1765,2021,2,964,2.64
12307,1765,2022,0,0,0.0
12308,1765,2023,3,1188,3.25
12309,1765,2024,33,12207,33.44
12310,1765,2025,42,15885,43.52
12311,1766,2023,89,28865,79.08
12312,1766,2024,100,32881,90.08
12313,1766,2025,59,19862,54.42
12314,1767,2011,7,1886,5.17
12315,1767,2012,5,1593,4.36
12316,1767,2013,11,5879,16.11
12317,1767,2014,9,4613,12.64
12318,1767,2015,0,0,0.0
12319,1767,2016,1,0,0.0
12320,1767,2017,5,998,2.73
12321,1767,2018,2,152,0.42
12322,1767,2019,0,0,0.0
12323,1767,2020,0,0,0.0
12324,1767,2021,3,3574,9.79
12325,1767,2022,0,0,0.0
12326,1767,2023,0,0,0.0
12327,1767,2024,0,0,0.0
12328,1767,2025,3,1555,4.26
12329,1768,2022,44,15857,43.44
12330,1768,2023,47,16130,44.19
12331,1768,2024,45,16901,46.3
12332,1768,2025,48,19271,52.8
12333,1769,2023,4,1146,3.14
12334,1769,2024,200,63936,175.17
12335,1769,2025,232,70131,192.14
12336,1770,2024,138,57083,156.39
12337,1770,2025,223,87484,239.68
12338,1771,2019,345,101725,278.7
12339,1771,2020,266,73596,201.63
12340,1771,2021,288,83199,227.94
12341,1771,2022,363,100526,275.41
12342,1771,2023,199,162441,445.04
12343,1771,2024,115,33782,92.55
12344,1771,2025,109,31923,87.46
12345,1772,2018,1,563,1.54
12346,1772,2019,3,1345,3.68
12347,1772,2020,6,1973,5.41
12348,1772,2021,1,376,1.03
12349,1772,2022,1,365,1.0
12350,1772,2023,32,9955,27.27
12351,1772,2024,47,15177,41.58
12352,1772,2025,74,24446,66.98
12353,1773,2023,12,4956,13.58
12354,1773,2024,25,10034,27.49
12355,1773,2025,206,73691,201.89
12356,1774,2023,5,1799,4.93
12357,1774,2024,38,13977,38.29
12358,1774,2025,75,26011,71.26
12359,1775,2024,36,12010,32.9
12360,1775,2025,104,39400,107.95
12361,1776,2008,1,418,1.15
12362,1776,2009,3,1646,4.51
12363,1776,2010,3,1051,2.88
12364,1776,2011,3,1634,4.48
12365,1776,2012,0,0,0.0
12366,1776,2013,3,1003,2.75
12367,1776,2014,3,2009,5.5
12368,1776,2015,29,12461,34.14
12369,1776,2016,26,10899,29.86
12370,1776,2017,16,7809,21.39
12371,1776,2018,8,3980,10.9
12372,1776,2019,9,4285,11.74
12373,1776,2020,17,5390,14.77
12374,1776,2021,34,15059,41.26
12375,1776,2022,62,25477,69.8
12376,1776,2023,121,44152,120.96
12377,1776,2024,71,25256,69.19
12378,1776,2025,48,16095,44.1
12379,1777,2012,10,4147,11.36
12380,1777,2013,4,1697,4.65
12381,1777,2014,4,1428,3.91
12382,1777,2015,12,4525,12.4
12383,1777,2016,9,4170,11.42
12384,1777,2017,6,2112,5.79
12385,1777,2018,8,2945,8.07
12386,1777,2019,14,4667,12.79
12387,1777,2020,37,10799,29.59
12388,1777,2021,34,11288,30.93
12389,1777,2022,37,12208,33.45
12390,1777,2023,31,9650,26.44
12391,1777,2024,88,25509,69.89
12392,1777,2025,146,44292,121.35
12393,1778,2005,3,1126,3.08
12394,1778,2006,5,1348,3.69
12395,1778,2007,0,0,0.0
12396,1778,2008,0,0,0.0
12397,1778,2009,0,0,0.0
12398,1778,2010,0,0,0.0
12399,1778,2011,0,0,0.0
12400,1778,2012,0,0,0.0
12401,1778,2013,0,0,0.0
12402,1778,2014,0,0,0.0
12403,1778,2015,0,0,0.0
12404,1778,2016,0,0,0.0
12405,1778,2017,1,432,1.18
12406,1778,2018,1,449,1.23
12407,1778,2019,0,0,0.0
12408,1778,2020,0,0,0.0
12409,1778,2021,1,448,1.23
12410,1778,2022,104,28612,78.39
12411,1778,2023,61,20747,56.84
12412,1778,2024,200,55959,153.31
12413,1778,2025,261,52917,144.98
12414,1779,2014,8,1995,5.47
12415,1779,2015,51,12711,34.82
12416,1779,2016,50,10536,28.87
12417,1779,2017,47,7730,21.18
12418,1779,2018,47,8719,23.89
12419,1779,2019,59,10340,28.33
12420,1779,2020,69,13267,36.35
12421,1779,2021,64,15100,41.37
12422,1779,2022,59,12963,35.52
12423,1779,2023,55,10366,28.4
12424,1779,2024,78,11442,31.35
12425,1779,2025,62,11823,32.39
12426,1780,2023,1,112,0.31
12427,1780,2024,17,3393,9.3
12428,1780,2025,24,7006,19.19
12429,1781,2024,55,22649,62.05
12430,1781,2025,54,22688,62.16
12431,1782,2023,148,45882,125.7
12432,1782,2024,150,44103,120.83
12433,1782,2025,111,36216,99.22
12434,1783,2023,3,1415,3.88
12435,1783,2024,2,862,2.36
12436,1783,2025,14,6178,16.93
12437,1784,2022,1,550,1.51
12438,1784,2023,0,0,0.0
12439,1784,2024,7,2577,7.06
12440,1784,2025,29,10406,28.51
12441,1785,2005,2,562,1.54
12442,1785,2006,2,632,1.73
12443,1785,2007,1,241,0.66
12444,1785,2008,2,689,1.89
12445,1785,2009,1,324,0.89
12446,1785,2010,1,542,1.48
12447,1785,2011,1,392,1.07
12448,1785,2012,5,2496,6.84
12449,1785,2013,0,0,0.0
12450,1785,2014,2,758,2.08
12451,1785,2015,3,976,2.67
12452,1785,2016,3,1187,3.25
12453,1785,2017,5,1805,4.95
12454,1785,2018,6,2016,5.52
12455,1785,2019,8,2508,6.87
12456,1785,2020,16,6222,17.05
12457,1785,2021,18,6108,16.73
12458,1785,2022,16,6041,16.55
12459,1785,2023,31,14283,39.13
12460,1785,2024,45,15559,42.63
12461,1785,2025,70,23305,63.85
12462,1786,2025,12,4492,12.31
12463,1787,2025,68,27018,74.02
12464,1788,2025,59,20791,56.96
12465,1789,2020,2,514,1.41
12466,1789,2021,25,9827,26.92
12467,1789,2022,57,21365,58.53
12468,1789,2023,55,18475,50.62
12469,1789,2024,67,22211,60.85
12470,1789,2025,34,13783,37.76
12471,1790,2025,45,15488,42.43
12472,1791,2024,1,516,1.41
12473,1791,2025,20,7103,19.46
12474,1792,2025,52,17730,48.58
12475,1793,2023,14,4877,13.36
12476,1793,2024,76,23946,65.61
12477,1793,2025,106,33714,92.37
12478,1794,2018,1,288,0.79
12479,1794,2019,0,0,0.0
12480,1794,2020,8,2617,7.17
12481,1794,2021,3,1083,2.97
12482,1794,2022,7,2297,6.29
12483,1794,2023,33,11719,32.11
12484,1794,2024,106,36012,98.66
12485,1794,2025,57,19377,53.09
12486,1795,2013,2,580,1.59
12487,1795,2014,3,1139,3.12
12488,1795,2015,21,7038,19.28
12489,1795,2016,8,2364,6.48
12490,1795,2017,0,0,0.0
12491,1795,2018,11,3710,10.16
12492,1795,2019,29,7956,21.8
12493,1795,2020,56,16015,43.88
12494,1795,2021,55,15284,41.87
12495,1795,2022,50,14014,38.39
12496,1795,2023,56,14260,39.07
12497,1795,2024,58,18991,52.03
12498,1795,2025,63,21921,60.06
12499,1796,2025,114,37973,104.04
12500,1797,2009,12,4450,12.19
12501,1797,2010,22,6816,18.67
12502,1797,2011,20,7238,19.83
12503,1797,2012,28,8408,23.04
12504,1797,2013,23,7839,21.48
12505,1797,2014,10,3249,8.9
12506,1797,2015,17,5330,14.6
12507,1797,2016,7,2136,5.85
12508,1797,2017,6,2917,7.99
12509,1797,2018,12,5076,13.91
12510,1797,2019,11,5217,14.29
12511,1797,2020,15,5256,14.4
12512,1797,2021,0,0,0.0
12513,1797,2022,1,307,0.84
12514,1797,2023,6,1255,3.44
12515,1797,2024,20,5123,14.04
12516,1797,2025,28,7951,21.78
12517,1798,2023,11,4699,12.87
12518,1798,2024,70,28023,76.78
12519,1798,2025,101,30658,83.99
12520,1799,2022,9,2978,8.16
12521,1799,2023,52,19776,54.18
12522,1799,2024,38,13266,36.35
12523,1799,2025,129,28885,79.14
12524,1800,2023,1,303,0.83
12525,1800,2024,1,884,2.42
12526,1800,2025,261,91875,251.71
12527,1801,1993,1,37,0.1
12528,1801,1994,1,166,0.45
12529,1801,1995,3,320,0.88
12530,1801,1996,2,220,0.6
12531,1801,1997,3,702,1.92
12532,1801,1998,3,1344,3.68
12533,1801,1999,5,1348,3.69
12534,1801,2000,3,954,2.61
12535,1801,2001,7,2727,7.47
12536,1801,2002,11,3232,8.85
12537,1801,2003,7,2510,6.88
12538,1801,2004,2,908,2.49
12539,1801,2005,12,3484,9.55
12540,1801,2006,7,2362,6.47
12541,1801,2007,3,1649,4.52
12542,1801,2008,7,2662,7.29
12543,1801,2009,4,1362,3.73
12544,1801,2010,4,1412,3.87
12545,1801,2011,9,2023,5.54
12546,1801,2012,2,419,1.15
12547,1801,2013,1,784,2.15
12548,1801,2014,2,1713,4.69
12549,1801,2015,1,64,0.18
12550,1801,2016,2,644,1.76
12551,1801,2017,7,5286,14.48
12552,1801,2018,1,167,0.46
12553,1801,2019,1,400,1.1
12554,1801,2020,6,2457,6.73
12555,1801,2021,12,5272,14.44
12556,1801,2022,5,2280,6.25
12557,1801,2023,11,2833,7.76
12558,1801,2024,51,14980,41.04
12559,1801,2025,46,14909,40.85
12560,1802,1988,1,376,1.03
12561,1802,1989,0,0,0.0
12562,1802,1990,1,389,1.07
12563,1802,1991,4,1096,3.0
12564,1802,1992,2,635,1.74
12565,1802,1993,2,651,1.78
12566,1802,1994,1,118,0.32
12567,1802,1995,3,990,2.71
12568,1802,1996,3,784,2.15
12569,1802,1997,2,752,2.06
12570,1802,1998,6,1807,4.95
12571,1802,1999,4,1394,3.82
12572,1802,2000,7,2550,6.99
12573,1802,2001,10,2384,6.53
12574,1802,2002,15,3871,10.61
12575,1802,2003,6,1368,3.75
12576,1802,2004,5,1042,2.85
12577,1802,2005,5,1824,5.0
12578,1802,2006,5,4291,11.76
12579,1802,2007,2,1328,3.64
12580,1802,2008,7,1984,5.44
12581,1802,2009,5,1113,3.05
12582,1802,2010,7,1193,3.27
12583,1802,2011,6,978,2.68
12584,1802,2012,13,1927,5.28
12585,1802,2013,8,857,2.35
12586,1802,2014,16,3367,9.22
12587,1802,2015,17,3250,8.9
12588,1802,2016,20,4058,11.12
12589,1802,2017,31,8293,22.72
12590,1802,2018,97,23900,65.48
12591,1802,2019,124,30842,84.5
12592,1802,2020,172,41780,114.47
12593,1802,2021,145,37665,103.19
12594,1802,2022,188,59958,164.27
12595,1802,2023,214,69848,191.36
12596,1802,2024,182,60755,166.45
12597,1802,2025,192,57402,157.27
12598,1803,1997,1,311,0.85
12599,1803,1998,1,364,1.0
12600,1803,1999,5,1221,3.35
12601,1803,2000,8,2499,6.85
12602,1803,2001,6,1618,4.43
12603,1803,2002,6,3068,8.41
12604,1803,2003,7,2592,7.1
12605,1803,2004,5,1269,3.48
12606,1803,2005,7,2812,7.7
12607,1803,2006,12,2993,8.2
12608,1803,2007,10,3496,9.58
12609,1803,2008,12,5011,13.73
12610,1803,2009,5,2257,6.18
12611,1803,2010,3,1221,3.35
12612,1803,2011,5,1470,4.03
12613,1803,2012,5,1184,3.24
12614,1803,2013,5,1574,4.31
12615,1803,2014,4,1600,4.38
12616,1803,2015,3,1103,3.02
12617,1803,2016,4,841,2.3
12618,1803,2017,7,2719,7.45
12619,1803,2018,5,1710,4.68
12620,1803,2019,35,13203,36.17
12621,1803,2020,55,19671,53.89
12622,1803,2021,48,15465,42.37
12623,1803,2022,52,17412,47.7
12624,1803,2023,42,15065,41.27
12625,1803,2024,38,15386,42.15
12626,1803,2025,45,18392,50.39
12627,1804,2024,3,539,1.48
12628,1804,2025,17,5111,14.0
12629,1805,2022,21,9920,27.18
12630,1805,2023,21,9726,26.65
12631,1805,2024,1,0,0.0
12632,1805,2025,55,22144,60.67
12633,1806,2022,126,51263,140.45
12634,1806,2023,194,74420,203.89
12635,1806,2024,203,80631,220.91
12636,1806,2025,102,39123,107.19
12637,1807,2023,6,2443,6.69
12638,1807,2024,53,20365,55.79
12639,1807,2025,45,14698,40.27
12640,1808,2024,76,27647,75.75
12641,1808,2025,85,31170,85.4
12642,1809,2001,1,431,1.18
12643,1809,2002,0,0,0.0
12644,1809,2003,0,0,0.0
12645,1809,2004,0,0,0.0
12646,1809,2005,0,0,0.0
12647,1809,2006,0,0,0.0
12648,1809,2007,0,0,0.0
12649,1809,2008,0,0,0.0
12650,1809,2009,0,0,0.0
12651,1809,2010,0,0,0.0
12652,1809,2011,0,0,0.0
12653,1809,2012,10,3739,10.24
12654,1809,2013,22,6216,17.03
12655,1809,2014,9,3420,9.37
12656,1809,2015,11,3219,8.82
12657,1809,2016,12,4744,13.0
12658,1809,2017,18,5292,14.5
12659,1809,2018,22,6167,16.9
12660,1809,2019,22,7696,21.08
12661,1809,2020,6,1825,5.0
12662,1809,2021,4,1572,4.31
12663,1809,2022,3,754,2.07
12664,1809,2023,3,990,2.71
12665,1809,2024,4,1472,4.03
12666,1809,2025,2,763,2.09
12667,1810,2010,2,386,1.06
12668,1810,2011,3,1155,3.16
12669,1810,2012,26,9892,27.1
12670,1810,2013,23,8858,24.27
12671,1810,2014,12,3794,10.39
12672,1810,2015,16,5998,16.43
12673,1810,2016,10,3294,9.02
12674,1810,2017,1,384,1.05
12675,1810,2018,0,0,0.0
12676,1810,2019,4,1388,3.8
12677,1810,2020,3,1252,3.43
12678,1810,2021,5,1512,4.14
12679,1810,2022,45,16133,44.2
12680,1810,2023,103,35567,97.44
12681,1810,2024,72,27976,76.65
12682,1810,2025,53,22039,60.38
12683,1811,2024,69,27490,75.32
12684,1811,2025,68,31015,84.97
12685,1812,2025,2,650,1.78
12686,1813,2011,10,3620,9.92
12687,1813,2012,27,14506,39.74
12688,1813,2013,30,14171,38.82
12689,1813,2014,46,18170,49.78
12690,1813,2015,67,21301,58.36
12691,1813,2016,88,34156,93.58
12692,1813,2017,83,35959,98.52
12693,1813,2018,44,20125,55.14
12694,1813,2019,49,20785,56.95
12695,1813,2020,54,23124,63.35
12696,1813,2021,49,20103,55.08
12697,1813,2022,38,15756,43.17
12698,1813,2023,41,21406,58.65
12699,1813,2024,48,24980,68.44
12700,1813,2025,74,35045,96.01
12701,1814,2021,33,10119,27.72
12702,1814,2022,26,9258,25.36
12703,1814,2023,66,23539,64.49
12704,1814,2024,107,36400,99.73
12705,1814,2025,61,22233,60.91
12706,1815,2015,58,21208,58.1
12707,1815,2016,55,19583,53.65
12708,1815,2017,78,30139,82.57
12709,1815,2018,61,22851,62.61
12710,1815,2019,58,22081,60.5
12711,1815,2020,62,21077,57.75
12712,1815,2021,49,19230,52.68
12713,1815,2022,79,28646,78.48
12714,1815,2023,150,57187,156.68
12715,1815,2024,283,103606,283.85
12716,1815,2025,200,75177,205.96
12717,1816,2023,16,5677,15.55
12718,1816,2024,24,8575,23.49
12719,1816,2025,43,16022,43.9
12720,1817,2020,2,816,2.24
12721,1817,2021,31,11530,31.59
12722,1817,2022,22,6758,18.52
12723,1817,2023,14,3838,10.52
12724,1817,2024,5,1540,4.22
12725,1817,2025,13,5381,14.74
12726,1818,2023,2,877,2.4
12727,1818,2024,60,17203,47.13
12728,1818,2025,46,14970,41.01
12729,1819,2025,9,2041,5.59
12730,1820,2025,1,318,0.87
12731,1821,2018,14,5865,16.07
12732,1821,2019,4,2764,7.57
12733,1821,2020,1,352,0.96
12734,1821,2021,31,11113,30.45
12735,1821,2022,52,17500,47.95
12736,1821,2023,73,29182,79.95
12737,1821,2024,115,43091,118.06
12738,1821,2025,97,37737,103.39
12739,1822,2009,1,234,0.64
12740,1822,2010,1,374,1.02
12741,1822,2011,0,0,0.0
12742,1822,2012,0,0,0.0
12743,1822,2013,0,0,0.0
12744,1822,2014,0,0,0.0
12745,1822,2015,1,287,0.79
12746,1822,2016,0,0,0.0
12747,1822,2017,0,0,0.0
12748,1822,2018,1,224,0.61
12749,1822,2019,0,0,0.0
12750,1822,2020,2,583,1.6
12751,1822,2021,0,0,0.0
12752,1822,2022,0,0,0.0
12753,1822,2023,8,2579,7.07
12754,1822,2024,42,13946,38.21
12755,1822,2025,64,18741,51.35
12756,1823,2025,91,34804,95.35
12757,1824,2018,11,2155,5.9
12758,1824,2019,5,870,2.38
12759,1824,2020,10,2111,5.78
12760,1824,2021,6,1900,5.21
12761,1824,2022,2,242,0.66
12762,1824,2023,33,8726,23.91
12763,1824,2024,31,7050,19.32
12764,1824,2025,38,9683,26.53
12765,1825,2025,8,2581,7.07
12766,1826,2024,4,1932,5.29
12767,1826,2025,29,12178,33.36
12768,1827,2007,1,512,1.4
12769,1827,2008,0,0,0.0
12770,1827,2009,1,288,0.79
12771,1827,2010,10,3055,8.37
12772,1827,2011,1,350,0.96
12773,1827,2012,10,2400,6.58
12774,1827,2013,6,1396,3.82
12775,1827,2014,55,21507,58.92
12776,1827,2015,75,24140,66.14
12777,1827,2016,17,5753,15.76
12778,1827,2017,28,9746,26.7
12779,1827,2018,37,13806,37.82
12780,1827,2019,50,20177,55.28
12781,1827,2020,91,27888,76.41
12782,1827,2021,59,17717,48.54
12783,1827,2022,68,19919,54.57
12784,1827,2023,93,33005,90.42
12785,1827,2024,11,3519,9.64
12786,1827,2025,65,22755,62.34
12787,1828,2021,2,1025,2.81
12788,1828,2022,52,17903,49.05
12789,1828,2023,57,18084,49.55
12790,1828,2024,60,20810,57.01
12791,1828,2025,40,12761,34.96
12792,1829,2024,37,14253,39.05
12793,1829,2025,427,131791,361.07
12794,1830,2024,114,46003,126.04
12795,1830,2025,97,36805,100.84
12796,1831,2015,1,323,0.88
12797,1831,2016,0,0,0.0
12798,1831,2017,1,522,1.43
12799,1831,2018,0,0,0.0
12800,1831,2019,0,0,0.0
12801,1831,2020,0,0,0.0
12802,1831,2021,0,0,0.0
12803,1831,2022,1,356,0.98
12804,1831,2023,33,12569,34.44
12805,1831,2024,114,37141,101.76
12806,1831,2025,143,43868,120.19
12807,1832,2023,106,34845,95.47
12808,1832,2024,153,50446,138.21
12809,1832,2025,128,42194,115.6
12810,1833,2007,1,831,2.28
12811,1833,2008,1,498,1.36
12812,1833,2009,0,0,0.0
12813,1833,2010,0,0,0.0
12814,1833,2011,0,0,0.0
12815,1833,2012,0,0,0.0
12816,1833,2013,0,0,0.0
12817,1833,2014,2,938,2.57
12818,1833,2015,0,0,0.0
12819,1833,2016,0,0,0.0
12820,1833,2017,0,0,0.0
12821,1833,2018,0,0,0.0
12822,1833,2019,5,2984,8.18
12823,1833,2020,5,1027,2.81
12824,1833,2021,4,1488,4.08
12825,1833,2022,21,7591,20.8
12826,1833,2023,24,12896,35.33
12827,1833,2024,38,16162,44.28
12828,1833,2025,64,26355,72.21
12829,1834,2019,5,1477,4.05
12830,1834,2020,9,3805,10.42
12831,1834,2021,45,18358,50.3
12832,1834,2022,43,16555,45.36
12833,1834,2023,33,15128,41.45
12834,1834,2024,55,17243,47.24
12835,1834,2025,79,28375,77.74
12836,1835,2000,2,885,2.42
12837,1835,2001,1,734,2.01
12838,1835,2002,1,323,0.88
12839,1835,2003,1,240,0.66
12840,1835,2004,2,544,1.49
12841,1835,2005,4,1801,4.93
12842,1835,2006,1,1024,2.81
12843,1835,2007,0,0,0.0
12844,1835,2008,29,10692,29.29
12845,1835,2009,6,1783,4.88
12846,1835,2010,41,12077,33.09
12847,1835,2011,5,1577,4.32
12848,1835,2012,9,3678,10.08
12849,1835,2013,4,1565,4.29
12850,1835,2014,17,5267,14.43
12851,1835,2015,13,5512,15.1
12852,1835,2016,5,2145,5.88
12853,1835,2017,19,5829,15.97
12854,1835,2018,57,19034,52.15
12855,1835,2019,48,14165,38.81
12856,1835,2020,38,14013,38.39
12857,1835,2021,46,16214,44.42
12858,1835,2022,49,17157,47.01
12859,1835,2023,88,31308,85.78
12860,1835,2024,196,71973,197.19
12861,1835,2025,618,207989,569.83
12862,1836,2020,2,827,2.27
12863,1836,2021,0,0,0.0
12864,1836,2022,0,0,0.0
12865,1836,2023,4,1493,4.09
12866,1836,2024,43,20418,55.94
12867,1836,2025,95,42528,116.52
12868,1837,2025,11,3352,9.18
12869,1838,2022,512,174760,478.79
12870,1838,2023,1080,373749,1023.97
12871,1838,2024,746,248807,681.66
12872,1838,2025,761,255066,698.81
12873,1839,2024,40,13952,38.22
12874,1839,2025,115,37383,102.42
12875,1840,2025,33,9972,27.32
12876,1841,2021,30,7986,21.88
12877,1841,2022,77,21602,59.18
12878,1841,2023,111,31264,85.65
12879,1841,2024,62,19425,53.22
12880,1841,2025,68,23299,63.83
12881,1842,1988,2,109,0.3
12882,1842,1989,0,0,0.0
12883,1842,1990,1,32,0.09
12884,1842,1991,0,0,0.0
12885,1842,1992,3,120,0.33
12886,1842,1993,2,270,0.74
12887,1842,1994,1,0,0.0
12888,1842,1995,0,0,0.0
12889,1842,1996,0,0,0.0
12890,1842,1997,1,471,1.29
12891,1842,1998,1,304,0.83
12892,1842,1999,0,0,0.0
12893,1842,2000,3,1112,3.05
12894,1842,2001,2,971,2.66
12895,1842,2002,2,835,2.29
12896,1842,2003,1,192,0.53
12897,1842,2004,0,0,0.0
12898,1842,2005,1,256,0.7
12899,1842,2006,1,896,2.45
12900,1842,2007,0,0,0.0
12901,1842,2008,1,416,1.14
12902,1842,2009,21,6988,19.15
12903,1842,2010,25,11241,30.8
12904,1842,2011,22,8444,23.13
12905,1842,2012,22,10286,28.18
12906,1842,2013,15,5585,15.3
12907,1842,2014,17,6861,18.8
12908,1842,2015,20,6904,18.92
12909,1842,2016,15,4759,13.04
12910,1842,2017,12,4779,13.09
12911,1842,2018,10,4540,12.44
12912,1842,2019,14,4899,13.42
12913,1842,2020,5,1928,5.28
12914,1842,2021,9,3156,8.65
12915,1842,2022,9,3870,10.6
12916,1842,2023,11,4668,12.79
12917,1842,2024,12,5166,14.15
12918,1842,2025,16,7290,19.97
12919,1843,2025,52,15103,41.38
12920,1844,2023,20,6664,18.26
12921,1844,2024,57,17160,47.01
12922,1844,2025,64,19634,53.79
12923,1845,2020,15,4716,12.92
12924,1845,2021,3,1703,4.67
12925,1845,2022,5,1564,4.28
12926,1845,2023,8,2069,5.67
12927,1845,2024,20,7539,20.65
12928,1845,2025,20,5752,15.76
12929,1846,2023,52,17962,49.21
12930,1846,2024,52,17935,49.14
12931,1846,2025,42,13330,36.52
12932,1847,2025,26,10800,29.59
12933,1848,2025,117,29944,82.04
12934,1849,2021,100,32432,88.85
12935,1849,2022,37,12256,33.58
12936,1849,2023,54,19356,53.03
12937,1849,2024,47,17433,47.76
12938,1849,2025,84,23892,65.46
12939,1850,2010,3,1155,3.16
12940,1850,2011,0,0,0.0
12941,1850,2012,4,1514,4.15
12942,1850,2013,0,0,0.0
12943,1850,2014,0,0,0.0
12944,1850,2015,0,0,0.0
12945,1850,2016,0,0,0.0
12946,1850,2017,0,0,0.0
12947,1850,2018,0,0,0.0
12948,1850,2019,5,649,1.78
12949,1850,2020,1,213,0.58
12950,1850,2021,0,0,0.0
12951,1850,2022,1,169,0.46
12952,1850,2023,2,699,1.92
12953,1850,2024,33,12297,33.69
12954,1850,2025,24,10347,28.35
12955,1851,2024,25,8271,22.66
12956,1851,2025,56,18313,50.17
12957,1852,2018,13,4538,12.43
12958,1852,2019,20,8691,23.81
12959,1852,2020,22,11033,30.23
12960,1852,2021,38,18539,50.79
12961,1852,2022,286,110105,301.66
12962,1852,2023,245,81006,221.93
12963,1852,2024,262,83871,229.78
12964,1852,2025,184,52572,144.03
12965,1853,2022,15,6196,16.98
12966,1853,2023,20,8836,24.21
12967,1853,2024,45,19208,52.62
12968,1853,2025,25,10403,28.5
12969,1854,2013,18,5881,16.11
12970,1854,2014,9,2645,7.25
12971,1854,2015,2,1846,5.06
12972,1854,2016,1,904,2.48
12973,1854,2017,0,0,0.0
12974,1854,2018,0,0,0.0
12975,1854,2019,39,11454,31.38
12976,1854,2020,19,4263,11.68
12977,1854,2021,0,0,0.0
12978,1854,2022,3,1430,3.92
12979,1854,2023,7,1057,2.9
12980,1854,2024,32,11582,31.73
12981,1854,2025,34,7923,21.71
12982,1855,2022,185,49713,136.2
12983,1855,2023,378,107169,293.61
12984,1855,2024,285,78274,214.45
12985,1855,2025,231,65952,180.69
12986,1856,2024,13,4306,11.8
12987,1856,2025,12,4753,13.02
12988,1857,2007,1,2,0.01
12989,1857,2008,0,0,0.0
12990,1857,2009,3,1302,3.57
12991,1857,2010,6,2248,6.16
12992,1857,2011,6,2376,6.51
12993,1857,2012,33,12593,34.5
12994,1857,2013,44,16004,43.85
12995,1857,2014,9,3274,8.97
12996,1857,2015,21,8002,21.92
12997,1857,2016,13,4673,12.8
12998,1857,2017,4,1389,3.81
12999,1857,2018,12,4655,12.75
13000,1857,2019,16,4886,13.39
13001,1857,2020,65,22700,62.19
13002,1857,2021,151,44320,121.42
13003,1857,2022,85,22856,62.62
13004,1857,2023,70,18793,51.49
13005,1857,2024,66,16706,45.77
13006,1857,2025,62,16370,44.85
13007,1858,2017,6,1581,4.33
13008,1858,2018,2,523,1.43
13009,1858,2019,6,2041,5.59
13010,1858,2020,10,5619,15.39
13011,1858,2021,13,4287,11.75
13012,1858,2022,48,16083,44.06
13013,1858,2023,41,14399,39.45
13014,1858,2024,51,17477,47.88
13015,1858,2025,44,15264,41.82
13016,1859,2024,3,907,2.48
13017,1859,2025,96,31216,85.52
13018,1860,2021,2,873,2.39
13019,1860,2022,13,4553,12.47
13020,1860,2023,55,18810,51.53
13021,1860,2024,52,14762,40.44
13022,1860,2025,53,17158,47.01
13023,1861,2008,1,156,0.43
13024,1861,2009,0,0,0.0
13025,1861,2010,0,0,0.0
13026,1861,2011,0,0,0.0
13027,1861,2012,1,336,0.92
13028,1861,2013,1,328,0.9
13029,1861,2014,19,7133,19.54
13030,1861,2015,13,2938,8.05
13031,1861,2016,8,2071,5.67
13032,1861,2017,17,4392,12.03
13033,1861,2018,12,3288,9.01
13034,1861,2019,6,674,1.85
13035,1861,2020,13,3321,9.1
13036,1861,2021,13,3005,8.23
13037,1861,2022,14,4789,13.12
13038,1861,2023,24,7178,19.67
13039,1861,2024,26,8011,21.95
13040,1861,2025,32,9617,26.35
13041,1862,2025,1,662,1.81
13042,1863,2014,4,1480,4.05
13043,1863,2015,3,931,2.55
13044,1863,2016,0,0,0.0
13045,1863,2017,2,1107,3.03
13046,1863,2018,1,322,0.88
13047,1863,2019,3,1482,4.06
13048,1863,2020,1,336,0.92
13049,1863,2021,8,2452,6.72
13050,1863,2022,1,336,0.92
13051,1863,2023,0,0,0.0
13052,1863,2024,0,0,0.0
13053,1863,2025,3,1019,2.79
13054,1864,2024,160,66220,181.42
13055,1864,2025,259,106037,290.51
13056,1865,2025,15,3632,9.95
13057,1866,2021,7,2244,6.15
13058,1866,2022,31,8186,22.43
13059,1866,2023,58,29267,80.18
13060,1866,2024,32,11615,31.82
13061,1866,2025,44,13184,36.12
13062,1867,2024,2,810,2.22
13063,1867,2025,33,8261,22.63
13064,1868,2015,4,1195,3.27
13065,1868,2016,19,4515,12.37
13066,1868,2017,18,5844,16.01
13067,1868,2018,33,11266,30.87
13068,1868,2019,11,3395,9.3
13069,1868,2020,0,0,0.0
13070,1868,2021,26,8718,23.88
13071,1868,2022,4,1247,3.42
13072,1868,2023,3,1415,3.88
13073,1868,2024,6,2973,8.15
13074,1868,2025,52,17186,47.08
13075,1869,2023,1,984,2.7
13076,1869,2024,80,27909,76.46
13077,1869,2025,73,22487,61.61
13078,1870,1996,2,243,0.67
13079,1870,1997,4,704,1.93
13080,1870,1998,5,1949,5.34
13081,1870,1999,2,704,1.93
13082,1870,2000,1,435,1.19
13083,1870,2001,6,2599,7.12
13084,1870,2002,2,539,1.48
13085,1870,2003,4,1236,3.39
13086,1870,2004,5,2200,6.03
13087,1870,2005,7,2331,6.39
13088,1870,2006,5,2121,5.81
13089,1870,2007,4,2214,6.07
13090,1870,2008,10,3492,9.57
13091,1870,2009,11,3585,9.82
13092,1870,2010,25,9751,26.72
13093,1870,2011,8,5077,13.91
13094,1870,2012,6,1382,3.79
13095,1870,2013,5,1178,3.23
13096,1870,2014,6,2625,7.19
13097,1870,2015,12,7360,20.16
13098,1870,2016,12,3986,10.92
13099,1870,2017,7,2654,7.27
13100,1870,2018,7,2505,6.86
13101,1870,2019,23,7824,21.44
13102,1870,2020,24,9110,24.96
13103,1870,2021,20,6372,17.46
13104,1870,2022,23,7605,20.84
13105,1870,2023,50,20668,56.62
13106,1870,2024,71,25755,70.56
13107,1870,2025,87,31024,85.0
13108,1871,2021,7,2509,6.87
13109,1871,2022,0,0,0.0
13110,1871,2023,0,0,0.0
13111,1871,2024,0,0,0.0
13112,1871,2025,32,9239,25.31
13113,1872,2025,86,31473,86.23
13114,1873,2011,53,15047,41.22
13115,1873,2012,49,14849,40.68
13116,1873,2013,44,12707,34.81
13117,1873,2014,49,13266,36.35
13118,1873,2015,67,20851,57.13
13119,1873,2016,20,6099,16.71
13120,1873,2017,34,11010,30.16
13121,1873,2018,28,8830,24.19
13122,1873,2019,12,3463,9.49
13123,1873,2020,9,2770,7.59
13124,1873,2021,35,10903,29.87
13125,1873,2022,23,8031,22.0
13126,1873,2023,20,6321,17.32
13127,1873,2024,38,11531,31.59
13128,1873,2025,58,19027,52.13
13129,1874,2025,94,33017,90.46
13130,1875,2024,21,7110,19.48
13131,1875,2025,15,5356,14.67
13132,1876,2023,2,541,1.48
13133,1876,2024,0,0,0.0
13134,1876,2025,50,19504,53.44
13135,1877,2001,1,336,0.92
13136,1877,2002,0,0,0.0
13137,1877,2003,1,352,0.96
13138,1877,2004,0,0,0.0
13139,1877,2005,2,870,2.38
13140,1877,2006,2,982,2.69
13141,1877,2007,0,0,0.0
13142,1877,2008,2,920,2.52
13143,1877,2009,1,627,1.72
13144,1877,2010,3,1086,2.98
13145,1877,2011,0,0,0.0
13146,1877,2012,0,0,0.0
13147,1877,2013,1,318,0.87
13148,1877,2014,1,271,0.74
13149,1877,2015,1,234,0.64
13150,1877,2016,1,337,0.92
13151,1877,2017,1,329,0.9
13152,1877,2018,3,998,2.73
13153,1877,2019,0,0,0.0
13154,1877,2020,1,192,0.53
13155,1877,2021,2,885,2.42
13156,1877,2022,13,6530,17.89
13157,1877,2023,34,10607,29.06
13158,1877,2024,29,9656,26.45
13159,1877,2025,21,7613,20.86
13160,1878,2021,55,23230,63.64
13161,1878,2022,325,126421,346.36
13162,1878,2023,3,1848,5.06
13163,1878,2024,184,74364,203.74
13164,1878,2025,126,54442,149.16
13165,1879,2003,1,160,0.44
13166,1879,2004,2,846,2.32
13167,1879,2005,1,1037,2.84
13168,1879,2006,0,0,0.0
13169,1879,2007,0,0,0.0
13170,1879,2008,0,0,0.0
13171,1879,2009,0,0,0.0
13172,1879,2010,1,245,0.67
13173,1879,2011,0,0,0.0
13174,1879,2012,3,1297,3.55
13175,1879,2013,0,0,0.0
13176,1879,2014,1,466,1.28
13177,1879,2015,11,5516,15.11
13178,1879,2016,31,13799,37.81
13179,1879,2017,64,25428,69.67
13180,1879,2018,61,24201,66.3
13181,1879,2019,62,21391,58.61
13182,1879,2020,58,21411,58.66
13183,1879,2021,79,27345,74.92
13184,1879,2022,70,25122,68.83
13185,1879,2023,75,24085,65.99
13186,1879,2024,67,23067,63.2
13187,1879,2025,64,23361,64.0
13188,1880,2023,9,3257,8.92
13189,1880,2024,98,32428,88.84
13190,1880,2025,75,27253,74.67
13191,1881,2017,1,196,0.54
13192,1881,2018,0,0,0.0
13193,1881,2019,0,0,0.0
13194,1881,2020,0,0,0.0
13195,1881,2021,0,0,0.0
13196,1881,2022,0,0,0.0
13197,1881,2023,0,0,0.0
13198,1881,2024,35,12233,33.52
13199,1881,2025,41,12850,35.21
13200,1882,2024,158,61614,168.81
13201,1882,2025,211,82327,225.55
13202,1883,2018,1,248,0.68
13203,1883,2019,0,0,0.0
13204,1883,2020,73,25868,70.87
13205,1883,2021,59,20383,55.84
13206,1883,2022,10,2987,8.18
13207,1883,2023,19,5943,16.28
13208,1883,2024,28,8445,23.14
13209,1883,2025,17,5808,15.91
13210,1884,2020,45,16431,45.02
13211,1884,2021,13,3537,9.69
13212,1884,2022,41,16497,45.2
13213,1884,2023,36,13190,36.14
13214,1884,2024,53,19418,53.2
13215,1884,2025,49,17291,47.37
13216,1885,2013,3,1155,3.16
13217,1885,2014,6,2756,7.55
13218,1885,2015,8,3680,10.08
13219,1885,2016,6,2203,6.04
13220,1885,2017,3,910,2.49
13221,1885,2018,2,709,1.94
13222,1885,2019,0,0,0.0
13223,1885,2020,4,1360,3.73
13224,1885,2021,42,14971,41.02
13225,1885,2022,45,15799,43.28
13226,1885,2023,43,13350,36.58
13227,1885,2024,33,11653,31.93
13228,1885,2025,50,18426,50.48
13229,1886,2023,8,2439,6.68
13230,1886,2024,9,2283,6.25
13231,1886,2025,6,1844,5.05
13232,1887,2009,2,1025,2.81
13233,1887,2010,8,3097,8.48
13234,1887,2011,5,1964,5.38
13235,1887,2012,3,1772,4.85
13236,1887,2013,8,3459,9.48
13237,1887,2014,2,1486,4.07
13238,1887,2015,0,0,0.0
13239,1887,2016,3,1707,4.68
13240,1887,2017,7,4555,12.48
13241,1887,2018,17,6737,18.46
13242,1887,2019,3,1264,3.46
13243,1887,2020,6,3173,8.69
13244,1887,2021,5,2454,6.72
13245,1887,2022,3,987,2.7
13246,1887,2023,2,904,2.48
13247,1887,2024,8,3678,10.08
13248,1887,2025,55,20190,55.32
13249,1888,2016,1,349,0.96
13250,1888,2017,0,0,0.0
13251,1888,2018,0,0,0.0
13252,1888,2019,0,0,0.0
13253,1888,2020,0,0,0.0
13254,1888,2021,0,0,0.0
13255,1888,2022,1,371,1.02
13256,1888,2023,9,3316,9.08
13257,1888,2024,103,39857,109.2
13258,1888,2025,150,56083,153.65
13259,1889,2021,24,11621,31.84
13260,1889,2022,38,14548,39.86
13261,1889,2023,52,19154,52.48
13262,1889,2024,24,9280,25.42
13263,1889,2025,39,13710,37.56
13264,1890,2015,1,0,0.0
13265,1890,2016,1,194,0.53
13266,1890,2017,0,0,0.0
13267,1890,2018,0,0,0.0
13268,1890,2019,44,14061,38.52
13269,1890,2020,114,34783,95.3
13270,1890,2021,123,193188,529.28
13271,1890,2022,250,93168,255.25
13272,1890,2023,260,97919,268.27
13273,1890,2024,278,107840,295.45
13274,1890,2025,177,67432,184.75
13275,1891,2020,12,4052,11.1
13276,1891,2021,8,3172,8.69
13277,1891,2022,8,2127,5.83
13278,1891,2023,9,3038,8.32
13279,1891,2024,18,6658,18.24
13280,1891,2025,29,9839,26.96
13281,1892,2015,4,1448,3.97
13282,1892,2016,1,298,0.82
13283,1892,2017,0,0,0.0
13284,1892,2018,1,368,1.01
13285,1892,2019,0,0,0.0
13286,1892,2020,0,0,0.0
13287,1892,2021,0,0,0.0
13288,1892,2022,13,4733,12.97
13289,1892,2023,30,10807,29.61
13290,1892,2024,55,23090,63.26
13291,1892,2025,74,29121,79.78
13292,1893,2024,23,10551,28.91
13293,1893,2025,29,15042,41.21
13294,1894,2022,19,6903,18.91
13295,1894,2023,11,3115,8.53
13296,1894,2024,2,560,1.53
13297,1894,2025,14,3783,10.36
13298,1895,2025,1,394,1.08
13299,1896,2025,2,515,1.41
13300,1897,2023,14,3561,9.76
13301,1897,2024,109,32421,88.82
13302,1897,2025,116,39734,108.86
13303,1898,2022,1,554,1.52
13304,1898,2023,2,681,1.87
13305,1898,2024,0,0,0.0
13306,1898,2025,28,12539,34.35
13307,1899,2021,18,8899,24.38
13308,1899,2022,51,19079,52.27
13309,1899,2023,34,14410,39.48
13310,1899,2024,37,13633,37.35
13311,1899,2025,12,5195,14.23
13312,1900,2017,13,3946,10.81
13313,1900,2018,83,27872,76.36
13314,1900,2019,125,37636,103.11
13315,1900,2020,157,55216,151.28
13316,1900,2021,221,94938,260.1
13317,1900,2022,236,87372,239.38
13318,1900,2023,251,102373,280.47
13319,1900,2024,204,84512,231.54
13320,1900,2025,199,82152,225.07
13321,1901,2023,15,4218,11.56
13322,1901,2024,16,3026,8.29
13323,1901,2025,29,3910,10.71
13324,1902,2015,38,13766,37.72
13325,1902,2016,59,20159,55.23
13326,1902,2017,80,20080,55.01
13327,1902,2018,139,36640,100.38
13328,1902,2019,191,54506,149.33
13329,1902,2020,245,73814,202.23
13330,1902,2021,265,80551,220.69
13331,1902,2022,278,79472,217.73
13332,1902,2023,266,76448,209.45
13333,1902,2024,55,17291,47.37
13334,1902,2025,180,52200,143.01
13335,1903,2022,95,35776,98.02
13336,1903,2023,252,94229,258.16
13337,1903,2024,355,131995,361.63
13338,1903,2025,624,216162,592.22
13339,1904,2022,9,2909,7.97
13340,1904,2023,13,4676,12.81
13341,1904,2024,16,5063,13.87
13342,1904,2025,8,3028,8.3
13343,1905,2022,14,6640,18.19
13344,1905,2023,33,17699,48.49
13345,1905,2024,45,20980,57.48
13346,1905,2025,44,19947,54.65
13347,1906,2015,1,320,0.88
13348,1906,2016,0,0,0.0
13349,1906,2017,0,0,0.0
13350,1906,2018,0,0,0.0
13351,1906,2019,0,0,0.0
13352,1906,2020,0,0,0.0
13353,1906,2021,1,281,0.77
13354,1906,2022,2,672,1.84
13355,1906,2023,44,15181,41.59
13356,1906,2024,42,12637,34.62
13357,1906,2025,26,8083,22.15
13358,1907,2025,3,1155,3.16
13359,1908,2023,15,6199,16.98
13360,1908,2024,23,9095,24.92
13361,1908,2025,24,8122,22.25
13362,1909,1997,2,677,1.85
13363,1909,1998,0,0,0.0
13364,1909,1999,1,435,1.19
13365,1909,2000,1,640,1.75
13366,1909,2001,0,0,0.0
13367,1909,2002,0,0,0.0
13368,1909,2003,1,768,2.1
13369,1909,2004,0,0,0.0
13370,1909,2005,1,608,1.67
13371,1909,2006,4,1717,4.7
13372,1909,2007,3,1707,4.68
13373,1909,2008,3,1491,4.08
13374,1909,2009,2,772,2.12
13375,1909,2010,3,1471,4.03
13376,1909,2011,7,5963,16.34
13377,1909,2012,2,1014,2.78
13378,1909,2013,1,597,1.64
13379,1909,2014,1,528,1.45
13380,1909,2015,1,512,1.4
13381,1909,2016,2,864,2.37
13382,1909,2017,2,864,2.37
13383,1909,2018,17,7313,20.04
13384,1909,2019,22,10868,29.78
13385,1909,2020,43,15113,41.41
13386,1909,2021,85,26480,72.55
13387,1909,2022,68,25492,69.84
13388,1909,2023,86,32638,89.42
13389,1909,2024,95,36358,99.61
13390,1909,2025,87,34274,93.9
13391,1910,2018,44,13378,36.65
13392,1910,2019,41,11261,30.85
13393,1910,2020,24,8674,23.76
13394,1910,2021,21,5073,13.9
13395,1910,2022,30,7142,19.57
13396,1910,2023,25,9476,25.96
13397,1910,2024,100,31506,86.32
13398,1910,2025,65,19217,52.65
13399,1911,2025,22,9801,26.85
13400,1912,2024,2,671,1.84
13401,1912,2025,19,5464,14.97
13402,1913,2019,28,7846,21.5
13403,1913,2020,41,12858,35.23
13404,1913,2021,50,17383,47.62
13405,1913,2022,98,24520,67.18
13406,1913,2023,51,14322,39.24
13407,1913,2024,55,18018,49.36
13408,1913,2025,54,16396,44.92
13409,1914,2020,48,17197,47.12
13410,1914,2021,77,30916,84.7
13411,1914,2022,95,35302,96.72
13412,1914,2023,62,23994,65.74
13413,1914,2024,88,33081,90.63
13414,1914,2025,84,30416,83.33
13415,1915,2021,115,43581,119.4
13416,1915,2022,366,139746,382.87
13417,1915,2023,568,203926,558.7
13418,1915,2024,304,111826,306.37
13419,1915,2025,285,97651,267.54
13420,1916,2022,7,2397,6.57
13421,1916,2023,23,7284,19.96
13422,1916,2024,37,12575,34.45
13423,1916,2025,42,16068,44.02
13424,1917,2012,15,6148,16.84
13425,1917,2013,28,11769,32.24
13426,1917,2014,15,4927,13.5
13427,1917,2015,18,5608,15.36
13428,1917,2016,34,10790,29.56
13429,1917,2017,19,7195,19.71
13430,1917,2018,15,4572,12.53
13431,1917,2019,15,5011,13.73
13432,1917,2020,15,5417,14.84
13433,1917,2021,8,2985,8.18
13434,1917,2022,19,6524,17.87
13435,1917,2023,28,9960,27.29
13436,1917,2024,17,6752,18.5
13437,1917,2025,15,5407,14.81
13438,1918,2021,13,4671,12.8
13439,1918,2022,106,36135,99.0
13440,1918,2023,116,40923,112.12
13441,1918,2024,127,49690,136.14
13442,1918,2025,105,37696,103.28
13443,1919,2025,38,13741,37.65
13444,1920,2020,11,3985,10.92
13445,1920,2021,18,6834,18.72
13446,1920,2022,13,4564,12.5
13447,1920,2023,20,8545,23.41
13448,1920,2024,18,6390,17.51
13449,1920,2025,14,5695,15.6
13450,1921,2024,26,9525,26.1
13451,1921,2025,30,15319,41.97
13452,1922,2008,1,0,0.0
13453,1922,2009,1,310,0.85
13454,1922,2010,7,1990,5.45
13455,1922,2011,6,1536,4.21
13456,1922,2012,17,4440,12.16
13457,1922,2013,60,13764,37.71
13458,1922,2014,44,9980,27.34
13459,1922,2015,41,9704,26.59
13460,1922,2016,40,9023,24.72
13461,1922,2017,55,12451,34.11
13462,1922,2018,35,8524,23.35
13463,1922,2019,38,7902,21.65
13464,1922,2020,36,7755,21.25
13465,1922,2021,50,9484,25.98
13466,1922,2022,85,19824,54.31
13467,1922,2023,83,20768,56.9
13468,1922,2024,90,23535,64.48
13469,1922,2025,83,22348,61.23
13470,1923,2023,57,19013,52.09
13471,1923,2024,52,16955,46.45
13472,1923,2025,50,15802,43.29
13473,1924,2023,2,655,1.79
13474,1924,2024,109,38769,106.22
13475,1924,2025,92,31335,85.85
13476,1925,2024,71,28396,77.8
13477,1925,2025,75,29730,81.45
13478,1926,2023,53,17683,48.45
13479,1926,2024,83,26099,71.5
13480,1926,2025,84,28119,77.04
13481,1927,2023,6,2220,6.08
13482,1927,2024,53,14237,39.01
13483,1927,2025,60,14809,40.57
13484,1928,2021,2,475,1.3
13485,1928,2022,1,360,0.99
13486,1928,2023,2,644,1.76
13487,1928,2024,11,4504,12.34
13488,1928,2025,16,5587,15.31
13489,1929,2024,1,396,1.08
13490,1929,2025,56,18071,49.51
13491,1930,2015,5,3379,9.26
13492,1930,2016,29,12849,35.2
13493,1930,2017,19,8128,22.27
13494,1930,2018,26,10565,28.95
13495,1930,2019,38,15835,43.38
13496,1930,2020,5,1812,4.96
13497,1930,2021,0,0,0.0
13498,1930,2022,2,694,1.9
13499,1930,2023,3,896,2.45
13500,1930,2024,0,0,0.0
13501,1930,2025,58,18122,49.65
13502,1931,2020,1,532,1.46
13503,1931,2021,0,0,0.0
13504,1931,2022,0,0,0.0
13505,1931,2023,0,0,0.0
13506,1931,2024,235,66941,183.4
13507,1931,2025,227,64381,176.39
13508,1932,2021,19,8358,22.9
13509,1932,2022,40,15330,42.0
13510,1932,2023,23,8426,23.08
13511,1932,2024,20,7697,21.09
13512,1932,2025,88,29300,80.27
13513,1933,2016,1,947,2.59
13514,1933,2017,1,452,1.24
13515,1933,2018,0,0,0.0
13516,1933,2019,0,0,0.0
13517,1933,2020,0,0,0.0
13518,1933,2021,5,2263,6.2
13519,1933,2022,33,10780,29.53
13520,1933,2023,54,18428,50.49
13521,1933,2024,30,12120,33.21
13522,1933,2025,28,9529,26.11
13523,1934,2018,7,1887,5.17
13524,1934,2019,25,8442,23.13
13525,1934,2020,12,3955,10.84
13526,1934,2021,11,3624,9.93
13527,1934,2022,9,3258,8.93
13528,1934,2023,5,2061,5.65
13529,1934,2024,16,4916,13.47
13530,1934,2025,51,15146,41.5
13531,1935,2021,11,3879,10.63
13532,1935,2022,52,20662,56.61
13533,1935,2023,79,26931,73.78
13534,1935,2024,71,25867,70.87
13535,1935,2025,63,22008,60.3
13536,1936,2004,1,72,0.2
13537,1936,2005,1,26,0.07
13538,1936,2006,1,48,0.13
13539,1936,2007,1,62,0.17
13540,1936,2008,0,0,0.0
13541,1936,2009,0,0,0.0
13542,1936,2010,1,759,2.08
13543,1936,2011,3,1417,3.88
13544,1936,2012,4,1207,3.31
13545,1936,2013,5,2655,7.27
13546,1936,2014,7,3114,8.53
13547,1936,2015,27,8630,23.64
13548,1936,2016,5,1224,3.35
13549,1936,2017,3,864,2.37
13550,1936,2018,9,2112,5.79
13551,1936,2019,20,5287,14.48
13552,1936,2020,23,8714,23.87
13553,1936,2021,101,32181,88.17
13554,1936,2022,140,48518,132.93
13555,1936,2023,312,87027,238.43
13556,1936,2024,334,89456,245.08
13557,1936,2025,261,61756,169.19
13558,1937,2020,1,587,1.61
13559,1937,2021,9,4292,11.76
13560,1937,2022,2,762,2.09
13561,1937,2023,15,6427,17.61
13562,1937,2024,90,39744,108.89
13563,1937,2025,129,54926,150.48
13564,1938,2020,1,521,1.43
13565,1938,2021,0,0,0.0
13566,1938,2022,2,809,2.22
13567,1938,2023,2,592,1.62
13568,1938,2024,2,876,2.4
13569,1938,2025,43,16093,44.09
13570,1939,2016,59,22631,62.0
13571,1939,2017,30,10897,29.85
13572,1939,2018,23,9638,26.41
13573,1939,2019,20,6103,16.72
13574,1939,2020,31,13323,36.5
13575,1939,2021,15,6467,17.72
13576,1939,2022,15,8671,23.76
13577,1939,2023,20,7530,20.63
13578,1939,2024,2,717,1.96
13579,1939,2025,34,11988,32.84
13580,1940,2011,5,1645,4.51
13581,1940,2012,13,4040,11.07
13582,1940,2013,0,0,0.0
13583,1940,2014,8,3151,8.63
13584,1940,2015,0,0,0.0
13585,1940,2016,1,288,0.79
13586,1940,2017,1,1120,3.07
13587,1940,2018,0,0,0.0
13588,1940,2019,1,197,0.54
13589,1940,2020,0,0,0.0
13590,1940,2021,0,0,0.0
13591,1940,2022,6,2083,5.71
13592,1940,2023,36,11308,30.98
13593,1940,2024,32,11175,30.62
13594,1940,2025,57,19556,53.58
13595,1941,2023,25,8199,22.46
13596,1941,2024,29,9216,25.25
13597,1941,2025,34,10732,29.4
13598,1942,2021,1,366,1.0
13599,1942,2022,11,4149,11.37
13600,1942,2023,37,13405,36.73
13601,1942,2024,61,25235,69.14
13602,1942,2025,71,30957,84.81
13603,1943,2019,48,16620,45.53
13604,1943,2020,107,32704,89.6
13605,1943,2021,146,48908,133.99
13606,1943,2022,192,362506,993.17
13607,1943,2023,175,60588,165.99
13608,1943,2024,176,59203,162.2
13609,1943,2025,163,52969,145.12
13610,1944,2013,1,431,1.18
13611,1944,2014,0,0,0.0
13612,1944,2015,1,380,1.04
13613,1944,2016,0,0,0.0
13614,1944,2017,0,0,0.0
13615,1944,2018,0,0,0.0
13616,1944,2019,0,0,0.0
13617,1944,2020,4,1994,5.46
13618,1944,2021,5,2063,5.65
13619,1944,2022,9,3791,10.39
13620,1944,2023,5,1215,3.33
13621,1944,2024,23,6643,18.2
13622,1944,2025,41,13983,38.31
13623,1945,2022,1,136,0.37
13624,1945,2023,34,10903,29.87
13625,1945,2024,24,8977,24.59
13626,1945,2025,23,7182,19.68
13627,1946,2023,122,48963,134.15
13628,1946,2024,116,44538,122.02
13629,1946,2025,61,26180,71.73
13630,1947,2012,13,5039,13.81
13631,1947,2013,11,2934,8.04
13632,1947,2014,8,1789,4.9
13633,1947,2015,8,2169,5.94
13634,1947,2016,20,6942,19.02
13635,1947,2017,19,6621,18.14
13636,1947,2018,31,11063,30.31
13637,1947,2019,32,11195,30.67
13638,1947,2020,34,12940,35.45
13639,1947,2021,35,12582,34.47
13640,1947,2022,36,12511,34.28
13641,1947,2023,36,14285,39.14
13642,1947,2024,37,14254,39.05
13643,1947,2025,37,15337,42.02
13644,1948,2024,38,13587,37.22
13645,1948,2025,37,12273,33.62
13646,1949,2025,297,99867,273.61
13647,1950,2011,1,375,1.03
13648,1950,2012,2,744,2.04
13649,1950,2013,0,0,0.0
13650,1950,2014,1,752,2.06
13651,1950,2015,0,0,0.0
13652,1950,2016,8,3269,8.96
13653,1950,2017,1,358,0.98
13654,1950,2018,0,0,0.0
13655,1950,2019,4,1704,4.67
13656,1950,2020,2,1231,3.37
13657,1950,2021,0,0,0.0
13658,1950,2022,0,0,0.0
13659,1950,2023,1,246,0.67
13660,1950,2024,13,9664,26.48
13661,1950,2025,4,2217,6.07
13662,1951,2023,4,1446,3.96
13663,1951,2024,25,7706,21.11
13664,1951,2025,6,4067,11.14
13665,1952,2014,4,1797,4.92
13666,1952,2015,3,1586,4.35
13667,1952,2016,7,2590,7.1
13668,1952,2017,2,676,1.85
13669,1952,2018,0,0,0.0
13670,1952,2019,0,0,0.0
13671,1952,2020,0,0,0.0
13672,1952,2021,52,16553,45.35
13673,1952,2022,9,3745,10.26
13674,1952,2023,5,1828,5.01
13675,1952,2024,1,419,1.15
13676,1952,2025,9,4720,12.93
13677,1953,2024,51,19404,53.16
13678,1953,2025,75,27341,74.91
13679,1954,2019,13,3359,9.2
13680,1954,2020,45,15414,42.23
13681,1954,2021,80,27612,75.65
13682,1954,2022,90,30368,83.2
13683,1954,2023,95,34255,93.85
13684,1954,2024,90,31035,85.03
13685,1954,2025,67,22591,61.89
13686,1955,2012,11,3529,9.67
13687,1955,2013,7,2800,7.67
13688,1955,2014,18,5505,15.08
13689,1955,2015,32,10931,29.95
13690,1955,2016,40,10634,29.13
13691,1955,2017,48,13566,37.17
13692,1955,2018,43,14286,39.14
13693,1955,2019,42,10588,29.01
13694,1955,2020,71,18104,49.6
13695,1955,2021,76,25054,68.64
13696,1955,2022,74,24852,68.09
13697,1955,2023,70,25070,68.68
13698,1955,2024,76,25736,70.51
13699,1955,2025,105,35351,96.85
13700,1956,2025,54,20399,55.89
13701,1957,2024,23,10453,28.64
13702,1957,2025,22,10272,28.14
13703,1958,2024,64,24548,67.25
13704,1958,2025,127,54845,150.26
13705,1959,2024,7,3680,10.08
13706,1959,2025,31,13534,37.08
13707,1960,2024,8,2540,6.96
13708,1960,2025,49,18286,50.1
13709,1961,2015,1,146,0.4
13710,1961,2016,0,0,0.0
13711,1961,2017,0,0,0.0
13712,1961,2018,0,0,0.0
13713,1961,2019,3,2366,6.48
13714,1961,2020,1,1243,3.41
13715,1961,2021,0,0,0.0
13716,1961,2022,0,0,0.0
13717,1961,2023,0,0,0.0
13718,1961,2024,0,0,0.0
13719,1961,2025,7,2327,6.38
13720,1962,2011,1,849,2.33
13721,1962,2012,0,0,0.0
13722,1962,2013,0,0,0.0
13723,1962,2014,0,0,0.0
13724,1962,2015,0,0,0.0
13725,1962,2016,0,0,0.0
13726,1962,2017,0,0,0.0
13727,1962,2018,0,0,0.0
13728,1962,2019,0,0,0.0
13729,1962,2020,0,0,0.0
13730,1962,2021,0,0,0.0
13731,1962,2022,0,0,0.0
13732,1962,2023,0,0,0.0
13733,1962,2024,0,0,0.0
13734,1962,2025,62,30426,83.36
13735,1963,2023,3,1245,3.41
13736,1963,2024,72,24436,66.95
13737,1963,2025,105,38020,104.16
13738,1964,2025,7,1719,4.71
13739,1965,2013,1,233,0.64
13740,1965,2014,0,0,0.0
13741,1965,2015,3,962,2.64
13742,1965,2016,0,0,0.0
13743,1965,2017,1,336,0.92
13744,1965,2018,3,863,2.36
13745,1965,2019,2,540,1.48
13746,1965,2020,1,143,0.39
13747,1965,2021,43,14673,40.2
13748,1965,2022,43,13684,37.49
13749,1965,2023,12,4356,11.93
13750,1965,2024,9,3180,8.71
13751,1965,2025,13,5128,14.05
13752,1966,2009,1,19,0.05
13753,1966,2010,0,0,0.0
13754,1966,2011,0,0,0.0
13755,1966,2012,0,0,0.0
13756,1966,2013,4,1484,4.07
13757,1966,2014,7,1987,5.44
13758,1966,2015,1,447,1.22
13759,1966,2016,0,0,0.0
13760,1966,2017,0,0,0.0
13761,1966,2018,0,0,0.0
13762,1966,2019,4,2981,8.17
13763,1966,2020,2,1194,3.27
13764,1966,2021,0,0,0.0
13765,1966,2022,13,4707,12.9
13766,1966,2023,41,14375,39.38
13767,1966,2024,41,14199,38.9
13768,1966,2025,70,22470,61.56
13769,1967,2025,111,33594,92.04
13770,1968,2008,1,244,0.67
13771,1968,2009,22,7660,20.99
13772,1968,2010,98,36418,99.78
13773,1968,2011,76,30989,84.9
13774,1968,2012,47,17553,48.09
13775,1968,2013,9,3858,10.57
13776,1968,2014,94,34398,94.24
13777,1968,2015,96,36434,99.82
13778,1968,2016,113,43167,118.27
13779,1968,2017,133,57470,157.45
13780,1968,2018,133,57153,156.58
13781,1968,2019,86,32566,89.22
13782,1968,2020,37,14681,40.22
13783,1968,2021,39,12802,35.07
13784,1968,2022,28,9800,26.85
13785,1968,2023,89,30127,82.54
13786,1968,2024,153,52063,142.64
13787,1968,2025,173,60983,167.08
13788,1969,2025,1,352,0.96
13789,1970,2022,7,2177,5.96
13790,1970,2023,68,21457,58.79
13791,1970,2024,64,20404,55.9
13792,1970,2025,49,17058,46.73
13793,1971,2018,16,5466,14.98
13794,1971,2019,20,8077,22.13
13795,1971,2020,36,14170,38.82
13796,1971,2021,45,19913,54.56
13797,1971,2022,42,14968,41.01
13798,1971,2023,46,17472,47.87
13799,1971,2024,43,15851,43.43
13800,1971,2025,57,19821,54.3
13801,1972,2023,9,2611,7.15
13802,1972,2024,70,24445,66.97
13803,1972,2025,67,21792,59.7
13804,1973,2025,77,29985,82.15
13805,1974,2019,1,282,0.77
13806,1974,2020,0,0,0.0
13807,1974,2021,0,0,0.0
13808,1974,2022,0,0,0.0
13809,1974,2023,8,3812,10.44
13810,1974,2024,109,36604,100.28
13811,1974,2025,104,37043,101.49
13812,1975,2025,132,48146,131.91
13813,1976,2012,1,222,0.61
13814,1976,2013,0,0,0.0
13815,1976,2014,4,1400,3.84
13816,1976,2015,49,14886,40.78
13817,1976,2016,61,19630,53.78
13818,1976,2017,70,22060,60.44
13819,1976,2018,116,36612,100.31
13820,1976,2019,145,47182,129.27
13821,1976,2020,159,52474,143.76
13822,1976,2021,141,49804,136.45
13823,1976,2022,92,31993,87.65
13824,1976,2023,138,48473,132.8
13825,1976,2024,136,46171,126.5
13826,1976,2025,150,54381,148.99
13827,1977,2020,1,384,1.05
13828,1977,2021,120,36586,100.24
13829,1977,2022,81,24121,66.08
13830,1977,2023,62,18773,51.43
13831,1977,2024,62,20065,54.97
13832,1977,2025,53,18951,51.92
13833,1978,2017,1,322,0.88
13834,1978,2018,1,435,1.19
13835,1978,2019,0,0,0.0
13836,1978,2020,0,0,0.0
13837,1978,2021,3,1152,3.16
13838,1978,2022,87,33799,92.6
13839,1978,2023,94,31101,85.21
13840,1978,2024,140,46343,126.97
13841,1978,2025,119,40424,110.75
13842,1979,2025,42,12742,34.91
13843,1980,2024,93,36751,100.69
13844,1980,2025,74,32917,90.18
13845,1981,2017,54,18434,50.5
13846,1981,2018,75,24046,65.88
13847,1981,2019,15,5328,14.6
13848,1981,2020,77,26591,72.85
13849,1981,2021,69,23449,64.24
13850,1981,2022,100,33317,91.28
13851,1981,2023,95,35407,97.01
13852,1981,2024,94,34274,93.9
13853,1981,2025,134,47575,130.34
13854,1982,2025,9,3363,9.21
13855,1983,2022,2,664,1.82
13856,1983,2023,34,12197,33.42
13857,1983,2024,42,13616,37.3
13858,1983,2025,115,41682,114.2
13859,1984,2023,36,15297,41.91
13860,1984,2024,58,21185,58.04
13861,1984,2025,23,7297,19.99
13862,1985,2025,23,6590,18.05
13863,1986,2024,11,3591,9.84
13864,1986,2025,27,10497,28.76
13865,1987,2020,4,1208,3.31
13866,1987,2021,55,20016,54.84
13867,1987,2022,115,29142,79.84
13868,1987,2023,86,21132,57.9
13869,1987,2024,53,11984,32.83
13870,1987,2025,45,12158,33.31
13871,1988,2019,6,2037,5.58
13872,1988,2020,0,0,0.0
13873,1988,2021,13,4917,13.47
13874,1988,2022,50,16212,44.42
13875,1988,2023,52,13348,36.57
13876,1988,2024,52,12504,34.26
13877,1988,2025,49,13310,36.47
13878,1989,2022,205,82942,227.24
13879,1989,2023,196,82779,226.79
13880,1989,2024,220,90091,246.82
13881,1989,2025,185,81779,224.05
13882,1990,2014,4,1178,3.23
13883,1990,2015,0,0,0.0
13884,1990,2016,1,320,0.88
13885,1990,2017,0,0,0.0
13886,1990,2018,1,192,0.53
13887,1990,2019,2,800,2.19
13888,1990,2020,0,0,0.0
13889,1990,2021,15,7799,21.37
13890,1990,2022,15,6324,17.33
13891,1990,2023,7,2973,8.15
13892,1990,2024,20,9828,26.93
13893,1990,2025,42,19507,53.44
13894,1991,2020,18,6648,18.21
13895,1991,2021,18,6962,19.07
13896,1991,2022,75,23621,64.72
13897,1991,2023,17,7499,20.55
13898,1991,2024,286,103657,283.99
13899,1991,2025,351,122165,334.7
13900,1992,2011,9,3120,8.55
13901,1992,2012,10,4002,10.96
13902,1992,2013,15,7335,20.1
13903,1992,2014,5,1584,4.34
13904,1992,2015,3,1095,3.0
13905,1992,2016,9,2855,7.82
13906,1992,2017,8,2267,6.21
13907,1992,2018,10,2991,8.19
13908,1992,2019,5,2301,6.3
13909,1992,2020,10,3283,8.99
13910,1992,2021,5,1698,4.65
13911,1992,2022,14,4418,12.1
13912,1992,2023,28,8938,24.49
13913,1992,2024,47,15305,41.93
13914,1992,2025,84,29394,80.53
13915,1993,2024,61,23143,63.41
13916,1993,2025,77,28484,78.04
13917,1994,2022,75,23399,64.11
13918,1994,2023,85,25995,71.22
13919,1994,2024,64,20123,55.13
13920,1994,2025,75,23600,64.66
13921,1995,2009,1,302,0.83
13922,1995,2010,0,0,0.0
13923,1995,2011,0,0,0.0
13924,1995,2012,0,0,0.0
13925,1995,2013,6,2815,7.71
13926,1995,2014,5,1561,4.28
13927,1995,2015,2,669,1.83
13928,1995,2016,1,375,1.03
13929,1995,2017,2,416,1.14
13930,1995,2018,0,0,0.0
13931,1995,2019,4,1911,5.24
13932,1995,2020,4,1379,3.78
13933,1995,2021,1,224,0.61
13934,1995,2022,12,5082,13.92
13935,1995,2023,73,23763,65.1
13936,1995,2024,92,39278,107.61
13937,1995,2025,132,46567,127.58
13938,1996,2023,374,141597,387.94
13939,1996,2024,339,110780,303.51
13940,1996,2025,332,96315,263.88
13941,1997,2021,62,23999,65.75
13942,1997,2022,48,19231,52.69
13943,1997,2023,45,20318,55.67
13944,1997,2024,69,26941,73.81
13945,1997,2025,92,36905,101.11
13946,1998,2025,6,2103,5.76
13947,1999,2023,178,61734,169.13
13948,1999,2024,156,47512,130.17
13949,1999,2025,150,36543,100.12
13950,2000,2023,10,3239,8.87
13951,2000,2024,12,4991,13.67
13952,2000,2025,13,4160,11.4
13953,2001,2022,15,5715,15.66
13954,2001,2023,113,46867,128.4
13955,2001,2024,122,49500,135.62
13956,2001,2025,83,33487,91.75
13957,2002,2020,1,385,1.05
13958,2002,2021,0,0,0.0
13959,2002,2022,0,0,0.0
13960,2002,2023,2,733,2.01
13961,2002,2024,9,4875,13.36
13962,2002,2025,67,28039,76.82
13963,2003,2024,79,35517,97.31
13964,2003,2025,66,28439,77.92
13965,2004,2007,2,1120,3.07
13966,2004,2008,19,6711,18.39
13967,2004,2009,1,295,0.81
13968,2004,2010,0,0,0.0
13969,2004,2011,0,0,0.0
13970,2004,2012,0,0,0.0
13971,2004,2013,0,0,0.0
13972,2004,2014,0,0,0.0
13973,2004,2015,2,966,2.65
13974,2004,2016,0,0,0.0
13975,2004,2017,0,0,0.0
13976,2004,2018,0,0,0.0
13977,2004,2019,0,0,0.0
13978,2004,2020,78,27598,75.61
13979,2004,2021,120,39872,109.24
13980,2004,2022,119,36502,100.01
13981,2004,2023,134,39851,109.18
13982,2004,2024,112,32109,87.97
13983,2004,2025,108,32608,89.34
13984,2005,2025,1,324,0.89
13985,2006,2023,46,12361,33.87
13986,2006,2024,139,45565,124.84
13987,2006,2025,62,19977,54.73
13988,2007,2021,22,8156,22.35
13989,2007,2022,60,23333,63.93
13990,2007,2023,8,5497,15.06
13991,2007,2024,2,1278,3.5
13992,2007,2025,35,13470,36.9
13993,2008,2025,49,18671,51.15
13994,2009,2019,323,101542,278.2
13995,2009,2020,330,97509,267.15
13996,2009,2021,215,75551,206.99
13997,2009,2022,208,69409,190.16
13998,2009,2023,187,65417,179.22
13999,2009,2024,200,68798,188.49
14000,2009,2025,147,59800,163.84
14001,2010,2022,20,6453,17.68
14002,2010,2023,32,11789,32.3
14003,2010,2024,19,7887,21.61
14004,2010,2025,13,3873,10.61
14005,2011,2025,56,8530,23.37
14006,2012,2020,4,1764,4.83
14007,2012,2021,5,1781,4.88
14008,2012,2022,8,2873,7.87
14009,2012,2023,31,14161,38.8
14010,2012,2024,50,17216,47.17
14011,2012,2025,56,21365,58.53
14012,2013,2021,2,519,1.42
14013,2013,2022,65,20704,56.72
14014,2013,2023,54,16993,46.56
14015,2013,2024,54,15814,43.33
14016,2013,2025,66,20874,57.19
14017,2014,2025,49,18324,50.2
14018,2015,2025,51,21182,58.03
14019,2016,2020,23,9017,24.7
14020,2016,2021,13,5652,15.48
14021,2016,2022,11,3861,10.58
14022,2016,2023,44,18436,50.51
14023,2016,2024,50,16247,44.51
14024,2016,2025,11,3945,10.81
14025,2017,2025,37,11495,31.49
14026,2018,2025,184,69388,190.1
14027,2019,2021,1,354,0.97
14028,2019,2022,0,0,0.0
14029,2019,2023,1,774,2.12
14030,2019,2024,38,15070,41.29
14031,2019,2025,51,21215,58.12
14032,2020,2017,3,1040,2.85
14033,2020,2018,5,2337,6.4
14034,2020,2019,14,5137,14.07
14035,2020,2020,42,13043,35.73
14036,2020,2021,24,7928,21.72
14037,2020,2022,36,11395,31.22
14038,2020,2023,25,8498,23.28
14039,2020,2024,30,8770,24.03
14040,2020,2025,39,12332,33.79
14041,2021,2013,85,25313,69.35
14042,2021,2014,4,1073,2.94
14043,2021,2015,5,1491,4.08
14044,2021,2016,0,0,0.0
14045,2021,2017,13,4098,11.23
14046,2021,2018,26,9888,27.09
14047,2021,2019,28,10549,28.9
14048,2021,2020,32,11963,32.78
14049,2021,2021,38,13958,38.24
14050,2021,2022,42,14185,38.86
14051,2021,2023,45,17484,47.9
14052,2021,2024,50,18487,50.65
14053,2021,2025,50,18733,51.32
14054,2022,2016,9,3286,9.0
14055,2022,2017,30,9767,26.76
14056,2022,2018,10,3601,9.87
14057,2022,2019,3,925,2.53
14058,2022,2020,5,1698,4.65
14059,2022,2021,3,938,2.57
14060,2022,2022,3,1038,2.84
14061,2022,2023,2,608,1.67
14062,2022,2024,20,7242,19.84
14063,2022,2025,9,3293,9.02
14064,2023,2025,258,92827,254.32
14065,2024,2025,79,26309,72.08
14066,2025,2025,53,18965,51.96
14067,2026,2022,36,14519,39.78
14068,2026,2023,70,28664,78.53
14069,2026,2024,107,44005,120.56
14070,2026,2025,194,71690,196.41
14071,2027,2022,11,3625,9.93
14072,2027,2023,40,12959,35.5
14073,2027,2024,215,80439,220.38
14074,2027,2025,223,78228,214.32
14075,2028,2021,18,8083,22.15
14076,2028,2022,15,6012,16.47
14077,2028,2023,11,4685,12.84
14078,2028,2024,15,5453,14.94
14079,2028,2025,19,7059,19.34
14080,2029,2017,1,536,1.47
14081,2029,2018,0,0,0.0
14082,2029,2019,0,0,0.0
14083,2029,2020,0,0,0.0
14084,2029,2021,9,4949,13.56
14085,2029,2022,321,117208,321.12
14086,2029,2023,612,208001,569.87
14087,2029,2024,865,303212,830.72
14088,2029,2025,1018,375096,1027.66
14089,2030,2009,1,144,0.39
14090,2030,2010,3,461,1.26
14091,2030,2011,4,885,2.42
14092,2030,2012,1,0,0.0
14093,2030,2013,2,460,1.26
14094,2030,2014,6,2137,5.85
14095,2030,2015,14,3884,10.64
14096,2030,2016,4,895,2.45
14097,2030,2017,40,13375,36.64
14098,2030,2018,130,47921,131.29
14099,2030,2019,110,40756,111.66
14100,2030,2020,143,55262,151.4
14101,2030,2021,111,48617,133.2
14102,2030,2022,213,85143,233.27
14103,2030,2023,266,103864,284.56
14104,2030,2024,121,55981,153.37
14105,2030,2025,103,46850,128.36
14106,2031,2012,2,569,1.56
14107,2031,2013,0,0,0.0
14108,2031,2014,0,0,0.0
14109,2031,2015,0,0,0.0
14110,2031,2016,0,0,0.0
14111,2031,2017,0,0,0.0
14112,2031,2018,24,7368,20.19
14113,2031,2019,97,32902,90.14
14114,2031,2020,146,50514,138.39
14115,2031,2021,116,40054,109.74
14116,2031,2022,121,40176,110.07
14117,2031,2023,177,58845,161.22
14118,2031,2024,221,78196,214.24
14119,2031,2025,236,85551,234.39
14120,2032,2023,64,22213,60.86
14121,2032,2024,52,19543,53.54
14122,2032,2025,55,20103,55.08
14123,2033,2022,1,661,1.81
14124,2033,2023,0,0,0.0
14125,2033,2024,69,28224,77.33
14126,2033,2025,60,21942,60.12
14127,2034,2023,57,25698,70.41
14128,2034,2024,129,56035,153.52
14129,2034,2025,199,87131,238.72
14130,2035,2024,3,715,1.96
14131,2035,2025,41,8419,23.07
14132,2036,2018,1,400,1.1
14133,2036,2019,0,0,0.0
14134,2036,2020,0,0,0.0
14135,2036,2021,0,0,0.0
14136,2036,2022,2,466,1.28
14137,2036,2023,20,5924,16.23
14138,2036,2024,36,10004,27.41
14139,2036,2025,6,1803,4.94
14140,2037,2017,1,256,0.7
14141,2037,2018,0,0,0.0
14142,2037,2019,0,0,0.0
14143,2037,2020,0,0,0.0
14144,2037,2021,0,0,0.0
14145,2037,2022,11,5056,13.85
14146,2037,2023,24,10978,30.08
14147,2037,2024,37,17492,47.92
14148,2037,2025,65,24185,66.26
14149,2038,2025,2,923,2.53
14150,2039,2025,21,10048,27.53
14151,2040,2020,5,1801,4.93
14152,2040,2021,9,3240,8.88
14153,2040,2022,28,9852,26.99
14154,2040,2023,58,19775,54.18
14155,2040,2024,61,22275,61.03
14156,2040,2025,38,13518,37.04
14157,2041,2016,1,428,1.17
14158,2041,2017,56,25171,68.96
14159,2041,2018,20,8066,22.1
14160,2041,2019,0,0,0.0
14161,2041,2020,22,11091,30.39
14162,2041,2021,84,32553,89.19
14163,2041,2022,26,8853,24.25
14164,2041,2023,1,336,0.92
14165,2041,2024,0,0,0.0
14166,2041,2025,5,1974,5.41
14167,2042,2025,6,2033,5.57
14168,2043,2011,318,98081,268.72
14169,2043,2012,110,27640,75.73
14170,2043,2013,134,31063,85.1
14171,2043,2014,94,27149,74.38
14172,2043,2015,232,42882,117.48
14173,2043,2016,178,45386,124.35
14174,2043,2017,157,34863,95.52
14175,2043,2018,129,28771,78.82
14176,2043,2019,204,47414,129.9
14177,2043,2020,69,18658,51.12
14178,2043,2021,0,0,0.0
14179,2043,2022,5,476,1.3
14180,2043,2023,149,36041,98.74
14181,2043,2024,117,31362,85.92
14182,2043,2025,80,22061,60.44
14183,2044,2021,8,3418,9.36
14184,2044,2022,15,7831,21.45
14185,2044,2023,14,6955,19.05
14186,2044,2024,15,7294,19.98
14187,2044,2025,43,16992,46.55
14188,2045,2021,4,2036,5.58
14189,2045,2022,23,7859,21.53
14190,2045,2023,51,18473,50.61
14191,2045,2024,61,24880,68.16
14192,2045,2025,46,14178,38.84
14193,2046,2016,4,1533,4.2
14194,2046,2017,16,5516,15.11
14195,2046,2018,9,3431,9.4
14196,2046,2019,12,5533,15.16
14197,2046,2020,28,10943,29.98
14198,2046,2021,27,10274,28.15
14199,2046,2022,27,9839,26.96
14200,2046,2023,34,12618,34.57
14201,2046,2024,34,14239,39.01
14202,2046,2025,50,19438,53.25
14203,2047,2019,30,11177,30.62
14204,2047,2020,87,32039,87.78
14205,2047,2021,77,28718,78.68
14206,2047,2022,62,23784,65.16
14207,2047,2023,44,15707,43.03
14208,2047,2024,56,21049,57.67
14209,2047,2025,87,29839,81.75
14210,2048,2019,1,192,0.53
14211,2048,2020,7,2331,6.39
14212,2048,2021,14,4072,11.16
14213,2048,2022,7,1730,4.74
14214,2048,2023,19,4850,13.29
14215,2048,2024,28,9980,27.34
14216,2048,2025,22,5956,16.32
14217,2049,2020,9,3105,8.51
14218,2049,2021,13,4692,12.85
14219,2049,2022,17,5941,16.28
14220,2049,2023,30,14622,40.06
14221,2049,2024,42,18605,50.97
14222,2049,2025,51,21011,57.56
14223,2050,2019,1,384,1.05
14224,2050,2020,0,0,0.0
14225,2050,2021,1,400,1.1
14226,2050,2022,14,5268,14.43
14227,2050,2023,77,25892,70.94
14228,2050,2024,94,30205,82.75
14229,2050,2025,94,31436,86.13
14230,2051,2010,1,608,1.67
14231,2051,2011,0,0,0.0
14232,2051,2012,0,0,0.0
14233,2051,2013,4,1500,4.11
14234,2051,2014,11,3964,10.86
14235,2051,2015,5,1763,4.83
14236,2051,2016,2,1429,3.92
14237,2051,2017,29,11064,30.31
14238,2051,2018,18,7075,19.38
14239,2051,2019,3,1048,2.87
14240,2051,2020,5,2067,5.66
14241,2051,2021,49,16978,46.52
14242,2051,2022,30,10274,28.15
14243,2051,2023,37,13982,38.31
14244,2051,2024,36,13741,37.65
14245,2051,2025,18,7055,19.33
14246,2052,2011,1,213,0.58
14247,2052,2012,0,0,0.0
14248,2052,2013,0,0,0.0
14249,2052,2014,0,0,0.0
14250,2052,2015,18,6131,16.8
14251,2052,2016,20,6242,17.1
14252,2052,2017,17,5669,15.53
14253,2052,2018,11,3621,9.92
14254,2052,2019,13,4708,12.9
14255,2052,2020,20,6859,18.79
14256,2052,2021,12,4344,11.9
14257,2052,2022,32,11516,31.55
14258,2052,2023,89,28195,77.25
14259,2052,2024,67,20760,56.88
14260,2052,2025,60,19820,54.3
14261,2053,1979,1,480,1.32
14262,2053,1980,1,439,1.2
14263,2053,1981,1,379,1.04
14264,2053,1982,0,0,0.0
14265,2053,1983,0,0,0.0
14266,2053,1984,1,448,1.23
14267,2053,1985,3,1150,3.15
14268,2053,1986,1,437,1.2
14269,2053,1987,2,1098,3.01
14270,2053,1988,5,1603,4.39
14271,2053,1989,0,0,0.0
14272,2053,1990,0,0,0.0
14273,2053,1991,0,0,0.0
14274,2053,1992,0,0,0.0
14275,2053,1993,1,854,2.34
14276,2053,1994,0,0,0.0
14277,2053,1995,2,246,0.67
14278,2053,1996,2,734,2.01
14279,2053,1997,2,1180,3.23
14280,2053,1998,1,827,2.27
14281,2053,1999,0,0,0.0
14282,2053,2000,5,1957,5.36
14283,2053,2001,0,0,0.0
14284,2053,2002,3,1206,3.3
14285,2053,2003,0,0,0.0
14286,2053,2004,1,226,0.62
14287,2053,2005,2,505,1.38
14288,2053,2006,2,894,2.45
14289,2053,2007,2,606,1.66
14290,2053,2008,1,0,0.0
14291,2053,2009,2,493,1.35
14292,2053,2010,1,296,0.81
14293,2053,2011,0,0,0.0
14294,2053,2012,0,0,0.0
14295,2053,2013,3,616,1.69
14296,2053,2014,2,656,1.8
14297,2053,2015,1,1046,2.87
14298,2053,2016,5,2279,6.24
14299,2053,2017,1,0,0.0
14300,2053,2018,4,844,2.31
14301,2053,2019,3,1483,4.06
14302,2053,2020,5,1249,3.42
14303,2053,2021,8,2747,7.53
14304,2053,2022,11,2454,6.72
14305,2053,2023,10,2413,6.61
14306,2053,2024,25,5356,14.67
14307,2053,2025,57,9884,27.08
14308,2054,2004,2,472,1.29
14309,2054,2005,4,1607,4.4
14310,2054,2006,1,336,0.92
14311,2054,2007,2,586,1.61
14312,2054,2008,2,1151,3.15
14313,2054,2009,1,320,0.88
14314,2054,2010,4,1309,3.59
14315,2054,2011,5,1452,3.98
14316,2054,2012,3,957,2.62
14317,2054,2013,1,216,0.59
14318,2054,2014,5,1210,3.32
14319,2054,2015,8,1912,5.24
14320,2054,2016,18,4536,12.43
14321,2054,2017,47,9702,26.58
14322,2054,2018,10,2410,6.6
14323,2054,2019,5,1590,4.36
14324,2054,2020,0,0,0.0
14325,2054,2021,13,5199,14.24
14326,2054,2022,70,21161,57.98
14327,2054,2023,58,15856,43.44
14328,2054,2024,60,14079,38.57
14329,2054,2025,138,32526,89.11
14330,2055,2024,2,871,2.39
14331,2055,2025,18,8787,24.07
14332,2056,2021,1,288,0.79
14333,2056,2022,22,6354,17.41
14334,2056,2023,29,8290,22.71
14335,2056,2024,43,13576,37.19
14336,2056,2025,75,19765,54.15
14337,2057,2021,1,301,0.82
14338,2057,2022,9,2024,5.55
14339,2057,2023,15,5677,15.55
14340,2057,2024,61,23751,65.07
14341,2057,2025,52,17525,48.01
14342,2058,2019,1,440,1.21
14343,2058,2020,0,0,0.0
14344,2058,2021,0,0,0.0
14345,2058,2022,0,0,0.0
14346,2058,2023,0,219,0.6
14347,2058,2024,0,132,0.36
14348,2058,2025,4,1176,3.22
14349,2059,2025,11,3637,9.96
14350,2060,2013,1,216,0.59
14351,2060,2014,0,0,0.0
14352,2060,2015,2,316,0.87
14353,2060,2016,43,12033,32.97
14354,2060,2017,106,34000,93.15
14355,2060,2018,101,29729,81.45
14356,2060,2019,137,39309,107.7
14357,2060,2020,137,40362,110.58
14358,2060,2021,164,51683,141.6
14359,2060,2022,184,59710,163.59
14360,2060,2023,134,42997,117.8
14361,2060,2024,177,54988,150.65
14362,2060,2025,134,56119,153.75
14363,2061,1997,1,291,0.8
14364,2061,1998,0,0,0.0
14365,2061,1999,0,0,0.0
14366,2061,2000,0,0,0.0
14367,2061,2001,0,0,0.0
14368,2061,2002,0,0,0.0
14369,2061,2003,0,0,0.0
14370,2061,2004,0,0,0.0
14371,2061,2005,1,835,2.29
14372,2061,2006,1,1040,2.85
14373,2061,2007,1,1177,3.22
14374,2061,2008,0,0,0.0
14375,2061,2009,0,0,0.0
14376,2061,2010,0,0,0.0
14377,2061,2011,1,1061,2.91
14378,2061,2012,3,1307,3.58
14379,2061,2013,1,661,1.81
14380,2061,2014,8,4121,11.29
14381,2061,2015,4,1567,4.29
14382,2061,2016,1,398,1.09
14383,2061,2017,1,224,0.61
14384,2061,2018,0,0,0.0
14385,2061,2019,2,780,2.14
14386,2061,2020,12,5319,14.57
14387,2061,2021,35,14402,39.46
14388,2061,2022,64,21704,59.46
14389,2061,2023,54,17160,47.01
14390,2061,2024,59,18802,51.51
14391,2061,2025,48,15777,43.22
14392,2062,2014,4,1963,5.38
14393,2062,2015,0,0,0.0
14394,2062,2016,0,0,0.0
14395,2062,2017,4,1189,3.26
14396,2062,2018,7,2405,6.59
14397,2062,2019,12,4194,11.49
14398,2062,2020,44,14723,40.34
14399,2062,2021,48,18593,50.94
14400,2062,2022,95,35695,97.79
14401,2062,2023,111,44975,123.22
14402,2062,2024,124,51594,141.35
14403,2062,2025,100,35371,96.91
14404,2063,2014,2,1051,2.88
14405,2063,2015,7,3617,9.91
14406,2063,2016,2,649,1.78
14407,2063,2017,3,645,1.77
14408,2063,2018,0,0,0.0
14409,2063,2019,0,0,0.0
14410,2063,2020,0,0,0.0
14411,2063,2021,0,0,0.0
14412,2063,2022,0,0,0.0
14413,2063,2023,20,6013,16.47
14414,2063,2024,71,20044,54.92
14415,2063,2025,114,32174,88.15
14416,2064,2014,6,2120,5.81
14417,2064,2015,2,481,1.32
14418,2064,2016,2,359,0.98
14419,2064,2017,1,272,0.75
14420,2064,2018,3,1023,2.8
14421,2064,2019,5,1033,2.83
14422,2064,2020,8,1449,3.97
14423,2064,2021,87,14866,40.73
14424,2064,2022,166,21582,59.13
14425,2064,2023,82,14397,39.44
14426,2064,2024,52,11222,30.75
14427,2064,2025,33,8421,23.07
14428,2065,2016,26,8349,22.87
14429,2065,2017,0,0,0.0
14430,2065,2018,0,0,0.0
14431,2065,2019,11,4323,11.84
14432,2065,2020,164,50750,139.04
14433,2065,2021,101,31314,85.79
14434,2065,2022,59,18085,49.55
14435,2065,2023,140,45278,124.05
14436,2065,2024,124,42826,117.33
14437,2065,2025,132,43464,119.08
14438,2066,2019,6,2060,5.64
14439,2066,2020,4,1381,3.78
14440,2066,2021,2,723,1.98
14441,2066,2022,1,384,1.05
14442,2066,2023,126,53917,147.72
14443,2066,2024,241,90915,249.08
14444,2066,2025,194,81759,224.0
14445,2067,2022,21,6830,18.71
14446,2067,2023,29,10311,28.25
14447,2067,2024,31,10022,27.46
14448,2067,2025,27,9485,25.99
14449,2068,2024,27,10273,28.15
14450,2068,2025,120,43476,119.11
14451,2069,2010,1,244,0.67
14452,2069,2011,15,5554,15.22
14453,2069,2012,33,10974,30.07
14454,2069,2013,29,7818,21.42
14455,2069,2014,47,12634,34.61
14456,2069,2015,50,13848,37.94
14457,2069,2016,507,101832,278.99
14458,2069,2017,51,10033,27.49
14459,2069,2018,139,26986,73.93
14460,2069,2019,53,12245,33.55
14461,2069,2020,27,6395,17.52
14462,2069,2021,53,17248,47.25
14463,2069,2022,52,15368,42.1
14464,2069,2023,53,18142,49.7
14465,2069,2024,77,17286,47.36
14466,2069,2025,57,13259,36.33
14467,2070,2024,2,912,2.5
14468,2070,2025,17,8019,21.97
14469,2071,2018,1,256,0.7
14470,2071,2019,0,0,0.0
14471,2071,2020,0,0,0.0
14472,2071,2021,7,2515,6.89
14473,2071,2022,56,18138,49.69
14474,2071,2023,85,27274,74.72
14475,2071,2024,80,26957,73.85
14476,2071,2025,77,24122,66.09
14477,2072,2021,14,4925,13.49
14478,2072,2022,9,3126,8.56
14479,2072,2023,36,12015,32.92
14480,2072,2024,58,19568,53.61
14481,2072,2025,57,19741,54.08
14482,2073,2025,40,17965,49.22
14483,2074,2021,31,13016,35.66
14484,2074,2022,39,13437,36.81
14485,2074,2023,43,15709,43.04
14486,2074,2024,59,23226,63.63
14487,2074,2025,81,30104,82.48
14488,2075,2024,1,424,1.16
14489,2075,2025,20,6422,17.59
14490,2076,2023,69,24548,67.25
14491,2076,2024,30,10048,27.53
14492,2076,2025,158,57059,156.33
14493,2077,2014,4,1052,2.88
14494,2077,2015,99,26521,72.66
14495,2077,2016,113,32956,90.29
14496,2077,2017,119,30281,82.96
14497,2077,2018,121,33614,92.09
14498,2077,2019,118,27637,75.72
14499,2077,2020,102,27181,74.47
14500,2077,2021,110,32556,89.19
14501,2077,2022,112,37866,103.74
14502,2077,2023,99,29594,81.08
14503,2077,2024,91,34827,95.42
14504,2077,2025,144,54158,148.38
14505,2078,2023,1,308,0.84
14506,2078,2024,0,0,0.0
14507,2078,2025,37,12898,35.34
14508,2079,2024,206,83844,229.71
14509,2079,2025,361,132779,363.78
14510,2080,2014,62,26301,72.06
14511,2080,2015,37,15245,41.77
14512,2080,2016,25,9143,25.05
14513,2080,2017,23,9198,25.2
14514,2080,2018,39,18386,50.37
14515,2080,2019,26,9579,26.24
14516,2080,2020,25,7908,21.67
14517,2080,2021,53,15901,43.56
14518,2080,2022,24,6845,18.75
14519,2080,2023,40,11116,30.45
14520,2080,2024,24,6961,19.07
14521,2080,2025,20,5841,16.0
14522,2081,2024,6,1810,4.96
14523,2081,2025,52,18469,50.6
14524,2082,2025,318,124035,339.82
14525,2083,2025,3,1362,3.73
14526,2084,2025,67,28450,77.95
14527,2085,2012,1,821,2.25
14528,2085,2013,0,0,0.0
14529,2085,2014,4,664,1.82
14530,2085,2015,3,432,1.18
14531,2085,2016,4,927,2.54
14532,2085,2017,6,3890,10.66
14533,2085,2018,7,1923,5.27
14534,2085,2019,2,364,1.0
14535,2085,2020,1,336,0.92
14536,2085,2021,19,8650,23.7
14537,2085,2022,38,18099,49.59
14538,2085,2023,59,25783,70.64
14539,2085,2024,54,27093,74.23
14540,2085,2025,67,29462,80.72
14541,2086,2023,1,338,0.93
14542,2086,2024,38,12941,35.45
14543,2086,2025,42,15658,42.9
14544,2087,2022,2,616,1.69
14545,2087,2023,0,0,0.0
14546,2087,2024,49,9534,26.12
14547,2087,2025,51,9146,25.06
14548,2088,2023,53,15966,43.74
14549,2088,2024,109,35589,97.5
14550,2088,2025,94,24837,68.05
14551,2089,2023,55,19880,54.47
14552,2089,2024,102,36003,98.64
14553,2089,2025,139,53533,146.67
14554,2090,2025,18,6918,18.95
14555,2091,2024,6,1979,5.42
14556,2091,2025,15,4716,12.92
14557,2092,2021,15,4832,13.24
14558,2092,2022,236,94188,258.05
14559,2092,2023,365,138606,379.74
14560,2092,2024,250,107514,294.56
14561,2092,2025,265,104141,285.32
14562,2093,2023,15,7544,20.67
14563,2093,2024,37,14939,40.93
14564,2093,2025,13,5985,16.4
14565,2094,2025,2,582,1.59
14566,2095,2009,1,324,0.89
14567,2095,2010,1,318,0.87
14568,2095,2011,3,857,2.35
14569,2095,2012,3,974,2.67
14570,2095,2013,4,718,1.97
14571,2095,2014,4,826,2.26
14572,2095,2015,2,764,2.09
14573,2095,2016,2,472,1.29
14574,2095,2017,23,7308,20.02
14575,2095,2018,13,4503,12.34
14576,2095,2019,9,2480,6.79
14577,2095,2020,18,5579,15.28
14578,2095,2021,32,9609,26.33
14579,2095,2022,42,13420,36.77
14580,2095,2023,28,8785,24.07
14581,2095,2024,37,14389,39.42
14582,2095,2025,47,21021,57.59
14583,2096,2010,1,256,0.7
14584,2096,2011,0,0,0.0
14585,2096,2012,319,97407,266.87
14586,2096,2013,133,42122,115.4
14587,2096,2014,72,23583,64.61
14588,2096,2015,86,22914,62.78
14589,2096,2016,63,21484,58.86
14590,2096,2017,76,28788,78.87
14591,2096,2018,76,24750,67.81
14592,2096,2019,59,16518,45.25
14593,2096,2020,69,17571,48.14
14594,2096,2021,90,17269,47.31
14595,2096,2022,91,19065,52.23
14596,2096,2023,75,17870,48.96
14597,2096,2024,108,25406,69.61
14598,2096,2025,110,25524,69.93
14599,2097,2011,7,2246,6.15
14600,2097,2012,14,4714,12.92
14601,2097,2013,52,18074,49.52
14602,2097,2014,62,22256,60.98
14603,2097,2015,43,13532,37.07
14604,2097,2016,60,19603,53.71
14605,2097,2017,76,28524,78.15
14606,2097,2018,46,13229,36.24
14607,2097,2019,68,24688,67.64
14608,2097,2020,44,21757,59.61
14609,2097,2021,48,18085,49.55
14610,2097,2022,0,0,0.0
14611,2097,2023,68,25709,70.44
14612,2097,2024,67,25793,70.67
14613,2097,2025,75,29513,80.86
14614,2098,2025,100,34167,93.61
14615,2099,2025,9,3841,10.52
14616,2100,2008,1,403,1.1
14617,2100,2009,0,0,0.0
14618,2100,2010,0,0,0.0
14619,2100,2011,0,0,0.0
14620,2100,2012,0,0,0.0
14621,2100,2013,14,4477,12.27
14622,2100,2014,37,12521,34.3
14623,2100,2015,38,12502,34.25
14624,2100,2016,27,9082,24.88
14625,2100,2017,26,8397,23.01
14626,2100,2018,20,6234,17.08
14627,2100,2019,32,11138,30.52
14628,2100,2020,43,14665,40.18
14629,2100,2021,36,13284,36.39
14630,2100,2022,52,17094,46.83
14631,2100,2023,58,19399,53.15
14632,2100,2024,55,19691,53.95
14633,2100,2025,58,20368,55.8
14634,2101,2007,2,482,1.32
14635,2101,2008,0,0,0.0
14636,2101,2009,5,1555,4.26
14637,2101,2010,4,1531,4.19
14638,2101,2011,8,2741,7.51
14639,2101,2012,5,2002,5.48
14640,2101,2013,1,372,1.02
14641,2101,2014,0,0,0.0
14642,2101,2015,2,509,1.39
14643,2101,2016,4,1267,3.47
14644,2101,2017,4,1413,3.87
14645,2101,2018,5,2109,5.78
14646,2101,2019,7,3755,10.29
14647,2101,2020,5,2908,7.97
14648,2101,2021,11,3888,10.65
14649,2101,2022,11,3655,10.01
14650,2101,2023,9,4072,11.16
14651,2101,2024,3,1600,4.38
14652,2101,2025,13,4913,13.46
14653,2102,2012,2,694,1.9
14654,2102,2013,57,18765,51.41
14655,2102,2014,31,13273,36.36
14656,2102,2015,26,7333,20.09
14657,2102,2016,55,14799,40.55
14658,2102,2017,37,10755,29.47
14659,2102,2018,31,8306,22.76
14660,2102,2019,69,20758,56.87
14661,2102,2020,36,11172,30.61
14662,2102,2021,15,3839,10.52
14663,2102,2022,30,9641,26.41
14664,2102,2023,89,30969,84.85
14665,2102,2024,99,28630,78.44
14666,2102,2025,91,24414,66.89
14667,2103,2022,75,26775,73.36
14668,2103,2023,105,36268,99.36
14669,2103,2024,130,56760,155.51
14670,2103,2025,122,37510,102.77
14671,2104,2021,1,304,0.83
14672,2104,2022,43,15880,43.51
14673,2104,2023,35,13059,35.78
14674,2104,2024,24,8122,22.25
14675,2104,2025,8,2969,8.13
14676,2105,2012,8,2928,8.02
14677,2105,2013,8,3077,8.43
14678,2105,2014,13,5180,14.19
14679,2105,2015,15,8338,22.84
14680,2105,2016,24,8015,21.96
14681,2105,2017,23,8613,23.6
14682,2105,2018,8,3226,8.84
14683,2105,2019,16,6268,17.17
14684,2105,2020,11,5152,14.12
14685,2105,2021,9,3618,9.91
14686,2105,2022,13,5169,14.16
14687,2105,2023,19,7947,21.77
14688,2105,2024,30,13352,36.58
14689,2105,2025,13,5816,15.93
14690,2106,2022,1,626,1.72
14691,2106,2023,9,4715,12.92
14692,2106,2024,76,39999,109.59
14693,2106,2025,85,42974,117.74
14694,2107,2004,1,0,0.0
14695,2107,2005,1,336,0.92
14696,2107,2006,0,0,0.0
14697,2107,2007,0,0,0.0
14698,2107,2008,1,361,0.99
14699,2107,2009,0,0,0.0
14700,2107,2010,0,0,0.0
14701,2107,2011,1,197,0.54
14702,2107,2012,0,0,0.0
14703,2107,2013,0,0,0.0
14704,2107,2014,0,0,0.0
14705,2107,2015,0,0,0.0
14706,2107,2016,0,0,0.0
14707,2107,2017,1,320,0.88
14708,2107,2018,33,9470,25.95
14709,2107,2019,12,3205,8.78
14710,2107,2020,8,2551,6.99
14711,2107,2021,10,4045,11.08
14712,2107,2022,29,11071,30.33
14713,2107,2023,94,34298,93.97
14714,2107,2024,85,26637,72.98
14715,2107,2025,77,27448,75.2
14716,2108,1999,1,278,0.76
14717,2108,2000,4,1038,2.84
14718,2108,2001,8,3146,8.62
14719,2108,2002,6,1686,4.62
14720,2108,2003,9,3091,8.47
14721,2108,2004,8,2291,6.28
14722,2108,2005,6,2045,5.6
14723,2108,2006,3,1423,3.9
14724,2108,2007,3,1784,4.89
14725,2108,2008,4,2264,6.2
14726,2108,2009,5,1964,5.38
14727,2108,2010,4,778,2.13
14728,2108,2011,7,2758,7.56
14729,2108,2012,17,7107,19.47
14730,2108,2013,11,4407,12.07
14731,2108,2014,9,3671,10.06
14732,2108,2015,3,1667,4.57
14733,2108,2016,0,0,0.0
14734,2108,2017,7,2593,7.1
14735,2108,2018,29,12519,34.3
14736,2108,2019,63,20823,57.05
14737,2108,2020,98,29051,79.59
14738,2108,2021,106,31154,85.35
14739,2108,2022,122,39777,108.98
14740,2108,2023,123,36109,98.93
14741,2108,2024,101,30102,82.47
14742,2108,2025,69,21451,58.77
14743,2109,2024,17,10238,28.05
14744,2109,2025,202,95392,261.35
14745,2110,2012,70,26711,73.18
14746,2110,2013,84,28670,78.55
14747,2110,2014,108,33163,90.86
14748,2110,2015,116,33036,90.51
14749,2110,2016,110,27578,75.56
14750,2110,2017,108,26519,72.65
14751,2110,2018,32,7112,19.48
14752,2110,2019,6,1474,4.04
14753,2110,2020,16,3541,9.7
14754,2110,2021,18,4397,12.05
14755,2110,2022,2,720,1.97
14756,2110,2023,2,626,1.72
14757,2110,2024,79,17106,46.87
14758,2110,2025,61,12926,35.41
14759,2111,2015,1,410,1.12
14760,2111,2016,30,12004,32.89
14761,2111,2017,50,19449,53.28
14762,2111,2018,14,4846,13.28
14763,2111,2019,36,12353,33.84
14764,2111,2020,19,6263,17.16
14765,2111,2021,14,5289,14.49
14766,2111,2022,22,7640,20.93
14767,2111,2023,23,6879,18.85
14768,2111,2024,22,9220,25.26
14769,2111,2025,26,11172,30.61
14770,2112,2022,1,288,0.79
14771,2112,2023,0,0,0.0
14772,2112,2024,1,182,0.5
14773,2112,2025,5,1694,4.64
14774,2113,2013,7,2732,7.48
14775,2113,2014,10,4203,11.52
14776,2113,2015,35,14996,41.08
14777,2113,2016,105,47529,130.22
14778,2113,2017,82,34070,93.34
14779,2113,2018,2,762,2.09
14780,2113,2019,1,329,0.9
14781,2113,2020,3,1006,2.76
14782,2113,2021,2,663,1.82
14783,2113,2022,146,53946,147.8
14784,2113,2023,125,44826,122.81
14785,2113,2024,155,56770,155.53
14786,2113,2025,127,48928,134.05
14787,2114,2025,90,42303,115.9
14788,2115,2022,4,1395,3.82
14789,2115,2023,7,2655,7.27
14790,2115,2024,27,11846,32.45
14791,2115,2025,31,11508,31.53
14792,2116,2012,1,489,1.34
14793,2116,2013,0,0,0.0
14794,2116,2014,1,336,0.92
14795,2116,2015,0,0,0.0
14796,2116,2016,20,6668,18.27
14797,2116,2017,11,3136,8.59
14798,2116,2018,7,2140,5.86
14799,2116,2019,49,18661,51.13
14800,2116,2020,45,16962,46.47
14801,2116,2021,50,16867,46.21
14802,2116,2022,71,24667,67.58
14803,2116,2023,107,31241,85.59
14804,2116,2024,80,23819,65.26
14805,2116,2025,70,20983,57.49
14806,2117,2025,42,14518,39.78
14807,2118,2023,25,9938,27.23
14808,2118,2024,71,33821,92.66
14809,2118,2025,23,12748,34.93
14810,2119,2007,1,512,1.4
14811,2119,2008,0,0,0.0
14812,2119,2009,5,2787,7.64
14813,2119,2010,12,5595,15.33
14814,2119,2011,89,40092,109.84
14815,2119,2012,85,33548,91.91
14816,2119,2013,99,48681,133.37
14817,2119,2014,131,54435,149.14
14818,2119,2015,130,58896,161.36
14819,2119,2016,100,45427,124.46
14820,2119,2017,119,53727,147.2
14821,2119,2018,90,37637,103.12
14822,2119,2019,104,44789,122.71
14823,2119,2020,106,42762,117.16
14824,2119,2021,119,46456,127.28
14825,2119,2022,74,29356,80.43
14826,2119,2023,7,3183,8.72
14827,2119,2024,61,25114,68.81
14828,2119,2025,118,44506,121.93
14829,2120,2022,12,3981,10.91
14830,2120,2023,55,14256,39.06
14831,2120,2024,257,78577,215.28
14832,2120,2025,391,119287,326.81
14833,2121,1991,1,72,0.2
14834,2121,1992,0,0,0.0
14835,2121,1993,0,0,0.0
14836,2121,1994,1,176,0.48
14837,2121,1995,0,0,0.0
14838,2121,1996,1,159,0.44
14839,2121,1997,0,0,0.0
14840,2121,1998,0,0,0.0
14841,2121,1999,0,0,0.0
14842,2121,2000,0,0,0.0
14843,2121,2001,0,0,0.0
14844,2121,2002,0,0,0.0
14845,2121,2003,2,1092,2.99
14846,2121,2004,0,0,0.0
14847,2121,2005,1,912,2.5
14848,2121,2006,0,0,0.0
14849,2121,2007,2,591,1.62
14850,2121,2008,2,825,2.26
14851,2121,2009,0,0,0.0
14852,2121,2010,2,778,2.13
14853,2121,2011,1,304,0.83
14854,2121,2012,1,352,0.96
14855,2121,2013,30,9875,27.05
14856,2121,2014,19,6875,18.84
14857,2121,2015,21,7837,21.47
14858,2121,2016,36,9763,26.75
14859,2121,2017,56,17568,48.13
14860,2121,2018,52,17687,48.46
14861,2121,2019,75,22685,62.15
14862,2121,2020,24,7749,21.23
14863,2121,2021,27,6935,19.0
14864,2121,2022,22,4869,13.34
14865,2121,2023,25,6302,17.27
14866,2121,2024,48,11341,31.07
14867,2121,2025,60,22770,62.38
14868,2122,2010,2,672,1.84
14869,2122,2011,0,0,0.0
14870,2122,2012,0,0,0.0
14871,2122,2013,0,0,0.0
14872,2122,2014,0,0,0.0
14873,2122,2015,0,0,0.0
14874,2122,2016,0,0,0.0
14875,2122,2017,0,0,0.0
14876,2122,2018,1,52,0.14
14877,2122,2019,39,12098,33.15
14878,2122,2020,45,15127,41.44
14879,2122,2021,56,15732,43.1
14880,2122,2022,78,21734,59.55
14881,2122,2023,72,24870,68.14
14882,2122,2024,85,28745,78.75
14883,2122,2025,131,42168,115.53
14884,2123,2018,151,64157,175.77
14885,2123,2019,183,62435,171.05
14886,2123,2020,131,44912,123.05
14887,2123,2021,87,31410,86.05
14888,2123,2022,59,19447,53.28
14889,2123,2023,15,5190,14.22
14890,2123,2024,52,15390,42.16
14891,2123,2025,47,12815,35.11
14892,2124,2010,20,7254,19.87
14893,2124,2011,26,8708,23.86
14894,2124,2012,40,15526,42.54
14895,2124,2013,33,12157,33.31
14896,2124,2014,25,8186,22.43
14897,2124,2015,19,6589,18.05
14898,2124,2016,22,7024,19.24
14899,2124,2017,28,10861,29.76
14900,2124,2018,14,6090,16.68
14901,2124,2019,24,8337,22.84
14902,2124,2020,11,4089,11.2
14903,2124,2021,23,7390,20.25
14904,2124,2022,12,4074,11.16
14905,2124,2023,53,18547,50.81
14906,2124,2024,83,29485,80.78
14907,2124,2025,109,37777,103.5
14908,2125,2025,2,559,1.53
14909,2126,2019,1,528,1.45
14910,2126,2020,0,0,0.0
14911,2126,2021,17,8076,22.13
14912,2126,2022,18,8046,22.04
14913,2126,2023,21,9075,24.86
14914,2126,2024,26,10089,27.64
14915,2126,2025,44,17266,47.3
14916,2127,2024,6,3784,10.37
14917,2127,2025,37,18559,50.85
14918,2128,2021,76,32010,87.7
14919,2128,2022,73,30479,83.5
14920,2128,2023,81,28093,76.97
14921,2128,2024,88,30640,83.95
14922,2128,2025,113,43701,119.73
14923,2129,2015,1,384,1.05
14924,2129,2016,0,0,0.0
14925,2129,2017,0,0,0.0
14926,2129,2018,0,0,0.0
14927,2129,2019,0,0,0.0
14928,2129,2020,1,448,1.23
14929,2129,2021,34,12805,35.08
14930,2129,2022,92,36655,100.42
14931,2129,2023,79,31744,86.97
14932,2129,2024,60,21696,59.44
14933,2129,2025,57,23036,63.11
14934,2130,2022,1,1033,2.83
14935,2130,2023,34,12584,34.48
14936,2130,2024,41,18154,49.74
14937,2130,2025,39,16025,43.9
14938,2131,2020,103,34968,95.8
14939,2131,2021,127,42988,117.78
14940,2131,2022,80,25994,71.22
14941,2131,2023,60,18835,51.6
14942,2131,2024,100,30417,83.33
14943,2131,2025,92,31786,87.08
14944,2132,2012,21,9405,25.77
14945,2132,2013,38,16389,44.9
14946,2132,2014,39,14366,39.36
14947,2132,2015,41,15116,41.41
14948,2132,2016,46,16772,45.95
14949,2132,2017,31,12438,34.08
14950,2132,2018,54,20044,54.92
14951,2132,2019,59,20768,56.9
14952,2132,2020,63,22355,61.25
14953,2132,2021,57,21211,58.11
14954,2132,2022,60,22415,61.41
14955,2132,2023,64,23809,65.23
14956,2132,2024,76,29518,80.87
14957,2132,2025,80,29726,81.44
14958,2133,2025,138,59461,162.91
14959,2134,2002,1,130,0.36
14960,2134,2003,0,0,0.0
14961,2134,2004,1,155,0.42
14962,2134,2005,1,320,0.88
14963,2134,2006,2,384,1.05
14964,2134,2007,3,937,2.57
14965,2134,2008,4,1847,5.06
14966,2134,2009,7,2555,7.0
14967,2134,2010,8,2236,6.13
14968,2134,2011,9,2637,7.22
14969,2134,2012,7,2672,7.32
14970,2134,2013,7,2873,7.87
14971,2134,2014,9,2651,7.26
14972,2134,2015,4,1831,5.02
14973,2134,2016,5,1330,3.64
14974,2134,2017,9,2555,7.0
14975,2134,2018,81,25123,68.83
14976,2134,2019,69,20398,55.88
14977,2134,2020,143,40611,111.26
14978,2134,2021,108,33348,91.36
14979,2134,2022,140,40814,111.82
14980,2134,2023,140,49112,134.55
14981,2134,2024,134,44895,123.0
14982,2134,2025,117,44360,121.53
14983,2135,2025,85,28062,76.88
14984,2136,2015,8,2679,7.34
14985,2136,2016,7,2719,7.45
14986,2136,2017,2,520,1.42
14987,2136,2018,11,3783,10.36
14988,2136,2019,17,5471,14.99
14989,2136,2020,22,7024,19.24
14990,2136,2021,20,6260,17.15
14991,2136,2022,11,3487,9.55
14992,2136,2023,10,3264,8.94
14993,2136,2024,5,1374,3.76
14994,2136,2025,89,29546,80.95
14995,2137,2022,13,4704,12.89
14996,2137,2023,34,12001,32.88
14997,2137,2024,62,22950,62.88
14998,2137,2025,56,19259,52.76
